arm,epoch,seed,origin,rmse,mae,smape,bias
exog-future+L720,1,0,41641,89.01392421801769,56.79408222148655,47.31989464472412,-20.86293730470398
exog-future+L720,1,0,41665,124.5371072963584,84.60819517212511,52.472152929552486,-56.70329493326378
exog-future+L720,1,0,41689,140.75050825593036,103.5608167045392,58.23318165813821,-85.56781446484756
exog-future+L720,1,0,41713,145.8517920779095,113.20045283509457,64.85997445351477,-102.78929102071436
exog-future+L720,1,0,41737,154.26051477137264,118.542848782465,86.33740695770324,-108.6688740780535
exog-future+L720,1,0,41761,137.37843486816888,104.5916077391118,96.1339980816608,-97.99880264039166
exog-future+L720,1,0,41785,134.54760296959682,98.7176314651303,96.24412840277702,-92.66127670940976
exog-future+L720,1,0,41809,103.87826712041816,71.1026401425265,94.78101877309248,-59.32949177144439
exog-future+L720,1,0,41833,72.5463437166399,49.17187160083224,86.79228923147154,-15.068217357394037
exog-future+L720,1,0,41857,43.50915698835392,32.85034678455358,78.97633162790922,12.598541168445758
exog-future+L720,1,0,41881,49.60662103376253,36.68431838429555,66.95450712734397,7.48574409585289
exog-future+L720,1,0,41905,80.26683080752132,52.02908917465936,57.07693908285717,-21.727546436018685
exog-future+L720,1,0,41929,79.72964854679887,52.96984753328768,49.549224378215264,-27.20736634024581
exog-future+L720,1,0,41953,77.81936170048722,52.06042425924577,48.93475584175179,-23.588018396863443
exog-future+L720,1,0,41977,78.1299471246149,57.31441981115363,43.52954177689439,-13.248716945393385
exog-future+L720,1,0,42001,78.68262932387513,59.31954806610354,40.31949829673692,-11.325804933922043
exog-future+L720,1,0,42025,87.97251097205947,69.97106547614801,43.64452147085674,-20.043232730487045
exog-future+L720,1,0,42049,113.38963415082836,89.40524160138825,49.03294249714015,-33.44647129610536
exog-future+L720,1,0,42073,108.37432709891064,83.95927809446525,68.66959107983132,-25.556125772813218
exog-future+L720,1,0,42097,105.29597870876222,80.28486939466273,77.20458328740959,-18.47287631869913
exog-future+L720,1,0,42121,96.96727807946829,73.6853099869927,66.63309004114491,-14.580853028765608
exog-future+L720,1,0,42145,86.31744079850685,61.8079157132084,57.22180668957898,-20.18886601753748
exog-future+L720,1,0,42169,83.8588217403672,55.31795828297415,53.44513451153319,-31.60548778845764
exog-future+L720,1,0,42193,74.45259453221927,49.28063152400885,52.72976223676302,-12.922666345779968
exog-future+L720,1,0,42217,55.86140760831145,41.48570371541861,62.636971069233184,25.16649687803395
exog-future+L720,1,0,42241,46.516823117914434,35.76932949097345,58.178539099630825,31.13974697649516
exog-future+L720,1,0,42265,60.04816764875722,48.47416835000024,72.4940839830474,44.68405017438057
exog-future+L720,1,0,42289,54.41907045041494,43.62900268328559,63.2584550719638,39.94325040997151
exog-future+L720,1,0,42313,63.1935877598609,52.14502694995296,75.4868646654853,40.28136673749517
exog-future+L720,1,0,42337,74.50032050080486,58.59882067709333,90.28142542406376,56.23990783234897
exog-future+L720,1,0,42361,87.63930146539224,73.23951319762644,106.32227128589189,71.50114609886256
exog-future+L720,1,0,42385,91.56276337814748,81.30166210710563,108.10402257306788,80.83481840162673
exog-future+L720,1,0,42409,90.45071367451668,82.74334075900121,97.9430951486069,82.20213877564605
exog-future+L720,1,0,42433,77.24235524104127,68.95401674864557,83.14366958184198,68.26886208597986
exog-future+L720,1,0,42457,71.41760079664135,64.87625124313139,90.77910642744204,62.13881960697857
exog-future+L720,1,0,42481,80.54505710901445,72.91385765866369,106.21449460292432,72.00813338065532
exog-future+L720,1,0,42505,76.38717435478607,69.03667139365717,98.62365003852544,68.03507309371876
exog-future+L720,1,0,42529,59.79803444646728,49.86147596108989,84.9962430874846,48.64204454392075
exog-future+L720,1,0,42553,58.77817177379303,45.651206099632,78.37300174921566,25.97516041847576
exog-future+L720,1,0,42577,58.50463088966203,43.17370732320691,76.502602464663,8.526322992688034
exog-future+L720,1,0,42601,57.11942792248,41.26290970493706,87.06499336697023,3.1711368569452363
exog-future+L720,1,0,42625,52.62901685152497,39.13596497334717,80.82164052752329,3.78957980452384
exog-future+L720,1,0,42649,74.2005819783757,55.62534875329233,60.98252021481896,-15.452664576923796
exog-future+L720,1,0,42673,90.82647027529502,73.06276405881601,60.82477341024569,-38.15964187747559
exog-future+L720,1,0,42697,96.053386602207,77.36623469897006,57.100077464214905,-49.36124139410671
exog-future+L720,1,0,42721,90.0677834324092,72.30426729245269,63.40806211431207,-33.14479739005307
exog-future+L720,1,0,42745,86.37324047026702,69.28586633276669,56.99131328734516,-22.571166918779635
exog-future+L720,1,0,42769,90.64717652425696,73.33286408895137,52.2024253523542,-29.70171363558449
exog-future+L720,1,0,42793,96.58057329964396,77.13427007351851,50.96700882701969,-40.86217854979519
exog-future+L720,1,0,42817,92.15365011307716,67.86669841785046,44.61265241046484,-35.53122397954913
exog-future+L720,1,0,42841,84.17241949101253,56.13768026623949,49.73937835782084,-12.144398944102234
exog-future+L720,1,0,42865,76.97258047908802,52.36702744923111,50.495266712517406,-1.7622415472742323
exog-future+L720,1,0,42889,87.3154053510728,60.30480973613346,45.46688042743006,-24.567371038566375
exog-future+L720,1,0,42913,92.14660821752148,64.72660563912338,59.22985553584815,-38.97231914209394
exog-future+L720,1,0,42937,93.58187374411156,61.32444554613994,82.44771393711163,-48.52028619345902
exog-future+L720,1,0,42961,89.04688683121219,56.9110213702441,92.7029122378314,-47.571091210698974
exog-future+L720,1,0,42985,74.00129359140658,47.51636445919925,99.84429885440753,-29.060485670027976
exog-future+L720,1,0,43009,59.94113914219872,40.46017841077438,108.11808481073548,-21.87936801855796
exog-future+L720,1,0,43033,38.94806554876005,25.73402792865395,120.18736212395748,-16.500424165133524
exog-future+L720,1,0,43057,29.409103331899367,20.32543969101096,100.3709684340485,-0.9204618630200108
exog-future+L720,1,0,43081,26.534913232244048,19.950297463349617,99.3330804336934,1.5647932517997585
exog-future+L720,1,0,43105,31.72716255115479,24.44856987877684,92.64912879437613,3.44444354384967
exog-future+L720,1,0,43129,67.63600683582494,44.30159266548149,77.8505491889608,-16.42853969056026
exog-future+L720,1,0,43153,91.70975412608284,63.571970741334326,76.31188121185775,-9.598851546589122
exog-future+L720,1,0,43177,81.66749086565854,56.25727001404121,73.59790279858123,-15.71889986308427
exog-future+L720,1,0,43201,82.83737261731903,59.09197548671912,83.60019539329213,-6.280609424835437
exog-future+L720,1,0,43225,87.29753230610415,69.29581043872362,86.36623742836682,12.963132218349855
exog-future+L720,1,0,43249,83.20483781807444,67.28259460010744,80.70663598259289,12.572380384797489
exog-future+L720,1,0,43273,85.54808499215655,66.33892159556149,81.41794672273116,0.2892335942720262
exog-future+L720,1,0,43297,74.95017683249762,64.44870126642903,101.65403579226653,38.80446589966779
exog-future+L720,1,0,43321,70.16717207566346,62.34804408248393,102.0708812118616,45.72914820718776
exog-future+L720,1,0,43345,63.89269126397576,52.47927005554776,82.25123287016474,31.013309378263337
exog-future+L720,1,0,43369,66.93045846877394,54.34022578065992,80.00219324920363,20.96613635710695
exog-future+L720,1,0,43393,56.43110124939434,48.44914720347062,85.18210677584635,17.108314854366647
exog-future+L720,1,0,43417,53.921892905415206,47.05229200196252,94.15326292629908,23.933619664267976
exog-future+L720,1,0,43441,50.72965848281135,45.60064129616895,85.82856450747559,30.46516902909076
exog-future+L720,1,0,43465,45.231218699001,37.86299502963701,65.343006509141,14.973169043928278
exog-future+L720,1,0,43489,49.69136731536399,42.77614858552878,79.62701176321339,25.66390404600867
exog-future+L720,2,0,41641,87.11753984360647,57.29161806051184,48.8164915265467,-16.597323528607543
exog-future+L720,2,0,41665,123.27917413588972,85.07921318815474,54.59606962233412,-52.63186462698619
exog-future+L720,2,0,41689,137.0838599800155,101.79460657307642,59.18211052385384,-80.05662225909609
exog-future+L720,2,0,41713,142.15253968816253,110.88903909047644,64.9037010967583,-97.47848719538923
exog-future+L720,2,0,41737,147.8163342083498,111.90421543208376,82.90971607687587,-102.2626214620969
exog-future+L720,2,0,41761,135.03065978707667,102.3531748508209,94.0244226652568,-94.73579338533298
exog-future+L720,2,0,41785,131.26645406219706,96.4606281874906,95.22172979069296,-88.27211554212215
exog-future+L720,2,0,41809,101.36143251048752,69.93829322374043,93.65774010449458,-55.53295607868536
exog-future+L720,2,0,41833,69.77846024823772,48.18225139750561,86.83733627935459,-13.173232648995077
exog-future+L720,2,0,41857,44.96133842742732,33.770121505690724,81.74347166485624,14.22648514723952
exog-future+L720,2,0,41881,49.50441681298415,38.06735265499498,68.44675729819178,11.968144257657167
exog-future+L720,2,0,41905,79.24120492105371,52.536630078284304,56.33653823877864,-17.18130969170309
exog-future+L720,2,0,41929,78.30778960882822,52.4777768498256,48.99269043157729,-23.159017294195703
exog-future+L720,2,0,41953,77.16415808873161,52.15317672757743,48.408182860602295,-20.6782330057695
exog-future+L720,2,0,41977,79.25360048160253,58.96746915715812,44.81548734036517,-9.183100050898426
exog-future+L720,2,0,42001,79.92358938736592,61.10001018723105,41.2735061185975,-6.79606513001686
exog-future+L720,2,0,42025,88.52294146762647,71.80785323014801,44.73076016384296,-15.773311434687198
exog-future+L720,2,0,42049,113.33869386896392,90.2800889320549,50.05776089114317,-30.676174619775534
exog-future+L720,2,0,42073,105.83591809926898,83.56267048769017,66.59931238816166,-18.523281141456827
exog-future+L720,2,0,42097,106.10796632128464,81.08264757797066,75.55723268634928,-14.93609899405197
exog-future+L720,2,0,42121,103.80638197198608,79.30816119414531,71.03003829274154,-13.941425329780754
exog-future+L720,2,0,42145,84.8291888394935,61.99947931631786,55.32283884995383,-16.114530993869185
exog-future+L720,2,0,42169,82.38225472056217,55.749115717744,54.10004998314047,-26.96291149330346
exog-future+L720,2,0,42193,74.30405044955938,50.2326086598078,51.96727869382413,-9.270740536051298
exog-future+L720,2,0,42217,58.22228398137421,44.36381552698534,62.93649353504802,29.699556917709213
exog-future+L720,2,0,42241,52.431297668092206,41.24854446070296,61.710989072898016,37.42741233903004
exog-future+L720,2,0,42265,68.82367539734129,55.05278778547046,72.09618220931357,52.36344350638397
exog-future+L720,2,0,42289,55.65430560788094,44.453600826998354,61.8962062993425,40.88964223232031
exog-future+L720,2,0,42313,69.49784533299909,56.699233745711936,77.08757004025712,46.98780664657732
exog-future+L720,2,0,42337,76.18158312739527,61.81652225688084,95.3541416322364,60.13968229416758
exog-future+L720,2,0,42361,91.61350017910712,77.51086338077373,107.04017125224254,76.64651401537826
exog-future+L720,2,0,42385,96.80687674302916,86.79959976341127,111.47056176196162,86.63013885055663
exog-future+L720,2,0,42409,95.54588910019662,88.04047548061065,100.66013566646473,87.81708168232477
exog-future+L720,2,0,42433,82.23203052035734,74.52649167434507,86.27815705467903,74.20394384863168
exog-future+L720,2,0,42457,76.22902755745204,69.68778175021194,93.73386962552571,67.65268008006032
exog-future+L720,2,0,42481,85.01110610289537,77.7260278763724,109.46498836283013,76.97218547249703
exog-future+L720,2,0,42505,81.16061553059151,73.74802346881772,102.02082552502183,72.9147372918106
exog-future+L720,2,0,42529,63.80720492020621,53.37938618397871,87.82368450936143,52.12694087491737
exog-future+L720,2,0,42553,59.59646330123461,47.19963722589669,79.00840070723802,29.700265860260703
exog-future+L720,2,0,42577,58.84044794351819,45.48449464857773,79.31147668269544,13.391569972393112
exog-future+L720,2,0,42601,57.02002206449893,44.578650997336496,87.28493525712526,12.337565161122283
exog-future+L720,2,0,42625,52.34440538053552,40.72625888955712,84.36550873245649,7.51820358875248
exog-future+L720,2,0,42649,71.02178385869036,55.37880908033001,61.90625113104377,-8.828781361620113
exog-future+L720,2,0,42673,88.64475509525543,73.47800773457368,62.35748049999385,-33.09687707546504
exog-future+L720,2,0,42697,95.51335037790358,79.27439931866189,60.53107605600471,-44.967363395180726
exog-future+L720,2,0,42721,89.30550720814807,73.27073527243508,64.99421575751376,-29.23977362182473
exog-future+L720,2,0,42745,83.67495272500261,68.53219926218372,56.565034003723135,-17.20390906308784
exog-future+L720,2,0,42769,89.35448413445312,73.30056384347124,52.67887172173089,-25.02065996918737
exog-future+L720,2,0,42793,94.20135921150728,76.28215144237171,51.23266330139011,-34.57633886466679
exog-future+L720,2,0,42817,89.29438292865137,66.82929427336822,45.10995778752203,-29.8477651707716
exog-future+L720,2,0,42841,82.37004940003054,57.676935265139655,51.68141500896242,-5.721544218360813
exog-future+L720,2,0,42865,76.5587352650817,53.71784035574274,50.86061183766573,3.9721824783572592
exog-future+L720,2,0,42889,85.97219832163445,60.97181125866553,46.67164168621805,-18.40692726104235
exog-future+L720,2,0,42913,88.48259053021064,62.71559145943754,57.180759375696255,-33.56168235710698
exog-future+L720,2,0,42937,90.18770407551916,59.28594455392917,79.70652062032893,-43.92640130331523
exog-future+L720,2,0,42961,85.59930434041857,54.82758203182017,88.3351392911969,-41.14853727798476
exog-future+L720,2,0,42985,62.886874269948926,41.94929411797074,97.0306175193956,-23.976142042829697
exog-future+L720,2,0,43009,57.65831031165315,38.7642358880781,96.49716837406646,-19.734611106887726
exog-future+L720,2,0,43033,55.34667777872127,34.937114803811696,122.7830687093334,-28.81764632273056
exog-future+L720,2,0,43057,37.65364456015112,26.617230433832656,114.23249050888153,-3.428730329297378
exog-future+L720,2,0,43081,27.747319310800364,20.915709236973093,89.68125377859764,4.998054449183069
exog-future+L720,2,0,43105,36.07292059718845,27.83670059404613,93.61937114819564,13.465412629478733
exog-future+L720,2,0,43129,75.22149974493773,53.72991476279884,103.16387966120624,10.854142905034198
exog-future+L720,2,0,43153,80.5716233842964,61.09748333163067,82.32166944602746,7.195078280410839
exog-future+L720,2,0,43177,80.4587225667327,56.60817538356852,68.45929826800929,-8.700216329767283
exog-future+L720,2,0,43201,82.23503134523712,60.871324619982566,83.13392580675823,0.0591856752032851
exog-future+L720,2,0,43225,90.63686874479176,72.54156643412091,87.55462783109019,18.117755288643725
exog-future+L720,2,0,43249,83.53932738892495,69.44651837228635,83.2152716286572,19.56987189651998
exog-future+L720,2,0,43273,84.51289469781463,67.86434427779757,82.35351815669209,6.526010542786453
exog-future+L720,2,0,43297,76.91250317406406,67.6242895759487,104.355901940591,44.62850825378078
exog-future+L720,2,0,43321,74.90323444004827,67.69313543442706,105.67442822994182,53.57952616135444
exog-future+L720,2,0,43345,64.02748615298985,54.31489603359285,84.87260921685576,37.677683238825566
exog-future+L720,2,0,43369,67.61053658939058,55.95825221085815,80.78242418284005,27.939759317075207
exog-future+L720,2,0,43393,57.27467697703799,49.66179072109461,86.57669732682345,22.329349824087075
exog-future+L720,2,0,43417,55.472950915264576,49.67042077219584,97.383707446139,31.38255721562115
exog-future+L720,2,0,43441,53.59046729294288,48.75652539543459,88.82948030680753,35.477073898476114
exog-future+L720,2,0,43465,46.14716322755269,39.75894625371353,68.61655075491423,20.390667413469536
exog-future+L720,2,0,43489,52.94830258173077,45.972593036801335,83.35559883050259,31.734599378017197
exog-future+L720,3,0,41641,87.5661930328962,56.2772657882504,47.96103248397637,-20.102396248125164
exog-future+L720,3,0,41665,124.07587265894315,85.02298392012615,55.31645675005922,-55.34378496376729
exog-future+L720,3,0,41689,138.11573782620644,102.0215136272929,58.86280996803889,-82.2790964248877
exog-future+L720,3,0,41713,143.5740714762715,111.65252772487383,64.73070084862161,-99.88701632315625
exog-future+L720,3,0,41737,149.61850630152958,113.77345150553109,85.71804749412256,-104.94862763659368
exog-future+L720,3,0,41761,136.81229947725708,103.97391789059331,95.32768712888844,-97.28176930558104
exog-future+L720,3,0,41785,132.93647046748202,97.50101993054344,94.94398818869168,-90.31489067156087
exog-future+L720,3,0,41809,102.56290528301616,70.48491314964853,96.39295415260428,-56.9953660776744
exog-future+L720,3,0,41833,68.93379915489531,47.1305506582744,89.74936367750085,-15.193879157525211
exog-future+L720,3,0,41857,43.11093972681353,32.018085027661385,81.65725386097199,11.059405377465811
exog-future+L720,3,0,41881,47.82350152240332,35.86295050183246,66.41592320701925,8.63245063161889
exog-future+L720,3,0,41905,79.2393436566317,51.44857477399124,57.64523280181277,-19.23455592386908
exog-future+L720,3,0,41929,78.20059998236547,51.38161965301558,48.02547896459408,-25.632147653850662
exog-future+L720,3,0,41953,76.07696642105603,51.07829966327275,48.40196955125251,-22.39019123831627
exog-future+L720,3,0,41977,80.01502308035194,59.05279659899999,44.520415379049794,-11.577243396250251
exog-future+L720,3,0,42001,81.24184608817554,62.2628589004604,41.94132640518391,-7.692226234982952
exog-future+L720,3,0,42025,89.2851051320228,71.80768509763145,44.733957666500245,-17.706958049556274
exog-future+L720,3,0,42049,113.4055129774239,90.13784656010078,49.98688635795544,-31.85912033069015
exog-future+L720,3,0,42073,105.98518412018645,82.96547450744877,66.25132288179792,-20.92282171802921
exog-future+L720,3,0,42097,105.78180685565286,80.53984926101,77.22791155246641,-16.50950124413026
exog-future+L720,3,0,42121,103.94724029911116,79.64942302751764,73.91565454646883,-14.940653587249498
exog-future+L720,3,0,42145,85.50925448917391,61.72651550698457,57.25762517333855,-18.512738620935792
exog-future+L720,3,0,42169,82.23315807031415,56.02892566513635,55.22491955223382,-28.22056240062821
exog-future+L720,3,0,42193,74.58536767417367,49.38045934692428,52.299760746046296,-12.013612299987017
exog-future+L720,3,0,42217,57.88415692988906,43.52322632413844,64.21878675306529,27.646451311284
exog-future+L720,3,0,42241,58.66660465417641,43.85624282849922,64.14233532614084,32.831030363792266
exog-future+L720,3,0,42265,65.1778557608753,51.97640060384468,73.1081436423226,47.97862819891164
exog-future+L720,3,0,42289,55.2682631551377,44.3479117865104,63.13101944422444,40.55123861543888
exog-future+L720,3,0,42313,66.36323921285495,54.74501175930124,75.73707370683994,44.116649405928285
exog-future+L720,3,0,42337,73.63138711710577,58.84681121542787,92.54826311611168,57.21738741606781
exog-future+L720,3,0,42361,88.76742103940043,74.38385079753475,105.81597883927726,73.10755135851696
exog-future+L720,3,0,42385,94.03464437141548,83.53886112517412,109.33838938702192,83.28735174924135
exog-future+L720,3,0,42409,92.47126512288266,84.52415730882987,98.9115466686566,84.29905195719903
exog-future+L720,3,0,42433,75.51191791282719,67.69367327625058,82.8825063145691,66.99053852561386
exog-future+L720,3,0,42457,72.95888017284999,66.24646255413654,92.16461200636586,63.90742722536858
exog-future+L720,3,0,42481,81.72029097902922,74.51458936365177,107.54761999696244,73.86074101092488
exog-future+L720,3,0,42505,78.18307021508399,70.54606696281508,99.56122679047984,69.74224581657315
exog-future+L720,3,0,42529,61.31313685446878,50.61876319835272,84.5983951834181,49.25180640236968
exog-future+L720,3,0,42553,58.2976614949592,45.30680472704904,76.91446387332998,26.216882694474982
exog-future+L720,3,0,42577,57.4352598679354,44.44369573016771,81.3462144473902,10.945152792745256
exog-future+L720,3,0,42601,55.901467794935975,45.26369032266843,91.58773566007874,15.608996130389638
exog-future+L720,3,0,42625,51.510270689995565,38.09877257631514,81.40124165814642,3.0836590306907614
exog-future+L720,3,0,42649,70.26427868738189,52.68377962962065,57.803834541632426,-13.685352607612217
exog-future+L720,3,0,42673,88.9825959111906,72.22148253001686,59.99303650403629,-36.36369134086548
exog-future+L720,3,0,42697,94.84601055327948,77.50918638720108,58.1195376447812,-47.71175261187725
exog-future+L720,3,0,42721,89.33188276094555,71.64569653504307,62.49234646491114,-32.84683214798745
exog-future+L720,3,0,42745,83.53225770841614,66.37861154134437,53.81503711990784,-22.0626292084164
exog-future+L720,3,0,42769,89.3669766647879,71.68812047031287,50.73933819682451,-29.76146013455374
exog-future+L720,3,0,42793,94.17030699419092,74.57807593527795,48.71475797657734,-38.82898365307314
exog-future+L720,3,0,42817,90.39939603349691,66.28994570109151,43.604732641002805,-33.4370858406245
exog-future+L720,3,0,42841,82.19653689111583,55.47796168392837,49.38416467749222,-8.903889390666311
exog-future+L720,3,0,42865,76.29317659805461,52.38346638691535,50.89151951747139,0.7112104462061692
exog-future+L720,3,0,42889,85.70401456967822,60.454026516304566,45.17699294205296,-21.754925687078224
exog-future+L720,3,0,42913,89.40651818596878,62.76442671749852,58.8493326993069,-36.59308482956643
exog-future+L720,3,0,42937,91.63275904286536,60.29666309785247,82.10670871399071,-45.24998519723514
exog-future+L720,3,0,42961,87.42589677151287,55.80664488235882,92.57022153819166,-45.30832694619973
exog-future+L720,3,0,42985,63.647391834703576,42.37090372232616,100.47349461406108,-26.50589892132453
exog-future+L720,3,0,43009,58.120109252632176,38.49191370440226,105.85588468273772,-23.34641488376365
exog-future+L720,3,0,43033,56.21429649909423,35.735029606541794,131.59542569095836,-30.924549400161897
exog-future+L720,3,0,43057,36.94658462023509,26.451301764143324,126.87681706749578,-3.69940707003272
exog-future+L720,3,0,43081,26.49575023672473,19.95579509891942,98.25664733764032,1.2825323946270877
exog-future+L720,3,0,43105,50.52427636837335,36.45998531035573,112.42606662081056,20.86811260010491
exog-future+L720,3,0,43129,74.07655389942606,53.02150070985046,109.75537150077692,6.910062714825817
exog-future+L720,3,0,43153,80.09715136172089,61.67372336338739,101.79043625619111,5.8431735295334
exog-future+L720,3,0,43177,81.0960697261838,54.27091153461166,69.6627428555825,-16.18788634703819
exog-future+L720,3,0,43201,81.82358133691245,58.07104015866348,83.22261053883308,-6.568481201608631
exog-future+L720,3,0,43225,90.96160687556086,70.40135024984433,86.02535832776701,10.982405862306283
exog-future+L720,3,0,43249,83.92017121011837,68.33743849168057,81.76026855519521,13.66221340836654
exog-future+L720,3,0,43273,83.3563824721359,65.03781190328213,79.40277340692012,2.036010592807705
exog-future+L720,3,0,43297,75.05849752428855,65.00591986140341,102.99401432507354,39.33495474840081
exog-future+L720,3,0,43321,70.66073326035128,62.75940645310863,102.5906027772384,47.305966210950885
exog-future+L720,3,0,43345,59.89923360228371,50.171070645178936,81.79688516613484,30.468833766545057
exog-future+L720,3,0,43369,65.89543714666144,53.81660040635455,76.08163935589988,22.188749545442164
exog-future+L720,3,0,43393,55.73381586739374,47.5697408730632,84.35451765284189,16.004978181460967
exog-future+L720,3,0,43417,53.4928287676744,46.88246909661925,95.01319501393624,25.029761418970708
exog-future+L720,3,0,43441,49.19111187877472,43.78311664479166,84.43728011882668,29.513541843051183
exog-future+L720,3,0,43465,45.545316981326046,38.91994147080923,67.62825576556818,15.617763630864667
exog-future+L720,3,0,43489,49.89186627767908,43.209309994302885,80.80977679078929,26.874477094546386
exog-future+L720,4,0,41641,88.22658800309969,56.48998174117276,47.71908805240863,-21.018352065556343
exog-future+L720,4,0,41665,123.84739672877096,84.9864165771614,55.56921677329263,-55.20587220025012
exog-future+L720,4,0,41689,137.48663783684793,102.11178068870348,59.71868118018615,-81.79830390908245
exog-future+L720,4,0,41713,143.37286723620304,111.76227207170484,65.25263342089305,-100.08076182382788
exog-future+L720,4,0,41737,148.40248381448282,112.5049460236955,84.39849212738265,-103.72857595655653
exog-future+L720,4,0,41761,135.99593818428363,103.29507566101444,95.06182155838262,-96.95388053917878
exog-future+L720,4,0,41785,132.10579137456858,96.79280238805138,95.03491388597529,-89.56274816826831
exog-future+L720,4,0,41809,102.1183376877517,70.05447501397681,95.52940354179,-56.40335537982659
exog-future+L720,4,0,41833,68.43177871086361,46.848203746422506,88.30835216221055,-14.606701744544072
exog-future+L720,4,0,41857,43.15521926327724,31.947294611759496,78.90073317422507,11.873575485574127
exog-future+L720,4,0,41881,48.77261450891428,36.792920110769856,67.57613299430898,9.418365797461252
exog-future+L720,4,0,41905,79.4169418774445,51.99834864140024,56.8708916833866,-17.068965628374787
exog-future+L720,4,0,41929,78.77298531254417,52.05727113306654,49.00720465411217,-24.95579652455414
exog-future+L720,4,0,41953,76.54909219610443,50.558248951709714,47.18875639889144,-23.36617067017807
exog-future+L720,4,0,41977,80.14230751772719,59.57510008577455,44.73390920856798,-9.693000258947784
exog-future+L720,4,0,42001,81.46796615993526,62.29734284301541,42.02239894069341,-7.951151482654947
exog-future+L720,4,0,42025,89.32305728373613,71.60042139895725,44.762002080165416,-18.198960067403338
exog-future+L720,4,0,42049,114.0635939640361,91.12648853412986,50.31096394456134,-30.057512080785948
exog-future+L720,4,0,42073,107.18052510020728,84.10146711461786,65.95448415111045,-18.08587936969488
exog-future+L720,4,0,42097,105.30199722722476,79.97069022692246,77.13804218219919,-17.575121503408802
exog-future+L720,4,0,42121,104.8108591196086,80.12238688507051,72.72052192257664,-15.052226595619112
exog-future+L720,4,0,42145,86.39416346874339,62.39364045851183,57.8457217057044,-18.509041580522357
exog-future+L720,4,0,42169,81.23608561362391,55.24034414145875,54.70247718369477,-27.92127498312656
exog-future+L720,4,0,42193,74.43869866544937,50.81575736763216,54.08630323733832,-9.78336809991126
exog-future+L720,4,0,42217,58.03045084611849,44.39182086751489,64.95872575484837,29.279159520045795
exog-future+L720,4,0,42241,57.25554768727508,43.27938912940004,61.12238200974131,34.26369408066276
exog-future+L720,4,0,42265,66.49828079788885,53.41822199327508,70.3632667823619,49.81180047554643
exog-future+L720,4,0,42289,56.231676917255456,44.344285600021536,61.52302027729996,40.81313863162062
exog-future+L720,4,0,42313,67.09156689162072,54.97631375744093,74.501532817869,44.77530780652063
exog-future+L720,4,0,42337,74.68677832435534,60.51404794968615,95.172622186871,58.65850844500655
exog-future+L720,4,0,42361,90.5965160933753,76.32935090958006,106.21565143687144,75.20842644290046
exog-future+L720,4,0,42385,96.7940898087042,85.77310594523244,110.3642097580064,85.52414748855588
exog-future+L720,4,0,42409,95.11106251204754,87.00327460247568,100.15263848013215,86.78233867181092
exog-future+L720,4,0,42433,73.02046334778221,64.88229190296215,81.06401046253924,63.37951392833495
exog-future+L720,4,0,42457,75.53425807876124,68.5239375903088,93.15123374000171,66.31853386434473
exog-future+L720,4,0,42481,85.38894835706104,77.77327449927284,108.22562102563408,76.9741889691955
exog-future+L720,4,0,42505,81.20149670425815,73.0537947528486,99.89986788560483,72.34178514358419
exog-future+L720,4,0,42529,62.13795709226596,50.98656268086885,83.2962680520969,49.71917358967327
exog-future+L720,4,0,42553,58.90440580097716,45.8448580883725,76.03549866129471,27.47810896123512
exog-future+L720,4,0,42577,57.17340903570251,43.95049844371205,78.4868468322582,11.196578939828472
exog-future+L720,4,0,42601,56.66831346003538,45.69692016377919,91.6687313559258,16.132684544598636
exog-future+L720,4,0,42625,52.4947929372972,39.857860804002094,83.19832880369275,4.899649901877434
exog-future+L720,4,0,42649,71.33849578547682,54.65164555458705,60.20151416834064,-12.471479276675623
exog-future+L720,4,0,42673,87.11615541408582,71.08353297357418,59.20163001262684,-33.1777661270088
exog-future+L720,4,0,42697,92.35577657037396,75.79494060792324,56.831890445307295,-45.34915076251697
exog-future+L720,4,0,42721,87.18548066192156,71.14160111404178,62.2335985971642,-28.50836777175323
exog-future+L720,4,0,42745,83.19775300151133,66.93183167569671,54.58490184048418,-19.70992440569854
exog-future+L720,4,0,42769,89.54512880415835,73.05228954096103,52.25181277209029,-27.50564382405924
exog-future+L720,4,0,42793,93.43060017247198,74.77654355988237,49.10144314526307,-35.55043903677257
exog-future+L720,4,0,42817,90.8915605760776,67.03354449656818,44.08239528794362,-32.50182120323395
exog-future+L720,4,0,42841,82.62684354572048,56.94144718914541,50.89475528682094,-6.776569818601412
exog-future+L720,4,0,42865,78.3600306846503,54.17740433783954,51.29373635375754,3.261509316334268
exog-future+L720,4,0,42889,86.97938789581039,61.30247516797222,43.874473847917336,-20.887009859270357
exog-future+L720,4,0,42913,87.78253065713864,63.303975136901705,59.58277690756682,-34.80728154407527
exog-future+L720,4,0,42937,90.07074182296151,59.101495470892914,81.83380302817041,-45.30256652684551
exog-future+L720,4,0,42961,86.21628360372296,54.65632796446157,85.33468209854583,-43.01584659139817
exog-future+L720,4,0,42985,62.95891047358409,42.26456693739361,98.82163467485424,-24.39779534078371
exog-future+L720,4,0,43009,57.92875583121912,38.080149269787,99.0600694652545,-22.040618752084715
exog-future+L720,4,0,43033,55.03929369738162,35.13006155293818,132.34113930414085,-30.184183946681618
exog-future+L720,4,0,43057,36.720289176650255,26.05330430666169,123.29515453895394,-2.641644015449232
exog-future+L720,4,0,43081,26.059616851573686,19.35960422201108,88.24926753068583,3.292085651426132
exog-future+L720,4,0,43105,49.60353889871159,35.604123568710534,101.93454956381886,21.419646735478054
exog-future+L720,4,0,43129,74.35765242798827,53.9435621174096,111.8313109334554,7.692316287214613
exog-future+L720,4,0,43153,82.00611149012434,63.22485753965003,102.22994836711936,7.97536041788959
exog-future+L720,4,0,43177,81.33002543203143,55.04316159211035,68.22678160296994,-12.952290422918525
exog-future+L720,4,0,43201,81.72876971272824,59.10521817548626,81.80429967144262,-3.914424766895533
exog-future+L720,4,0,43225,90.7550368855017,70.82225334644993,85.92413834214189,12.101493870102
exog-future+L720,4,0,43249,84.50453654972316,69.2668120692393,82.8454828147442,16.11708144914653
exog-future+L720,4,0,43273,83.75276584709793,65.82005185560745,80.60794487498293,2.067286343196678
exog-future+L720,4,0,43297,74.85044645059635,66.1830286955644,104.20616049189536,42.33569601892613
exog-future+L720,4,0,43321,70.10582962488418,63.07811674454969,103.2124246929126,47.65250572002302
exog-future+L720,4,0,43345,63.58171419941206,53.29636907479389,84.08104869441827,33.90256193602924
exog-future+L720,4,0,43369,66.33286686103459,54.63526819288646,78.54954820030675,25.614624843667496
exog-future+L720,4,0,43393,57.72739282683781,49.93292202912125,86.29738853843553,19.268052518658685
exog-future+L720,4,0,43417,55.63613924931631,49.78494071752039,97.81590781131592,27.899023359815548
exog-future+L720,4,0,43441,51.056935275358896,45.898549071968006,86.70711003198134,31.578171924603453
exog-future+L720,4,0,43465,47.25194161389175,40.67248573235285,68.95547337920866,18.869506251964957
exog-future+L720,4,0,43489,51.22315578876401,44.46474533914211,82.41161194500114,30.347995865890567
exog-future+L720,5,0,41641,87.50004449221933,56.11136198448271,47.43938215612938,-20.122794766681388
exog-future+L720,5,0,41665,123.81714480929388,84.79482621181089,55.97693755947274,-55.10581292474163
exog-future+L720,5,0,41689,136.73817609746342,101.45887552920588,58.298098305640224,-80.2509664046983
exog-future+L720,5,0,41713,142.91026133616162,111.08781024982736,63.98577351156279,-99.06313352582794
exog-future+L720,5,0,41737,148.46235285665853,112.53014202047768,82.31531150885854,-103.4338775329642
exog-future+L720,5,0,41761,136.39536663267225,103.65664039276396,95.55744561702356,-96.59418395076302
exog-future+L720,5,0,41785,131.85245194658208,96.85480015135488,94.51398359221145,-89.15247493623768
exog-future+L720,5,0,41809,101.639704106736,69.93794329544431,95.94931374700812,-55.84156541916119
exog-future+L720,5,0,41833,68.06127333408061,46.79142080743468,88.70419996376997,-14.214868008108956
exog-future+L720,5,0,41857,43.3817906133888,32.30785993494815,81.02609842785846,12.259880528784125
exog-future+L720,5,0,41881,49.077173398854704,36.86701859927981,68.34066842412274,9.50861227386794
exog-future+L720,5,0,41905,79.12573209475315,52.04842642777866,61.1897770904336,-17.256230195337093
exog-future+L720,5,0,41929,77.98880632550227,51.84826192931959,48.98577403643345,-24.328265792242554
exog-future+L720,5,0,41953,76.1869773740437,50.31267690057584,46.68555534208579,-22.91081960086365
exog-future+L720,5,0,41977,79.9421465351125,59.19017730540708,44.23787069499871,-9.49580000680444
exog-future+L720,5,0,42001,81.4740147001276,62.38185690494919,42.12969593511004,-7.0623658162529965
exog-future+L720,5,0,42025,89.4634038959029,71.77447668957281,44.77216586003498,-17.350443347927627
exog-future+L720,5,0,42049,114.17312062803984,91.55910799582688,50.43185524618886,-29.4655313106786
exog-future+L720,5,0,42073,109.5214953213207,85.36353880771723,66.64278105520725,-19.13085177494586
exog-future+L720,5,0,42097,107.5763647897002,81.68715760736988,77.65103850869535,-16.053002707232537
exog-future+L720,5,0,42121,104.82760430946628,80.49534642517054,72.80987411356563,-13.930722814479422
exog-future+L720,5,0,42145,85.91595793587953,62.4103518405959,58.10592373993869,-17.98970795865732
exog-future+L720,5,0,42169,81.65021363111524,56.11595152622903,54.9775208034375,-26.574882479352027
exog-future+L720,5,0,42193,75.06843872483513,50.49980231648277,53.43321525176328,-9.991825679425796
exog-future+L720,5,0,42217,58.45560833207568,44.36267647875835,64.11520949078738,29.095275008457406
exog-future+L720,5,0,42241,59.77994190411911,44.94486357654009,64.0164768538095,34.00887816595161
exog-future+L720,5,0,42265,67.64501663224652,54.59634611154675,71.13709974245143,50.76018488281063
exog-future+L720,5,0,42289,57.28102425973578,45.31894328097709,62.34862703528593,41.833445799542936
exog-future+L720,5,0,42313,67.04072721996096,55.57158440137774,76.55881810761535,45.082686906046014
exog-future+L720,5,0,42337,75.75045372391953,60.56758731547038,93.7989982239021,58.14222310017364
exog-future+L720,5,0,42361,91.48121433953747,76.50058282165264,104.90316247554463,75.456310347152
exog-future+L720,5,0,42385,96.58183079720634,86.14745992151624,110.31131427718304,85.97891368597323
exog-future+L720,5,0,42409,96.68612483659582,88.20647286872557,100.56778418356298,87.98539998460835
exog-future+L720,5,0,42433,71.96752915416872,63.29045336982501,78.71136655741702,60.69737383778007
exog-future+L720,5,0,42457,76.61666359129731,69.41285337003538,93.6109658401464,67.06755878154225
exog-future+L720,5,0,42481,84.5768727194367,77.2966378199525,107.81250006233012,76.64255353218473
exog-future+L720,5,0,42505,80.29498305795038,72.52760389957452,100.10302029341211,71.73494125079675
exog-future+L720,5,0,42529,63.08863346357703,52.28288311998034,85.60465660424687,50.78349938655273
exog-future+L720,5,0,42553,60.28356549661434,47.85730577461956,79.82673355290437,28.626682221454143
exog-future+L720,5,0,42577,56.70223955096133,43.75224079001013,78.8345484163326,11.08527782937526
exog-future+L720,5,0,42601,57.224015853132414,46.403449600984125,92.13166259355712,16.05382186264934
exog-future+L720,5,0,42625,52.83732470018394,40.02123795309084,83.11431619307422,4.88355835739067
exog-future+L720,5,0,42649,70.97854677541504,55.05338610303219,61.31864582878619,-11.157762633940004
exog-future+L720,5,0,42673,87.98555803368983,72.19401355743219,60.964230835617336,-34.89461721592278
exog-future+L720,5,0,42697,93.51041438738372,77.39030722042538,58.93354422112081,-44.87842411190438
exog-future+L720,5,0,42721,87.55023400651709,71.36036558945283,63.48833730593776,-29.61059807987656
exog-future+L720,5,0,42745,82.63521823966786,66.62162053651603,54.939462088159615,-19.77266129083147
exog-future+L720,5,0,42769,88.65395422419803,72.20035789035997,51.52917102291268,-26.19370615276309
exog-future+L720,5,0,42793,92.52440223615356,73.88197435148678,48.73351995163755,-36.23354573464108
exog-future+L720,5,0,42817,89.87197823320506,66.46699359370983,43.25977649390568,-30.560483819091072
exog-future+L720,5,0,42841,83.4425814094296,56.61601667459486,50.1659910755002,-7.862132885737426
exog-future+L720,5,0,42865,77.05850100144332,53.96754554287225,50.51256656423057,4.085085085732671
exog-future+L720,5,0,42889,85.58376658392869,60.591697042480845,44.20762866254558,-19.72392153680354
exog-future+L720,5,0,42913,88.08154850279494,62.98723932839247,59.09573632674211,-33.495114941433755
exog-future+L720,5,0,42937,90.2285782477794,59.30385486825588,81.69820170590087,-45.24766689395975
exog-future+L720,5,0,42961,86.0005853880476,54.60312515452533,88.72885030390837,-43.60091613976381
exog-future+L720,5,0,42985,62.77549594872694,41.97463102404877,97.8185673705995,-24.5873685017218
exog-future+L720,5,0,43009,57.60969592649956,37.96191610157483,99.14273913421242,-21.91955721851808
exog-future+L720,5,0,43033,55.37780704313139,34.80296622910832,127.35691207558976,-28.836575879215196
exog-future+L720,5,0,43057,37.59298641773223,26.433317954150976,124.510138436743,-3.04202200759309
exog-future+L720,5,0,43081,28.17354346171448,20.62680103019163,89.95043462701905,4.441248081758595
exog-future+L720,5,0,43105,52.19709454425416,37.66185389273247,111.82650663227992,22.935816114235784
exog-future+L720,5,0,43129,73.26046252479382,53.1680650921576,109.88265031026744,8.474346720525258
exog-future+L720,5,0,43153,82.59703221365082,64.5814776563408,103.91895675924783,7.841680996315877
exog-future+L720,5,0,43177,81.20150046239209,55.5111421507511,71.25962288116752,-13.182791532104208
exog-future+L720,5,0,43201,81.52140922537397,58.25058587562834,81.77132505491939,-5.262073447256181
exog-future+L720,5,0,43225,90.63706207718892,71.39487601675562,85.23061301842257,14.426534565495306
exog-future+L720,5,0,43249,87.85730313543134,71.5961207425413,84.05011121568087,16.954680961399596
exog-future+L720,5,0,43273,82.99674702631994,65.41439381308483,80.35881076011357,3.2188148861342323
exog-future+L720,5,0,43297,76.43697363641809,67.45491213023816,104.96780954686696,43.45158959767467
exog-future+L720,5,0,43321,71.02604737483064,64.32217531195796,104.1751303224922,49.3979676214561
exog-future+L720,5,0,43345,63.3195584846449,53.34771569569644,84.23187791507675,34.991805690825736
exog-future+L720,5,0,43369,67.83930923543663,55.55901842544464,78.20377521027673,26.76523410370554
exog-future+L720,5,0,43393,57.66584017539223,49.92369105785211,86.09691018858204,21.10080985832735
exog-future+L720,5,0,43417,55.25750707938379,48.45103538359907,95.8834557140004,27.54756382660935
exog-future+L720,5,0,43441,51.85981527445124,46.42083023831086,86.84896036986254,33.123429687016056
exog-future+L720,5,0,43465,47.21835542106878,40.71952268696662,69.84305489363894,20.60962931494964
exog-future+L720,5,0,43489,50.98776262910395,44.12642466330614,82.4580499367317,31.69628448245395
exog-future+L720,6,0,41641,87.48174011552244,55.9323895067236,47.31450857758024,-20.55072468440115
exog-future+L720,6,0,41665,123.81219670471816,84.62324364569382,55.68687737881932,-55.45103760108024
exog-future+L720,6,0,41689,136.5070935453284,101.06499297130128,57.93706559401885,-80.43667105575858
exog-future+L720,6,0,41713,143.07070194943978,111.13370127786436,63.93173229223376,-99.34598474304109
exog-future+L720,6,0,41737,148.6444394632891,112.59750391172504,82.28971471995783,-103.68444519896022
exog-future+L720,6,0,41761,136.65421977365727,103.81683768793172,95.53146380310923,-96.85233353354909
exog-future+L720,6,0,41785,132.1531114755553,97.06271364300753,94.67630975621135,-89.47401345363204
exog-future+L720,6,0,41809,101.92395951739626,70.03434217014177,96.00041445799944,-56.15557804812387
exog-future+L720,6,0,41833,68.07482078312697,46.69159734717058,88.62118688675534,-14.512744756098792
exog-future+L720,6,0,41857,43.18149995369015,32.115714141604926,81.25783912031496,11.94445220729683
exog-future+L720,6,0,41881,48.91227159948593,36.59704669378518,68.20412411449416,9.171185726496011
exog-future+L720,6,0,41905,79.34991742379549,51.21609015391283,58.51700171635476,-18.80431203623954
exog-future+L720,6,0,41929,78.46994725435871,52.40907493036037,49.75531529451367,-24.482916603934104
exog-future+L720,6,0,41953,76.32186986975282,50.33301043005282,46.65327047421696,-23.191996129312464
exog-future+L720,6,0,41977,79.95380264176418,59.07709809649505,44.13810499212956,-9.850945338144376
exog-future+L720,6,0,42001,81.53028864937036,62.33137854041208,42.107922765404574,-7.405864142528331
exog-future+L720,6,0,42025,89.50043399509748,71.70127022802704,44.73172393316247,-17.819982991245407
exog-future+L720,6,0,42049,114.0965882253142,91.45914123956273,50.37718147968141,-29.6982588353659
exog-future+L720,6,0,42073,109.25803286682086,85.09895754825448,66.52465382178107,-19.3905481296216
exog-future+L720,6,0,42097,107.48116404478924,81.56809957212556,77.7439789404654,-16.234335796667118
exog-future+L720,6,0,42121,105.07649610849302,80.28113814535577,72.60427483610464,-14.622510383634728
exog-future+L720,6,0,42145,85.88757396201527,62.220801986412816,57.91923413644394,-18.34607409840524
exog-future+L720,6,0,42169,82.31013652888431,56.24611765086339,55.84445554868645,-26.964790963129666
exog-future+L720,6,0,42193,75.29995287503228,50.52544591190709,53.57112487212493,-10.317506109163345
exog-future+L720,6,0,42217,58.232044926560526,44.0906168412786,64.05975574699949,29.03367636545394
exog-future+L720,6,0,42241,59.36236435174596,44.584627852888616,64.24361387068312,33.52483186291656
exog-future+L720,6,0,42265,67.2314906933499,54.2171716717918,71.52412764990964,50.33071244262018
exog-future+L720,6,0,42289,57.01440776452797,45.06924254538582,62.81161900882459,41.49633095923511
exog-future+L720,6,0,42313,66.7417317731815,55.2185534741768,76.29423175477838,44.63635256410599
exog-future+L720,6,0,42337,75.27453563753197,60.0449181545163,93.28174873166591,57.564360846259646
exog-future+L720,6,0,42361,90.3409917903177,75.31330052047608,104.61178228738343,74.01931239475542
exog-future+L720,6,0,42385,95.98737106746928,85.2086463158818,110.0341934493201,84.93958633050428
exog-future+L720,6,0,42409,96.17460636383508,87.67236573735248,100.32515834881455,87.43170705496843
exog-future+L720,6,0,42433,71.60922031960058,62.734037349553695,78.14233724280926,60.16771755689589
exog-future+L720,6,0,42457,76.09575714466472,68.86598170369352,93.31300991224133,66.48238503458113
exog-future+L720,6,0,42481,83.94506877985772,76.66672045452944,107.67503562943492,75.98275000791553
exog-future+L720,6,0,42505,79.48993488425377,71.65743313498679,99.65414304719484,70.82337690317671
exog-future+L720,6,0,42529,61.70693383328268,50.96016497616014,84.29178637491788,49.50364401599758
exog-future+L720,6,0,42553,59.525936154976336,47.12391868838648,78.92005814526539,27.89587279962197
exog-future+L720,6,0,42577,56.70421582977272,43.41660499638078,78.34360905776502,10.363905991002142
exog-future+L720,6,0,42601,56.8735821098906,45.80010487801561,91.44831124533958,15.011754527878598
exog-future+L720,6,0,42625,52.76606159980425,39.62199650680854,82.60110088571082,4.08518849752195
exog-future+L720,6,0,42649,71.1308792493126,54.70145077701476,60.56370766460356,-12.205412384154783
exog-future+L720,6,0,42673,88.45637155916002,72.19236861714805,60.64533928541314,-35.93645812913292
exog-future+L720,6,0,42697,94.00547611357618,77.55103711603851,58.77523929559543,-45.76717788306959
exog-future+L720,6,0,42721,87.9030580158891,71.28207591224357,63.138693609784525,-30.59333750700188
exog-future+L720,6,0,42745,82.91727331235633,66.50726457594651,54.654889968158415,-20.746206535312503
exog-future+L720,6,0,42769,89.02937137501702,72.25251426119537,51.39379548155392,-27.143884888363225
exog-future+L720,6,0,42793,92.90573345619656,73.92427889706252,48.56975922002743,-37.12571576374646
exog-future+L720,6,0,42817,89.40025122511535,66.11200068804854,43.06215672544284,-31.14863169252269
exog-future+L720,6,0,42841,83.52057857588767,56.37915284550887,49.84610408109244,-8.470823209801354
exog-future+L720,6,0,42865,76.94235622554386,53.6449956963198,50.59232599052519,3.352581292922813
exog-future+L720,6,0,42889,85.83258823257617,60.64711088382375,44.11241411464681,-20.365908563902195
exog-future+L720,6,0,42913,88.3815408688012,63.098332193873375,59.22397033769177,-34.11807517374617
exog-future+L720,6,0,42937,90.5706778678694,59.51294551498216,82.19968632511865,-45.728372397547545
exog-future+L720,6,0,42961,86.34197358462905,54.81631761980147,89.65298324074105,-44.14337238591171
exog-future+L720,6,0,42985,63.07189318386605,42.15044083069599,98.98285223120465,-25.06526669709536
exog-future+L720,6,0,43009,57.71974426691786,38.0029981978706,100.41282272484426,-22.45714023174081
exog-future+L720,6,0,43033,55.66367859599601,34.9896263274661,129.36641671812043,-29.758561507648533
exog-future+L720,6,0,43057,37.16269125088596,26.274664222448266,127.95107781988293,-3.521245195586209
exog-future+L720,6,0,43081,28.40202590777642,20.85272971263317,93.7603092073724,3.705891562821415
exog-future+L720,6,0,43105,51.43819326151773,37.178750846157214,112.32030676705789,21.955808706419468
exog-future+L720,6,0,43129,73.22992129320124,53.03336604616057,112.0663467092648,6.968360274372178
exog-future+L720,6,0,43153,82.33789747950013,64.06889661349048,103.8503192523294,6.655637885411037
exog-future+L720,6,0,43177,81.37415466648507,55.34603898848001,72.12269359361287,-14.310437879820856
exog-future+L720,6,0,43201,81.55363950072768,57.86162613626615,82.20457749021402,-6.431183742250452
exog-future+L720,6,0,43225,90.33185305875976,70.77414296417236,85.17851468539939,13.044092337838173
exog-future+L720,6,0,43249,87.19408793946556,70.42836780363173,83.32839001365471,14.665393263506612
exog-future+L720,6,0,43273,82.87779169923103,64.84408098024042,79.41932163572454,1.9938984387152805
exog-future+L720,6,0,43297,75.49159105282625,66.2794854262078,104.10856398526488,41.93561817840023
exog-future+L720,6,0,43321,70.0832812384896,63.1882387750874,103.39988484478272,47.84496378693553
exog-future+L720,6,0,43345,62.17974139031704,52.236243604659606,83.35547389548967,33.32063454215949
exog-future+L720,6,0,43369,67.6326367056861,54.85635122398728,77.1344143183111,25.231483485167967
exog-future+L720,6,0,43393,57.69946859025142,50.22306996166596,86.58285857020455,20.21007148427299
exog-future+L720,6,0,43417,54.57707776449434,47.624782213013226,95.04028252879668,25.96955872014001
exog-future+L720,6,0,43441,50.919546137544415,45.5086472554306,85.92950872200356,31.424600500120217
exog-future+L720,6,0,43465,46.67773204813865,40.071171544065336,68.67335938317648,18.407848085437124
exog-future+L720,6,0,43489,50.13572496222953,43.366186690654175,81.71676933201117,30.13528481063891
exog-future+L720,7,0,41641,87.65552788020814,56.09870009071803,47.29491542229896,-20.56187961907172
exog-future+L720,7,0,41665,123.4340808131934,84.31168523576997,55.04514625751457,-55.00716257152364
exog-future+L720,7,0,41689,136.31085316042362,101.00565061316776,57.97383391114634,-80.12674062750304
exog-future+L720,7,0,41713,142.8692139426991,110.99393454358216,63.91644592576458,-99.08263782884292
exog-future+L720,7,0,41737,148.4582967089964,112.48094857521168,82.26773388996953,-103.43492949734524
exog-future+L720,7,0,41761,137.0431259317844,104.17904318675826,95.68916769480352,-97.22788958417834
exog-future+L720,7,0,41785,132.04101342582777,96.99294992673444,94.5898810443773,-89.30723556645346
exog-future+L720,7,0,41809,101.83395506373992,69.97134962021725,95.89554819012012,-55.97401909207135
exog-future+L720,7,0,41833,67.72240952601378,46.36691886874348,88.3453341511815,-14.603130342694152
exog-future+L720,7,0,41857,43.22375290934934,32.19150737717128,81.2052458134897,12.168159808327758
exog-future+L720,7,0,41881,48.97332428073047,36.68639824892351,68.11759444469415,9.378377023402845
exog-future+L720,7,0,41905,78.76298105624595,51.833730361841845,61.04705616744246,-16.889337335069122
exog-future+L720,7,0,41929,78.72388816530093,52.580610539733016,50.36093928784913,-24.942525049290595
exog-future+L720,7,0,41953,76.05426266606251,50.48575925937974,47.2379800070006,-22.094513858319317
exog-future+L720,7,0,41977,80.34426121429723,59.89213285363619,45.18566878356744,-8.99186161899875
exog-future+L720,7,0,42001,81.60175005994452,62.56328095397722,42.24763613143255,-7.059187847296603
exog-future+L720,7,0,42025,89.55790599894743,71.76517685712646,44.79812126341984,-17.720260100562715
exog-future+L720,7,0,42049,113.89775962602673,91.4077472495632,50.40404363847939,-29.39169583130825
exog-future+L720,7,0,42073,108.14550744018858,84.52427951870696,66.67585467773726,-19.336685830738517
exog-future+L720,7,0,42097,107.2552090156488,81.4969684358982,77.81545413374603,-16.068959026297566
exog-future+L720,7,0,42121,105.54399926433284,80.60009332444073,73.14046898949898,-14.9443773150273
exog-future+L720,7,0,42145,85.79936702896545,62.20174367803544,57.95097263068724,-18.183351978999863
exog-future+L720,7,0,42169,82.45707781599644,56.01802240927336,54.95222822057946,-26.748957999083785
exog-future+L720,7,0,42193,75.23037303841764,50.56580024517991,53.63901447742616,-10.125574504479973
exog-future+L720,7,0,42217,58.31378206157052,44.20205113262447,64.16744246495179,29.18901448908501
exog-future+L720,7,0,42241,59.35075772135246,44.63791719105306,64.25808045772156,33.670850214669386
exog-future+L720,7,0,42265,67.27825784244244,54.19823032736684,71.3616649643977,50.32528829643932
exog-future+L720,7,0,42289,57.18876372304305,45.22323339243106,62.83967969242813,41.70293648777522
exog-future+L720,7,0,42313,66.87978090963807,55.330620447618216,76.39512995897827,44.812804201453694
exog-future+L720,7,0,42337,75.39350076208981,60.144897326378455,93.3817178623463,57.68918767354791
exog-future+L720,7,0,42361,90.37191019656824,75.35491828060975,104.51805368147237,74.12297607054491
exog-future+L720,7,0,42385,96.00786019159108,85.32208743614525,110.1631184763316,85.07973183016462
exog-future+L720,7,0,42409,96.26824200185536,87.75446940984111,100.36241651702942,87.5171849835089
exog-future+L720,7,0,42433,72.13650798652812,62.5296910105854,76.75224142896049,59.75241695034703
exog-future+L720,7,0,42457,76.01683763725977,68.78383668427608,93.26095432718566,66.48407139931584
exog-future+L720,7,0,42481,83.86927886384375,76.57567981661113,107.48400479607412,75.85272948677488
exog-future+L720,7,0,42505,79.44329259775046,71.60224032608411,99.54271971482716,70.76711599542729
exog-future+L720,7,0,42529,62.193376662737,51.39638113145951,84.43807289982523,49.74345030146854
exog-future+L720,7,0,42553,59.46047027934312,47.17858637244349,78.87031448278634,27.9814906791641
exog-future+L720,7,0,42577,56.64486640071882,43.35084985302823,78.18452895180415,10.33877881973234
exog-future+L720,7,0,42601,56.785219984454535,45.682961049935074,91.29936889950996,14.886674315733732
exog-future+L720,7,0,42625,52.77056897060845,39.567728679648944,82.53613523884918,3.998664229897695
exog-future+L720,7,0,42649,70.69667197119443,54.21311663395462,59.93398208018756,-12.487876471590171
exog-future+L720,7,0,42673,88.1166121781185,71.99360651215022,60.38834110193741,-35.063874958752365
exog-future+L720,7,0,42697,93.9992086464452,77.52675770489564,58.76440509916675,-45.85730841149719
exog-future+L720,7,0,42721,87.93114530125176,71.33037770614975,63.17748956691993,-30.625588157187035
exog-future+L720,7,0,42745,83.11512835561486,66.3676990950699,55.30932723062277,-22.251354322097256
exog-future+L720,7,0,42769,89.33506107043212,72.5793770290322,51.69409502365939,-27.416305035351154
exog-future+L720,7,0,42793,92.92686241777068,73.93174783383175,48.54670362771135,-37.1796261589212
exog-future+L720,7,0,42817,89.52653203379442,66.15221567073002,42.86220167538456,-31.237599442188507
exog-future+L720,7,0,42841,83.45723017025227,56.32559485533071,49.78259710562703,-8.406471470779868
exog-future+L720,7,0,42865,76.73927531381858,53.5122468344446,50.45639637462808,3.3638031606799466
exog-future+L720,7,0,42889,85.80929284260773,60.66131428996083,43.97055187070248,-20.31771887604228
exog-future+L720,7,0,42913,88.5174714773803,63.18591848979391,59.29488498296145,-34.19152339612357
exog-future+L720,7,0,42937,90.66483471137356,59.69194177907645,83.08505722936104,-45.78229280757406
exog-future+L720,7,0,42961,87.11540452496436,55.01316784288949,89.99023550366942,-44.84759963743327
exog-future+L720,7,0,42985,63.32557580894219,42.20043026167978,99.87825805666664,-25.75281442278155
exog-future+L720,7,0,43009,57.76394686107187,38.164337659473,102.82942296990032,-22.77444792926677
exog-future+L720,7,0,43033,55.63960746658609,34.982382447311785,129.43153317756548,-29.764564737434743
exog-future+L720,7,0,43057,36.52502792660693,25.73289247383473,126.40876906520997,-2.9475459289050314
exog-future+L720,7,0,43081,28.338692768821517,20.77849478348774,93.64392718106812,3.609849530744636
exog-future+L720,7,0,43105,51.09399330342013,37.23362277892633,113.33888609596109,21.30930967771001
exog-future+L720,7,0,43129,73.17839050536384,52.941637651049525,112.18123081245324,6.705669434817928
exog-future+L720,7,0,43153,82.68356917250108,64.24149046967604,103.9619370080987,5.944393891875156
exog-future+L720,7,0,43177,81.33448020873836,55.23477496794952,72.07273444175395,-14.64495027112808
exog-future+L720,7,0,43201,81.59678115272534,57.87073986598632,82.55137124659014,-6.638228866900975
exog-future+L720,7,0,43225,90.24518319874193,70.6504338099054,85.21572333869679,12.77244102984544
exog-future+L720,7,0,43249,87.06587276586872,70.20355398219326,83.16865045567701,14.297125697862336
exog-future+L720,7,0,43273,82.85607562399758,64.74955445294165,79.28317916440602,1.77933767242017
exog-future+L720,7,0,43297,75.1936320380096,65.92492620313772,103.876326827804,41.502253748448254
exog-future+L720,7,0,43321,69.93593236223921,62.97507429702292,103.239754209658,47.5115162846428
exog-future+L720,7,0,43345,63.20618364555666,53.31828737310878,84.25911849691074,33.63686009946064
exog-future+L720,7,0,43369,66.76508298328834,54.55823778217079,77.58529809154696,25.165914244969898
exog-future+L720,7,0,43393,56.72400986994976,49.51387912387169,86.08372232005698,20.23807588974636
exog-future+L720,7,0,43417,54.5531432643429,47.58292678516424,94.99211965760249,25.75734419775319
exog-future+L720,7,0,43441,50.756787939450646,45.37743404368499,85.83005146910239,31.06464110099639
exog-future+L720,7,0,43465,46.79420628460049,40.11324567870162,68.75859254904887,18.283759565495277
exog-future+L720,7,0,43489,50.04679665246061,43.235480588215125,81.68732358174238,29.89533107678412
exog-future+L720,8,0,41641,87.66732626626938,56.10577998451212,47.29339617535128,-20.62765598351036
exog-future+L720,8,0,41665,123.43888536476412,84.30779105913328,55.02094606079244,-55.03549592172114
exog-future+L720,8,0,41689,136.30340365280716,100.9891562039728,57.9716623450648,-80.1430288685592
exog-future+L720,8,0,41713,142.89029091834217,111.00152018539237,63.89737115225884,-99.12356046115254
exog-future+L720,8,0,41737,148.39480017316944,112.42061428634662,82.03167167107497,-103.3628031502555
exog-future+L720,8,0,41761,137.03435155207666,104.17358912910272,95.69084364029268,-97.21209957749036
exog-future+L720,8,0,41785,131.95348686932635,96.99240002709182,94.66350455000422,-89.17502573924742
exog-future+L720,8,0,41809,101.80176179851036,69.95666706759181,95.8894211045736,-55.95921177313527
exog-future+L720,8,0,41833,67.7159990848327,46.360803070674336,88.32588139054674,-14.588381198873009
exog-future+L720,8,0,41857,43.240891171846734,32.19970273524633,81.11798358897396,12.189139555622011
exog-future+L720,8,0,41881,49.214267797019055,36.94244484314733,68.32035812521161,9.549374036589793
exog-future+L720,8,0,41905,79.97373419597315,52.54631717516469,61.10321945002431,-16.562976224848388
exog-future+L720,8,0,41929,78.48638542859307,52.46661641223723,50.26565509274247,-24.802090931131684
exog-future+L720,8,0,41953,76.41690725468558,50.47088080506672,46.85133346857831,-22.881083746780178
exog-future+L720,8,0,41977,80.91491898138581,60.56556798819063,45.36873052492111,-8.075452065686083
exog-future+L720,8,0,42001,81.63628082453407,62.597134692632366,42.26906184551815,-7.034424875264165
exog-future+L720,8,0,42025,89.60542214517304,71.81419445122677,44.826188548574784,-17.715981891043366
exog-future+L720,8,0,42049,113.99418776499613,91.50936389359028,50.46144284443203,-29.337903866530677
exog-future+L720,8,0,42073,108.20319870159204,84.56939353417195,66.69710063821812,-19.326296047809983
exog-future+L720,8,0,42097,107.31654142038887,81.54775537120264,77.84503473339272,-16.047882591837222
exog-future+L720,8,0,42121,104.469951139862,80.04620601105951,72.6723691718832,-14.279429840037922
exog-future+L720,8,0,42145,85.80159507634416,62.21769520466522,57.982597151956064,-18.179649917561367
exog-future+L720,8,0,42169,82.0998038519656,56.0656056396177,55.695302464250126,-26.310077720666747
exog-future+L720,8,0,42193,75.25271913595518,50.59492126818592,53.65046336218978,-10.07102960260762
exog-future+L720,8,0,42217,58.33059397945982,44.22574942869422,64.15436438965752,29.239263297763276
exog-future+L720,8,0,42241,59.40785226135535,44.68391904937271,64.19482440162625,33.73781710668604
exog-future+L720,8,0,42265,67.3417954160158,54.24404772562947,71.27332681373062,50.39933926444986
exog-future+L720,8,0,42289,57.13579897372895,45.126191416053146,63.26208102446959,41.43439824115688
exog-future+L720,8,0,42313,66.93670132016564,55.38282354420023,76.465157888731,44.87421930074715
exog-future+L720,8,0,42337,75.47434360701956,60.22187566728456,93.43148541504708,57.77219700100739
exog-future+L720,8,0,42361,90.22691435815548,75.46872726468894,105.58121646130311,74.21792184349705
exog-future+L720,8,0,42385,96.17716223784244,85.49546993515523,110.26098760891163,85.25620642190556
exog-future+L720,8,0,42409,96.45045440754222,87.93603678197444,100.44725706628046,87.70466837145563
exog-future+L720,8,0,42433,73.62851197816109,64.49399128952392,78.9889492122567,61.43680355025782
exog-future+L720,8,0,42457,76.15335518829295,68.91999983921289,93.343466883989,66.63045884014039
exog-future+L720,8,0,42481,84.05714872078865,76.73430308204414,107.39173546169934,76.03337077794627
exog-future+L720,8,0,42505,79.64587327946201,71.81641017198598,99.6319073995448,70.9797796133223
exog-future+L720,8,0,42529,62.33098090432911,51.52707369473982,84.57930455684759,49.87870626491338
exog-future+L720,8,0,42553,59.56064237678367,47.2836055441136,78.97683907831995,28.1521198674804
exog-future+L720,8,0,42577,56.67048339857687,43.407397082445485,78.19761573502626,10.493496816953115
exog-future+L720,8,0,42601,56.8909296665527,45.84310003482175,91.43875912889816,15.080635418346592
exog-future+L720,8,0,42625,52.77708171773119,39.6486390158864,82.65929668225375,4.166214742711501
exog-future+L720,8,0,42649,70.66175062234241,54.27474643871968,60.0715436944617,-12.284023365225057
exog-future+L720,8,0,42673,88.03067127983533,71.99623631278341,60.44817498691772,-34.85877021976917
exog-future+L720,8,0,42697,93.87867134245052,77.47797909648112,58.78183122097133,-45.64704774169961
exog-future+L720,8,0,42721,87.85060417267941,71.34558044571688,63.25256038882966,-30.406732577800817
exog-future+L720,8,0,42745,83.10438426011326,66.32191988323336,55.24496864079279,-22.19973204043998
exog-future+L720,8,0,42769,88.99020013285066,72.23392386226206,51.415116071549896,-27.00822831629232
exog-future+L720,8,0,42793,92.93978145201122,74.0009069494156,48.67460889158623,-37.01905648746075
exog-future+L720,8,0,42817,89.39943473034522,65.97765383303717,42.72537333768041,-31.633060265317184
exog-future+L720,8,0,42841,83.45001515856137,56.3712379125713,49.81770324190305,-8.238162912385768
exog-future+L720,8,0,42865,75.62333824930934,53.16286225547329,49.68337419233953,4.080553924683494
exog-future+L720,8,0,42889,85.78071670222197,60.682440091871,43.92958920861636,-20.153178461785448
exog-future+L720,8,0,42913,88.27017622015072,63.01124907248698,59.02034448656932,-34.147885661411486
exog-future+L720,8,0,42937,90.13256341731288,59.20945793412449,81.3689582430123,-44.93984961024759
exog-future+L720,8,0,42961,87.00690744657331,54.987271510611016,90.07431730130855,-44.79990704334405
exog-future+L720,8,0,42985,63.24556199444115,42.157486269238206,99.73401869070928,-25.632675235217977
exog-future+L720,8,0,43009,57.66389035649284,37.98767231467197,101.01018275546588,-22.436193262966533
exog-future+L720,8,0,43033,55.56277564603933,34.91985401585198,129.18341080016305,-29.654165034157234
exog-future+L720,8,0,43057,36.56661609083724,25.736466151280258,125.97515846386408,-2.8005290229152857
exog-future+L720,8,0,43081,27.3335252291772,19.91389810277569,91.28148049296448,3.350578995534223
exog-future+L720,8,0,43105,51.681306547347255,37.2462058310177,111.19591489397438,22.827462274294906
exog-future+L720,8,0,43129,73.23949746645567,53.04101008173681,112.11039296773914,6.955033758291953
exog-future+L720,8,0,43153,82.70190626137841,64.3308188704677,103.95672695772326,6.224632128690262
exog-future+L720,8,0,43177,81.29428989047665,55.29508991576434,71.94511616518743,-14.367030346169306
exog-future+L720,8,0,43201,81.50126644134575,57.7307091628326,82.18795693361908,-6.593508052128099
exog-future+L720,8,0,43225,90.0721634381846,70.73929156377444,85.04181349379235,13.36742288845933
exog-future+L720,8,0,43249,87.08538946373497,69.86592139100611,82.72434621005767,13.412468325813617
exog-future+L720,8,0,43273,82.58920165331836,64.59971685502225,79.21706121416433,2.049168272448063
exog-future+L720,8,0,43297,75.3007091618554,65.85878716934981,103.65067165729629,41.61385451394892
exog-future+L720,8,0,43321,70.15628399005948,63.23922794842044,103.43111359722587,47.84896403719893
exog-future+L720,8,0,43345,63.3735774944542,53.23090392580536,84.1608042201217,33.72627604816499
exog-future+L720,8,0,43369,66.08854835221126,54.60265602389749,78.81636903150336,25.405841597571907
exog-future+L720,8,0,43393,56.66252947132029,49.68377509261299,86.18690362668711,21.823704389137465
exog-future+L720,8,0,43417,54.73328151092703,47.79060531928856,95.216465180134,26.11658740112313
exog-future+L720,8,0,43441,50.974495038436366,45.59578670397413,86.06482921231108,31.41143764639902
exog-future+L720,8,0,43465,46.83451305717464,40.34219407898942,69.03995246895488,18.780682605320656
exog-future+L720,8,0,43489,50.32423772574842,43.60038993781129,82.11612302250647,30.439694711295186
exog-future+L720,9,0,41641,87.65613591143905,56.100175127147246,47.30415933727459,-20.59687549184645
exog-future+L720,9,0,41665,123.42434079402888,84.30281771592713,55.0190090367302,-55.00322691080423
exog-future+L720,9,0,41689,136.28527951813356,100.98904239407156,57.98465708852021,-80.10640820718362
exog-future+L720,9,0,41713,142.87409252417717,110.99050764230128,63.89746390533213,-99.0970527803128
exog-future+L720,9,0,41737,148.38201144873335,112.4138631782577,82.0448413984337,-103.3431387727478
exog-future+L720,9,0,41761,137.0252804178448,104.1642163621536,95.69012492697564,-97.19870768472208
exog-future+L720,9,0,41785,132.18896103755372,97.11132446365473,94.63652207594887,-89.28425878929876
exog-future+L720,9,0,41809,101.80422781954198,69.95129133872221,95.87221685847985,-55.94407881309487
exog-future+L720,9,0,41833,67.70732769299104,46.35950139350559,88.29512447185486,-14.568551169280974
exog-future+L720,9,0,41857,43.22727884008427,32.2092107403216,81.75423725089772,12.111707819367531
exog-future+L720,9,0,41881,49.34903983166338,37.06136126605552,68.46644574512297,9.66474760747228
exog-future+L720,9,0,41905,79.5157400202604,52.51628610568692,62.4409726231739,-16.180709326494345
exog-future+L720,9,0,41929,78.54439359469691,52.9623898850217,51.03658558789921,-24.496265204142404
exog-future+L720,9,0,41953,76.42371655635124,50.482637453734654,46.8567366827764,-22.85343575656391
exog-future+L720,9,0,41977,81.2235666624931,60.714515732289975,45.3313563622388,-8.047698387464218
exog-future+L720,9,0,42001,81.73226573172464,62.74459863645804,42.389743069788246,-6.969396605791623
exog-future+L720,9,0,42025,89.60112789359732,71.813855907718,44.82731716646202,-17.710027026887253
exog-future+L720,9,0,42049,113.9152708484832,91.43435162389612,50.4234234117224,-29.33968680350657
exog-future+L720,9,0,42073,109.00946923691026,85.01842905693752,66.75533869156226,-18.83106524052055
exog-future+L720,9,0,42097,107.24867956611082,81.68588599102117,77.44094833675736,-16.240685889007644
exog-future+L720,9,0,42121,104.46736820946408,80.04709917824188,72.6569713021552,-14.259565154241686
exog-future+L720,9,0,42145,85.80207242105884,62.1987359492255,57.9568287723635,-18.21127525930444
exog-future+L720,9,0,42169,82.09795761258414,56.078914862381225,55.71920368486397,-26.29569569209394
exog-future+L720,9,0,42193,75.38480831916053,50.81772592750775,54.19923078999791,-10.015575048424196
exog-future+L720,9,0,42217,58.34299185328802,44.24574468499472,64.16851789431274,29.253700553636204
exog-future+L720,9,0,42241,59.46953430639084,44.76798464320194,64.19692934455233,33.84308175996826
exog-future+L720,9,0,42265,67.3086581651992,54.20480314732386,71.42498614333745,50.365545793997256
exog-future+L720,9,0,42289,57.542637584774425,45.14454405141385,62.373391748697,41.63772583145592
exog-future+L720,9,0,42313,66.89623553149781,55.38036856508467,76.55465870111868,44.901437188287545
exog-future+L720,9,0,42337,75.505979454197,60.224132069431,93.35373498807895,57.79824013366724
exog-future+L720,9,0,42361,90.90026898784748,75.92199682862895,105.3305962719202,74.68207250172351
exog-future+L720,9,0,42385,96.19356576080956,85.51392661898345,110.27305201362712,85.27687385153641
exog-future+L720,9,0,42409,96.786998006198,88.12121955254064,100.51936096759886,87.90316052380437
exog-future+L720,9,0,42433,73.60688193240719,64.48460340583073,78.99946951125504,61.42481489485063
exog-future+L720,9,0,42457,76.13894576565177,69.01105166411814,93.59086985069386,66.62020391924149
exog-future+L720,9,0,42481,84.06611700914308,76.7475371762792,107.39783854683584,76.04797192675579
exog-future+L720,9,0,42505,79.73320762928527,71.837673515396,99.50399796847846,71.01484682401001
exog-future+L720,9,0,42529,62.319257395717166,51.52672903297486,84.59306960564376,49.879060459867645
exog-future+L720,9,0,42553,59.54973427834632,47.28437845598304,78.99754936887058,28.165344508035645
exog-future+L720,9,0,42577,56.65803401183008,43.40006197507625,78.18541790956789,10.497958991582834
exog-future+L720,9,0,42601,56.45091498029269,45.40856440722131,91.70525436958046,14.540999681208843
exog-future+L720,9,0,42625,52.7897780156984,39.66249650834774,82.67709357112678,4.172139079194302
exog-future+L720,9,0,42649,70.66391767148022,54.27730611992301,60.07065855271878,-12.288419318378256
exog-future+L720,9,0,42673,88.03792206074444,72.00125039665839,60.4495310111782,-34.865198809489456
exog-future+L720,9,0,42697,93.88325333041048,77.48558499731243,58.78600320424848,-45.64867527934148
exog-future+L720,9,0,42721,87.87305511096311,71.4368578629323,63.344571285519976,-30.322002481845093
exog-future+L720,9,0,42745,83.11112825244041,66.32892904338668,55.25045410800621,-22.208593390345467
exog-future+L720,9,0,42769,89.1779059483363,72.47345240514048,51.68412792794753,-27.26854484508405
exog-future+L720,9,0,42793,92.9393043226303,74.00006449505712,48.66931554788597,-37.018344467446525
exog-future+L720,9,0,42817,89.38667200225639,65.97108561071711,42.721998589866686,-31.619106401376136
exog-future+L720,9,0,42841,83.42228880512378,56.30870015753542,49.8003166647224,-8.208583318326674
exog-future+L720,9,0,42865,75.61017860369479,53.1573002676442,49.67519024145405,4.091892540217962
exog-future+L720,9,0,42889,85.77877259102172,60.685334571685566,43.89597795531253,-20.143387709408582
exog-future+L720,9,0,42913,88.27117159867657,63.01554953074581,59.02253953425736,-34.13829641990436
exog-future+L720,9,0,42937,90.11931042488428,59.20482921690403,81.36216972271329,-44.932363925795634
exog-future+L720,9,0,42961,87.00349638435556,54.9899309802149,90.0918224354447,-44.802880515848905
exog-future+L720,9,0,42985,63.18391171924688,42.17057210644413,99.95082575718368,-25.41604162277674
exog-future+L720,9,0,43009,57.65661454196454,37.9784353615149,100.97078055727955,-22.42060775435396
exog-future+L720,9,0,43033,55.865962349262325,35.18404615175903,130.88969731696685,-30.151406810050585
exog-future+L720,9,0,43057,36.552309139821126,25.72695587662283,125.81909027861438,-2.800056609257899
exog-future+L720,9,0,43081,27.323650876495066,19.903202309638875,91.1454347633829,3.3541156099892544
exog-future+L720,9,0,43105,51.65545355350294,37.22719890168055,111.16627397806435,22.8089652711982
exog-future+L720,9,0,43129,73.42157451742196,53.141513824936574,111.86241666538822,7.352068023148919
exog-future+L720,9,0,43153,82.02541694938343,63.675820987962894,103.55801844366664,6.434146675357386
exog-future+L720,9,0,43177,81.36262050990285,55.36922829055822,72.33426543114643,-14.731695038115014
exog-future+L720,9,0,43201,81.5024420212991,57.73066050500508,82.19447207949118,-6.595645782367255
exog-future+L720,9,0,43225,90.42790299952551,70.55111739275232,84.33346688502145,12.699026954447556
exog-future+L720,9,0,43249,86.98517646665326,70.24730219173682,83.31092281619357,13.907575291090392
exog-future+L720,9,0,43273,82.6702368402951,64.61146871125494,79.21107125053007,1.916562517737862
exog-future+L720,9,0,43297,75.27788859351045,65.8373609328352,103.63766487868835,41.59956928024391
exog-future+L720,9,0,43321,70.15887763345826,63.23476922052762,103.425780225671,47.831519674314045
exog-future+L720,9,0,43345,63.3638389344304,53.21818643660895,84.1507043911785,33.709825031280765
exog-future+L720,9,0,43369,66.07609352051098,54.59309751877611,78.81522554121008,25.394350979746893
exog-future+L720,9,0,43393,56.6573705200586,49.472919057651794,86.065610657071,20.75825513293272
exog-future+L720,9,0,43417,54.75647805250456,47.868120400013495,95.270499403435,26.07889804855501
exog-future+L720,9,0,43441,50.90743041077414,45.63298029653883,86.302540853653,31.23646798268458
exog-future+L720,9,0,43465,46.84778583838324,40.35713888774417,69.05825749722635,18.75391228471826
exog-future+L720,9,0,43489,50.18470206895369,43.31274119987726,81.7598079554879,30.19007958702336
exog-future+L720,10,0,41641,87.66068324401095,56.10137255416229,47.296386160952345,-20.62633706001297
exog-future+L720,10,0,41665,123.43535397263264,84.30459835507841,55.01233330750763,-55.026307286852365
exog-future+L720,10,0,41689,136.29753345402847,100.9918047767994,57.982496515738816,-80.12320166354223
exog-future+L720,10,0,41713,142.89264167888314,111.00107311141326,63.89444591515871,-99.11872933659272
exog-future+L720,10,0,41737,148.4025854810773,112.42518898481136,82.03528233051013,-103.3672297781746
exog-future+L720,10,0,41761,137.04391587201067,104.1781289825282,95.69551716768564,-97.21575574640812
exog-future+L720,10,0,41785,132.20849640591788,97.12251329918924,94.64395900165886,-89.30198828319669
exog-future+L720,10,0,41809,101.81356140693316,69.95824370126272,95.88453879736782,-55.959083500455606
exog-future+L720,10,0,41833,67.70909949692246,46.353780866987215,88.29471642122877,-14.58533021653008
exog-future+L720,10,0,41857,43.22487297522624,32.19874534385662,81.7161201465456,12.095943329266502
exog-future+L720,10,0,41881,49.230112567887744,36.95294092829237,68.32646720161576,9.558185251778768
exog-future+L720,10,0,41905,79.52462429092982,52.51704206613052,62.43541031623413,-16.193243570141384
exog-future+L720,10,0,41929,78.54771121750694,52.95549924968311,51.03162993571896,-24.519041392737595
exog-future+L720,10,0,41953,76.43161772106993,50.48121681373128,46.85767293459245,-22.873970218479
exog-future+L720,10,0,41977,81.23604755386897,60.7180662410305,45.3305112455445,-8.065283667027327
exog-future+L720,10,0,42001,81.74449556828104,62.743513224417214,42.38857313806785,-6.989749086358421
exog-future+L720,10,0,42025,89.62172635576341,71.82377425694375,44.831794155499374,-17.735817842105558
exog-future+L720,10,0,42049,114.00304243111,91.53747065363338,50.487025245533246,-29.33041411119222
exog-future+L720,10,0,42073,107.34966340357305,84.20616340235568,66.495595009488,-18.575554373370604
exog-future+L720,10,0,42097,107.25665655021182,81.68930760889563,77.45028111242972,-16.253513103304623
exog-future+L720,10,0,42121,104.47921031034048,80.05458390343777,72.67503129137869,-14.275074683210224
exog-future+L720,10,0,42145,85.80904141424254,62.1928047152934,57.9460370554015,-18.226241682717312
exog-future+L720,10,0,42169,82.11043339074305,56.07505876284505,55.70647233026177,-26.31035093121769
exog-future+L720,10,0,42193,75.39536942550886,50.81590505654843,54.19024039187522,-10.028566336541871
exog-future+L720,10,0,42217,58.33637537537606,44.23061234115296,64.15015389584534,29.2396676671888
exog-future+L720,10,0,42241,59.4604129116371,44.75649728526652,64.16893906095692,33.82987507265857
exog-future+L720,10,0,42265,67.30191386513772,54.19791298904227,71.40990307667803,50.35337416933622
exog-future+L720,10,0,42289,57.52902029466514,45.13562908825112,62.37283667423205,41.627550324647686
exog-future+L720,10,0,42313,66.890822703975,55.37276430016137,76.55890363794772,44.89266615322544
exog-future+L720,10,0,42337,75.47205167484378,60.223734700817126,93.44039315947336,57.77105827188223
exog-future+L720,10,0,42361,90.89168928199184,75.91190789574202,105.30655660898977,74.67019505029364
exog-future+L720,10,0,42385,96.1832174964868,85.50222363922938,110.26594264808833,85.26328986778663
exog-future+L720,10,0,42409,96.77896468374443,88.10916639703767,100.5126246054733,87.89089657270955
exog-future+L720,10,0,42433,73.60086550061212,64.4750643089788,78.98723419779368,61.41291788010778
exog-future+L720,10,0,42457,76.12538878175414,68.99877222457232,93.58874862239786,66.60526625441551
exog-future+L720,10,0,42481,84.05259804030871,76.73208305748263,107.374817772857,76.03223170096705
exog-future+L720,10,0,42505,79.7194124844114,71.82561800641176,99.50838950690505,71.00043872427148
exog-future+L720,10,0,42529,62.31561069054566,51.51549912084385,84.580869929612,49.86495828287694
exog-future+L720,10,0,42553,59.55356670955605,47.28345328341717,79.0045586935598,28.154543841865628
exog-future+L720,10,0,42577,56.66532443212216,43.40195777380257,78.18955592305615,10.482083235884636
exog-future+L720,10,0,42601,56.4540463992214,45.408046140434095,91.71463572569284,14.529064311082204
exog-future+L720,10,0,42625,52.78258856591411,39.65086049547181,82.66437006461422,4.157857642068019
exog-future+L720,10,0,42649,70.67147516263007,54.27548003711583,60.06365424554445,-12.30233532188216
exog-future+L720,10,0,42673,88.04471433942982,72.00293993580998,60.44687647940415,-34.876094829417546
exog-future+L720,10,0,42697,93.88912981525608,77.48569980307019,58.78311645094899,-45.65686124969596
exog-future+L720,10,0,42721,87.85849826626544,71.35195056812483,63.25489689619943,-30.41406140193164
exog-future+L720,10,0,42745,83.115083712476,66.32447302080469,55.240709124245534,-22.22002637173245
exog-future+L720,10,0,42769,89.18145006356342,72.4723770629781,51.68235851884585,-27.278953155714294
exog-future+L720,10,0,42793,92.94288746546458,73.99389202631419,48.66212329961264,-37.03062064213341
exog-future+L720,10,0,42817,89.3914191157738,65.97265024044097,42.721358435952325,-31.63160379038123
exog-future+L720,10,0,42841,83.43141939297396,56.311993413282046,49.82245691325781,-8.222927560008626
exog-future+L720,10,0,42865,75.60995000625226,53.14887516252361,49.66384490141348,4.079421546379812
exog-future+L720,10,0,42889,85.78137622630253,60.68449518987241,43.9205617332208,-20.15860714795889
exog-future+L720,10,0,42913,88.2689572675757,63.01005830041032,59.01600807120114,-34.15262963163064
exog-future+L720,10,0,42937,90.12860443118154,59.20706872526903,81.36851145179644,-44.94435653878828
exog-future+L720,10,0,42961,87.01263135317923,54.9923677635809,90.09249159670276,-44.8156227404514
exog-future+L720,10,0,42985,63.18379928704067,42.16494650306244,99.96730119835124,-25.42884207616307
exog-future+L720,10,0,43009,57.659244630028205,37.97832671973131,100.98965771314948,-22.43863557983001
exog-future+L720,10,0,43033,55.87405851497261,35.18910700312313,130.89847264963942,-30.155934979554743
exog-future+L720,10,0,43057,36.551043572054006,25.72645188179123,125.8850292368419,-2.804667158557134
exog-future+L720,10,0,43081,27.33401516051544,19.91064023273295,91.18381764130632,3.345971435792265
exog-future+L720,10,0,43105,51.66105733616304,37.23180077649311,111.19202004762066,22.804862700156622
exog-future+L720,10,0,43129,73.42177377493094,53.14479372706234,111.88433670701502,7.35172922520973
exog-future+L720,10,0,43153,82.0214779912962,63.67604274791506,103.56981374970329,6.434417985631235
exog-future+L720,10,0,43177,81.36419363670092,55.3634684771248,72.32911841297384,-14.744318095863578
exog-future+L720,10,0,43201,81.49876109007977,57.72768925081533,82.19312104287097,-6.605454432333036
exog-future+L720,10,0,43225,90.42699626348936,70.5490916735119,84.319610338986,12.692827757591642
exog-future+L720,10,0,43249,87.07438159321585,69.84641056224875,82.71165848894046,13.376492955605736
exog-future+L720,10,0,43273,82.58607636561308,64.59552119823113,79.22001483109557,2.0347103878348274
exog-future+L720,10,0,43297,75.27956161592383,65.8387866773486,103.63827868099062,41.59577306328921
exog-future+L720,10,0,43321,70.14233639905753,63.22149712870156,103.42072069977252,47.821852654624266
exog-future+L720,10,0,43345,63.36230878291708,53.219781401195554,84.15501327231661,33.70405442642017
exog-future+L720,10,0,43369,66.0664863664916,54.58893251687351,78.81678299919899,25.38848558763344
exog-future+L720,10,0,43393,56.66568324215535,49.47445065714074,86.06106803096716,20.75076889191425
exog-future+L720,10,0,43417,54.75992544131648,47.8681854189088,95.27362814542398,26.0737679324882
exog-future+L720,10,0,43441,50.88439574032921,45.60485778963886,86.23495050886424,31.208604867584093
exog-future+L720,10,0,43465,46.83249366589863,40.342351714528185,69.0445782587975,18.74898316867263
exog-future+L720,10,0,43489,50.31493334348535,43.594848143407965,82.11079070838228,30.411343302502008
exog-future+L720,1,1,41641,88.26538265584773,54.19726633588167,42.85468132006474,-23.32891002319216
exog-future+L720,1,1,41665,131.39855466984477,86.18619300419937,50.26922274031266,-66.75675249319731
exog-future+L720,1,1,41689,139.69752592918965,101.6428956965871,56.55018601210858,-84.1498636914858
exog-future+L720,1,1,41713,148.04350815595745,113.48754635142306,64.3910200487597,-103.126952934102
exog-future+L720,1,1,41737,148.66396887224386,111.9086117893124,81.81664871637891,-104.46520003711272
exog-future+L720,1,1,41761,137.71082859083018,105.36525429364218,97.6419584816389,-99.25590094438688
exog-future+L720,1,1,41785,132.6310379838166,98.15842978379996,95.38312113277112,-91.20449071801303
exog-future+L720,1,1,41809,107.34609350068506,72.2572405570306,94.05329966441283,-61.30340078400835
exog-future+L720,1,1,41833,73.52580225137602,50.153772435180585,89.27750623220439,-14.827367849247883
exog-future+L720,1,1,41857,44.045265658470974,33.46779248647966,78.63342985391675,13.420064556183878
exog-future+L720,1,1,41881,50.00416149542013,36.33275915524616,66.88226848917235,8.368810343987816
exog-future+L720,1,1,41905,81.38812898259722,52.869146315866665,57.41232548202965,-16.265456910733388
exog-future+L720,1,1,41929,77.69843234168803,52.41535508528196,42.427547011041526,-24.20871227806876
exog-future+L720,1,1,41953,77.02921292108437,52.99647902068541,46.43110805345912,-19.961957746159687
exog-future+L720,1,1,41977,77.88262465053751,58.82953008832652,45.23564444847727,-9.355273593021682
exog-future+L720,1,1,42001,77.546848864101,59.41461353365204,40.97149054225411,-9.236213001232112
exog-future+L720,1,1,42025,86.90622006288355,69.63787902991638,43.669419789181646,-18.278473379947275
exog-future+L720,1,1,42049,112.84456675695438,89.92530651546751,50.05082215929553,-33.363238902750126
exog-future+L720,1,1,42073,108.53594203151144,84.28384624861205,67.08792204552188,-25.14782609844418
exog-future+L720,1,1,42097,106.8648798805268,81.22650996896212,76.5176470543193,-19.43736887528184
exog-future+L720,1,1,42121,108.62668222695105,82.05994511978926,74.937487250416,-20.583931648263658
exog-future+L720,1,1,42145,104.33485305140547,73.99480157211545,68.3926130891215,-30.987060176075406
exog-future+L720,1,1,42169,89.80569450496859,60.34841510807036,56.46156524948026,-27.852686395428695
exog-future+L720,1,1,42193,77.92875221540078,52.35163947579456,53.7306776383577,-12.15655825911186
exog-future+L720,1,1,42217,59.39007674332609,43.319159953777934,64.32501729148584,15.362741099050774
exog-future+L720,1,1,42241,50.14339717103256,39.13562558583997,59.87950792110723,33.2792879469949
exog-future+L720,1,1,42265,60.343576264220815,48.983941282063725,68.92126154681196,44.34111603616479
exog-future+L720,1,1,42289,57.47456558664981,46.01473252037384,64.60324416534317,41.14401265655144
exog-future+L720,1,1,42313,65.05225542755205,53.995869886348025,77.31655279956077,42.2973428795444
exog-future+L720,1,1,42337,79.22816442519347,63.62672130839,97.32642795222728,57.7854700678893
exog-future+L720,1,1,42361,90.21109650071604,77.80857263295724,112.46797006839932,77.28739066842793
exog-future+L720,1,1,42385,94.28584136864664,85.1324387043093,111.0809199652206,84.9824545662923
exog-future+L720,1,1,42409,93.49998291821696,86.17908467954489,99.88414724177149,85.69845886058808
exog-future+L720,1,1,42433,80.37637256198875,73.04168508572876,85.78305162505609,72.52843365573833
exog-future+L720,1,1,42457,74.7999123877218,67.54680771092374,92.18796774468106,65.16928174802172
exog-future+L720,1,1,42481,82.51532231374556,74.81051001115222,105.4320826623938,74.0286583336032
exog-future+L720,1,1,42505,78.22142266652786,70.6530102515698,99.57862161750096,69.81087723477978
exog-future+L720,1,1,42529,67.23169675545391,59.09138843165734,92.98726946477758,58.26424563164007
exog-future+L720,1,1,42553,56.71092613648557,46.8457632376112,83.8950383503392,27.491835408655135
exog-future+L720,1,1,42577,58.34447865144323,46.58320279997671,87.25766555684183,11.901677716041595
exog-future+L720,1,1,42601,57.56146084484922,44.2259929985713,93.55701517384075,7.017884564996561
exog-future+L720,1,1,42625,54.53400151581332,42.01905165904108,85.46628459566725,6.667550108689658
exog-future+L720,1,1,42649,73.61320527413723,58.17616444431199,65.69329008773421,-9.525746255609072
exog-future+L720,1,1,42673,90.72025804220856,73.79985729711554,61.64586111648616,-36.06035424601848
exog-future+L720,1,1,42697,95.30757725216996,78.50797612821297,59.66010609503451,-46.33562500935951
exog-future+L720,1,1,42721,90.61886339637825,74.80815009878245,66.3132267237875,-31.263242628033957
exog-future+L720,1,1,42745,87.26887250897978,71.29823518604474,59.41597528123172,-20.26584348610712
exog-future+L720,1,1,42769,95.18493629445648,78.10693500346326,56.476231205283966,-28.99682425612819
exog-future+L720,1,1,42793,97.53495569976558,77.79382532741845,51.61098730936592,-38.534632425975055
exog-future+L720,1,1,42817,92.00506282258056,69.49795633357397,46.995096092531845,-32.04218284043957
exog-future+L720,1,1,42841,85.36621653870823,58.35177719173888,51.75759258191206,-10.132085049108344
exog-future+L720,1,1,42865,75.7451117351396,52.27841410741815,50.62503506164374,2.244573363225343
exog-future+L720,1,1,42889,89.79669237395834,63.53999697751669,46.95443556733592,-23.16835582048565
exog-future+L720,1,1,42913,91.33865858405024,63.564884022595095,60.45686396540653,-38.14478952689305
exog-future+L720,1,1,42937,92.65281795612884,59.95613514950599,82.41077667968588,-48.63882221711634
exog-future+L720,1,1,42961,88.03890041031529,56.2641409579304,85.03577414468596,-47.12601369129729
exog-future+L720,1,1,42985,67.0511599906707,43.068731425184254,101.0852117426696,-28.059623542908827
exog-future+L720,1,1,43009,52.0731327015684,35.86131917806382,107.35405159431738,-9.061341781092429
exog-future+L720,1,1,43033,39.99361209085001,25.812132674669236,113.8911823754874,-17.535412534551966
exog-future+L720,1,1,43057,30.10201038061586,20.362403732348287,99.82311670131024,-1.0833789202109214
exog-future+L720,1,1,43081,28.035257058387717,20.973640890062647,96.0101371197522,3.133778212545523
exog-future+L720,1,1,43105,31.321643452515875,24.53807871123316,86.62948281465154,6.465170236441731
exog-future+L720,1,1,43129,70.65699916184235,46.019961412487326,69.43107231332112,-13.426077503522816
exog-future+L720,1,1,43153,92.50684283618344,65.73902064713646,79.71691554144262,-7.177317894360096
exog-future+L720,1,1,43177,82.77487335338884,58.04729754973637,74.3345869807994,-11.314593248061191
exog-future+L720,1,1,43201,85.49862092807392,62.1664106490368,80.27493998657607,-2.1595278768970028
exog-future+L720,1,1,43225,91.47428534322934,72.7744796072997,86.80743182153776,14.50013514994374
exog-future+L720,1,1,43249,85.02786441879374,69.4990308411922,82.79877422152605,14.916378014485284
exog-future+L720,1,1,43273,87.15484719902923,69.50356486127926,84.16107955152708,4.003798776692566
exog-future+L720,1,1,43297,76.63669577196859,67.1246150886551,104.20520875409424,42.59446232114031
exog-future+L720,1,1,43321,69.57604817423386,61.33897177531005,101.51251952766631,45.64666440772078
exog-future+L720,1,1,43345,65.56548490151796,54.6001079320331,84.40465886132012,34.56764618723952
exog-future+L720,1,1,43369,64.77034183305138,53.95848866048747,80.00928590762425,25.30820625470615
exog-future+L720,1,1,43393,53.44451229849047,47.41642303954068,84.92481407332055,22.245203005862923
exog-future+L720,1,1,43417,55.82323323301456,49.96995759074191,97.37076018907844,26.332874177578407
exog-future+L720,1,1,43441,52.01086616070056,47.50216456384026,87.92328730608993,32.27191418318551
exog-future+L720,1,1,43465,46.2394452948072,38.93882314478187,66.55607882794925,19.682988431207335
exog-future+L720,1,1,43489,51.329992043705104,44.82884651139389,82.13466793595889,31.35393587749244
exog-future+L720,2,1,41641,86.66640909652162,54.38974406703604,44.49896480445864,-20.564451483118503
exog-future+L720,2,1,41665,126.06905820176682,84.63291621727583,51.98088272966205,-58.03477970753985
exog-future+L720,2,1,41689,137.59926633514763,100.95112111839912,56.6102869192593,-81.59972494030845
exog-future+L720,2,1,41713,141.7939605509655,110.09258198272283,61.87077264081555,-97.46945489607889
exog-future+L720,2,1,41737,148.0625965437687,110.86190293935992,80.47808126680928,-103.42922826488908
exog-future+L720,2,1,41761,136.88117236835163,104.27745715275628,95.44315731195236,-97.78563780055894
exog-future+L720,2,1,41785,131.11075273767634,96.67870152508566,94.6576096785748,-89.32285992864419
exog-future+L720,2,1,41809,103.42730470711406,69.64995424807712,95.56040559680606,-59.23506132325956
exog-future+L720,2,1,41833,71.67025267366554,49.215804769076136,84.54096817177414,-13.506811455071697
exog-future+L720,2,1,41857,42.046720008126464,31.137175509886944,78.26736929343583,11.270956565458969
exog-future+L720,2,1,41881,50.22676192297621,36.03304858264854,66.96000668628463,7.286891785701117
exog-future+L720,2,1,41905,80.89530414537337,52.96223043278207,59.5172458406719,-16.874225185017025
exog-future+L720,2,1,41929,79.96214867093695,53.26072363264658,49.47877809325949,-26.12242047085492
exog-future+L720,2,1,41953,82.22518803025669,55.977257606854415,48.97050184328662,-21.857941379872507
exog-future+L720,2,1,41977,79.31607492182702,58.68466421607926,43.91068907227631,-9.15329871974614
exog-future+L720,2,1,42001,77.14443704292547,59.31498520632289,40.203247312958055,-6.322674318739763
exog-future+L720,2,1,42025,88.11676184784716,70.65220049345945,44.03638465341488,-16.57537688030935
exog-future+L720,2,1,42049,112.90927957629792,90.90080776372945,50.39309658455613,-31.17833024552624
exog-future+L720,2,1,42073,108.4045229631632,84.8356486721562,66.04019465781802,-19.85198153434968
exog-future+L720,2,1,42097,106.12251901960607,80.25255297329437,75.20387416857162,-17.427038094725564
exog-future+L720,2,1,42121,107.07157097762524,81.68363330035187,74.00876214024127,-17.200104370142544
exog-future+L720,2,1,42145,99.81739334187871,70.59552559884585,67.19428090782658,-27.995497295983405
exog-future+L720,2,1,42169,87.93497057100353,59.39166658783783,56.67932776922721,-26.60967153201003
exog-future+L720,2,1,42193,76.88219179338714,51.99070048760454,54.38545289392458,-10.502452998525936
exog-future+L720,2,1,42217,58.85060630829301,42.70193015837985,64.41983839822313,17.624848409696124
exog-future+L720,2,1,42241,50.345190284983474,39.54514973979051,60.696083836552106,33.93108704187629
exog-future+L720,2,1,42265,60.697435295701446,49.63817594383258,65.01936421194281,46.120639777928254
exog-future+L720,2,1,42289,59.25396242532141,47.29927155278592,64.22135208452809,42.46076781165623
exog-future+L720,2,1,42313,66.07623686217234,54.09237921599958,75.91118471755767,44.64103344751075
exog-future+L720,2,1,42337,82.6391850284168,64.82124145998347,94.13457717677002,60.35666153368648
exog-future+L720,2,1,42361,92.43835339147452,78.16146643028813,113.4092964821064,77.3455609119286
exog-future+L720,2,1,42385,93.48122395136502,82.71295847978578,108.60816365126053,82.43554342781665
exog-future+L720,2,1,42409,94.4474272989847,84.32214876832415,98.20113691004325,83.75301012357912
exog-future+L720,2,1,42433,79.43033947658627,71.28891666258018,84.69403437133212,70.8153786386742
exog-future+L720,2,1,42457,72.75727071929398,65.21699478470025,90.53461309490044,62.69512494852359
exog-future+L720,2,1,42481,81.78316981624232,73.98258179875481,103.34723199030093,73.3210591676824
exog-future+L720,2,1,42505,77.29035137400466,69.67360566962391,98.36225116758705,69.15624136301331
exog-future+L720,2,1,42529,60.09608942355114,53.51852148253323,90.49603323991612,52.32994970764722
exog-future+L720,2,1,42553,53.65052033793668,44.88021200861578,82.35978187118205,26.550941699644756
exog-future+L720,2,1,42577,57.652241893246014,45.45663471634641,86.97969391798058,10.228612499604564
exog-future+L720,2,1,42601,55.67551807477771,41.88960461506392,89.98231902776503,5.794638572824832
exog-future+L720,2,1,42625,52.59322317575001,39.15340693178418,78.73910897738295,3.741455273440872
exog-future+L720,2,1,42649,74.29838256843499,59.18751709914022,66.57635133246055,-9.94266731351544
exog-future+L720,2,1,42673,89.76658897106181,72.94337811048334,60.9257967317954,-35.9238351906486
exog-future+L720,2,1,42697,96.5767682114691,80.03369821717367,60.45162856610401,-47.08741932997392
exog-future+L720,2,1,42721,89.35866049606592,73.69896043214071,65.27206001549919,-30.737350028816227
exog-future+L720,2,1,42745,86.84899284922633,71.42518371581927,58.84716031718549,-19.94527870568248
exog-future+L720,2,1,42769,92.32914174188038,75.2563637516068,54.06183373405445,-27.533370007895293
exog-future+L720,2,1,42793,95.34901631972367,75.04898246525234,48.74834215955924,-37.22295363364212
exog-future+L720,2,1,42817,91.41016037861478,67.9923727165847,45.30508549605663,-32.16904602136414
exog-future+L720,2,1,42841,82.01606949947188,56.72266609686019,53.64690818212152,-8.658751544315777
exog-future+L720,2,1,42865,75.21729969635294,51.37187427279681,52.135948272173536,1.393488032901465
exog-future+L720,2,1,42889,87.82387608614944,63.22881540524016,47.69368094642464,-20.74358192980985
exog-future+L720,2,1,42913,89.46912580255301,63.22644653275771,62.90723595649529,-35.225437246862384
exog-future+L720,2,1,42937,86.44966805808662,55.96089205111422,80.79990483927145,-39.99633078714621
exog-future+L720,2,1,42961,88.43361263773565,57.00769265235728,94.43938561637326,-47.29249211620368
exog-future+L720,2,1,42985,64.08474797254168,42.15174835814173,102.09836727269416,-26.509614647562582
exog-future+L720,2,1,43009,51.28197934560815,35.907402046263364,110.94841645377296,-5.706002018117837
exog-future+L720,2,1,43033,38.665492138595056,25.235942896245824,115.31776034063954,-18.04341685108134
exog-future+L720,2,1,43057,29.13445884646906,19.62512538836088,100.08855674667562,-2.3585469515536324
exog-future+L720,2,1,43081,28.2783965791137,20.10182985705845,100.43063613036168,-1.3333472068098648
exog-future+L720,2,1,43105,32.14589655160574,24.65902458732379,94.9689184388164,3.720372491049415
exog-future+L720,2,1,43129,71.4005286628949,45.79517101935176,70.54793866716444,-16.80027841552644
exog-future+L720,2,1,43153,90.63634781685484,63.75142721317295,76.36113019841353,-8.470242504148732
exog-future+L720,2,1,43177,82.26092228237373,56.8177530619969,74.10881417606763,-13.417153327992114
exog-future+L720,2,1,43201,83.15630387212893,60.19130736723963,86.62939584551887,-5.34426535289476
exog-future+L720,2,1,43225,89.82284083898915,70.32092795338589,85.31220234056127,13.105191468722095
exog-future+L720,2,1,43249,86.84429851637763,71.6769041471082,85.03622512990464,17.468233944304878
exog-future+L720,2,1,43273,85.18266828001806,66.95793570332721,82.59542966149034,2.0592882080775814
exog-future+L720,2,1,43297,71.51794831847549,59.80789985004616,98.10995735590885,33.469937724996846
exog-future+L720,2,1,43321,64.21296764447213,54.50532976499975,95.49725312989578,38.66782655070366
exog-future+L720,2,1,43345,64.9778337182632,53.24142227721039,83.67361319560884,29.713549853395133
exog-future+L720,2,1,43369,64.03203937395205,52.50438752717496,78.37208293751816,24.009358842968105
exog-future+L720,2,1,43393,54.6836944004464,47.28671198441882,84.25890630432376,17.619265660227498
exog-future+L720,2,1,43417,54.50397215409693,48.52121886973517,96.23618405973068,25.05153665051815
exog-future+L720,2,1,43441,49.03518046320026,44.75784758607356,85.97581918078723,29.39238374121883
exog-future+L720,2,1,43465,45.10175153647141,37.98316200367261,66.542366488337,15.980926692440477
exog-future+L720,2,1,43489,50.0105544610459,43.23688471969343,80.71043169587574,27.474550234434677
exog-future+L720,3,1,41641,86.78018764741057,54.5056041867638,44.54632454920616,-20.37702239817392
exog-future+L720,3,1,41665,123.73665056976866,84.08151262822217,51.58937163768568,-53.84451720679532
exog-future+L720,3,1,41689,137.0515534043938,101.00025151272656,56.04089542395316,-80.86525951291682
exog-future+L720,3,1,41713,141.95840706955272,109.99480103845148,60.775312954002814,-98.46425405613074
exog-future+L720,3,1,41737,147.3339636783839,110.236161209435,80.69937301167694,-102.78510723455916
exog-future+L720,3,1,41761,136.52479958622632,103.96759973040676,94.8838999273227,-97.3456454465896
exog-future+L720,3,1,41785,130.730593377741,96.36070899631665,94.5145662233423,-88.75298245821617
exog-future+L720,3,1,41809,102.9007550047851,69.43121284441386,95.95063578002905,-58.69143979863683
exog-future+L720,3,1,41833,70.89310640110051,48.60339529366673,84.07673584519219,-13.1717001571803
exog-future+L720,3,1,41857,41.95103236246579,31.04428417914807,77.44139843829184,10.75482876075342
exog-future+L720,3,1,41881,50.20417866962578,36.18166061491535,72.23533995202476,7.163403530136536
exog-future+L720,3,1,41905,81.07473064957286,52.970556710918096,60.39416690045351,-17.047669657708372
exog-future+L720,3,1,41929,79.95927928723798,52.846473200521096,49.28879507592941,-26.45594516594159
exog-future+L720,3,1,41953,81.62678051934019,55.4364569277479,50.90731654500726,-21.30472663177212
exog-future+L720,3,1,41977,79.67301670554778,59.04358497280826,43.73388060674658,-8.70725316426852
exog-future+L720,3,1,42001,78.73364053481978,60.07256439165944,40.408048092904416,-7.107416730989415
exog-future+L720,3,1,42025,87.81696046279323,70.72215434576754,43.899719380820166,-16.51631600171497
exog-future+L720,3,1,42049,113.02354932674837,91.22652669594336,50.47732134689792,-30.651790283918288
exog-future+L720,3,1,42073,108.67398513755244,85.24457283412279,67.53196474926465,-19.773673532551804
exog-future+L720,3,1,42097,106.52506711787844,80.68875460569176,75.8290220935819,-17.390445452498504
exog-future+L720,3,1,42121,107.28225893697063,81.69934006227608,73.70069292901485,-17.203913471612054
exog-future+L720,3,1,42145,100.51810134359268,70.7361427120138,67.34744514835864,-28.09557249164582
exog-future+L720,3,1,42169,87.63211559387788,59.28133292374057,57.20024176654784,-26.64968008134158
exog-future+L720,3,1,42193,76.87799155655905,52.02064846996402,54.36056193018904,-10.502042399894796
exog-future+L720,3,1,42217,59.62661246609898,43.04697205950784,64.80782371889411,20.54182841947464
exog-future+L720,3,1,42241,49.41678004697325,38.50646609352581,60.198673252470805,32.853001575427484
exog-future+L720,3,1,42265,64.28955221906051,52.73563736266377,66.28626928688652,50.09843602125152
exog-future+L720,3,1,42289,56.74070762702158,45.46897459975648,60.41788161669077,42.017056238097815
exog-future+L720,3,1,42313,66.29226218652107,54.04283286993306,75.04317777975123,44.4773434589369
exog-future+L720,3,1,42337,83.19443681379815,66.80585613813,97.33885079258576,60.89637496280639
exog-future+L720,3,1,42361,93.56411655647182,78.66409668950321,111.92955820582164,78.00886406608022
exog-future+L720,3,1,42385,93.78409826525768,82.64598942312294,108.19985536331936,82.36928588578577
exog-future+L720,3,1,42409,94.98559004004228,84.56383919245297,98.213787072535,83.97565939748108
exog-future+L720,3,1,42433,79.02161437686141,68.44627969101705,82.46072543126779,67.72941956488306
exog-future+L720,3,1,42457,72.01243358434735,64.70386868831147,90.3541169956988,62.265638968228814
exog-future+L720,3,1,42481,81.36835962314807,73.72540876991872,104.70321910315675,72.82189448989736
exog-future+L720,3,1,42505,77.55785351559322,69.93224002184397,98.705500540494,69.3438860697765
exog-future+L720,3,1,42529,71.3684260471482,60.57285193030332,92.8511260428386,59.740665583261205
exog-future+L720,3,1,42553,53.83673689953503,44.9024270870429,82.73555217174203,26.684476589209517
exog-future+L720,3,1,42577,57.37548903340291,44.20027390006996,81.19325291415504,9.712632358686248
exog-future+L720,3,1,42601,55.39221531364009,41.37431340477559,90.23211116988716,5.241214648943174
exog-future+L720,3,1,42625,52.124606691580745,38.43505505472084,76.69764076854122,3.4061738407531044
exog-future+L720,3,1,42649,73.7432106571701,58.41858459281916,65.6621282478419,-10.400678047232017
exog-future+L720,3,1,42673,87.8013047377511,71.57698700198134,60.14226275409117,-35.17209806916997
exog-future+L720,3,1,42697,94.5589800823819,78.35294717533,59.33350015590453,-46.406165135920105
exog-future+L720,3,1,42721,86.26291753280258,71.08479584163359,63.01699800332246,-28.99319067589861
exog-future+L720,3,1,42745,82.65568385127452,66.96595861879744,55.84364628858568,-19.335977219904613
exog-future+L720,3,1,42769,89.55721335682063,73.38597343558244,52.90353528661164,-26.561408934585977
exog-future+L720,3,1,42793,92.63706642663794,73.05121822183426,48.06239817062684,-36.52738328265022
exog-future+L720,3,1,42817,90.88351209693532,67.01441833301568,44.30367637867941,-32.86831854149624
exog-future+L720,3,1,42841,81.52698047671285,56.52105297246322,54.66040187729322,-9.240529193964832
exog-future+L720,3,1,42865,74.40846338768216,50.1441000929918,50.77965504382463,0.9104118216893436
exog-future+L720,3,1,42889,86.74256092911783,62.37088830368202,48.02107067142038,-22.533406597930057
exog-future+L720,3,1,42913,89.30076171973771,63.21733927957168,61.73571061861056,-35.646541358939906
exog-future+L720,3,1,42937,88.51063626528367,57.93797517974595,81.9187952026744,-43.786826127132514
exog-future+L720,3,1,42961,88.61693747373315,56.984188542985294,95.66527776137607,-47.23834206567113
exog-future+L720,3,1,42985,63.95874178089785,42.11317984418695,100.614300397676,-27.537450063893257
exog-future+L720,3,1,43009,50.70857143264941,35.478568299092174,112.91399039218942,-5.321750135956783
exog-future+L720,3,1,43033,38.317042442862025,25.17641429843374,118.327929797679,-18.306678455390934
exog-future+L720,3,1,43057,29.34024829437758,19.900604828996386,102.77377801647138,-3.1944503595218703
exog-future+L720,3,1,43081,26.876563079574712,19.862365122808903,103.05793861937124,-1.8759176913494964
exog-future+L720,3,1,43105,29.684434054060183,22.99439582573937,97.72288303436434,1.9837467845075831
exog-future+L720,3,1,43129,69.3697167694033,44.59463464940326,74.46671174999435,-17.075602879473735
exog-future+L720,3,1,43153,89.87012985630447,62.0137953810325,74.13908805664943,-10.964312728767847
exog-future+L720,3,1,43177,81.35183368206965,56.20581381055005,74.58598128995637,-14.024760119154962
exog-future+L720,3,1,43201,81.75990995607644,59.26819189651589,88.46095712199782,-6.145890859255657
exog-future+L720,3,1,43225,89.95600412344635,70.94961162651342,86.72123712258652,14.216875591441562
exog-future+L720,3,1,43249,86.02956053415475,71.03173802365211,84.56209758927106,18.91475782876758
exog-future+L720,3,1,43273,84.65231566119712,66.48205440597869,82.42367455777257,2.2332241965841875
exog-future+L720,3,1,43297,69.82436320910082,57.89537863848603,96.96964503417652,30.953764097336045
exog-future+L720,3,1,43321,64.04451904533703,54.55593639426557,95.60430636178512,38.92084069426174
exog-future+L720,3,1,43345,64.74982787150756,53.227531644586826,83.82569101360866,30.07199327068394
exog-future+L720,3,1,43369,63.96085975603215,52.25486099570987,77.98897113618013,24.853036069508896
exog-future+L720,3,1,43393,56.724975412905096,49.22683560805068,85.85329413886625,20.903685166051535
exog-future+L720,3,1,43417,53.90001371213763,48.15861028034452,96.25798943508184,26.422165014105808
exog-future+L720,3,1,43441,49.48820362705191,45.27721507245151,86.51984115176936,31.397658277986643
exog-future+L720,3,1,43465,46.46312205140948,39.72605369545816,68.95237622383908,22.508895514258764
exog-future+L720,3,1,43489,49.791833110654935,43.31554683977659,81.25736220731048,30.220500407516056
exog-future+L720,4,1,41641,87.07088789074287,54.80272414992967,45.31302067353598,-20.73319510756913
exog-future+L720,4,1,41665,123.43791782864244,83.92457963869995,51.57643631690848,-53.61798230750359
exog-future+L720,4,1,41689,136.52791860868706,100.59510798417664,55.810561798863446,-80.1109988075488
exog-future+L720,4,1,41713,141.07061008489728,110.10151843475148,62.43790164766572,-96.9627146411266
exog-future+L720,4,1,41737,146.32561095094854,109.8245180505078,81.60331312138803,-101.61439846933698
exog-future+L720,4,1,41761,135.22866651377709,102.84901154649177,93.77767856289582,-95.98865902881482
exog-future+L720,4,1,41785,129.98542358568844,95.56471285967604,92.91276166816202,-88.13210882954534
exog-future+L720,4,1,41809,103.12928245149028,69.47513723185831,95.44390056604558,-58.72032886820863
exog-future+L720,4,1,41833,70.8652621906728,48.79348227673293,85.5791929032909,-12.926146752695663
exog-future+L720,4,1,41857,41.918161876434375,31.106789494082683,77.78953950646074,11.268772072700049
exog-future+L720,4,1,41881,50.48625815814074,36.42951938946252,71.9234947322253,7.378797809183565
exog-future+L720,4,1,41905,81.32772051554505,53.278099611486034,59.94764542577508,-16.990915725450897
exog-future+L720,4,1,41929,79.687889611125,52.26283268821959,48.41506254941807,-25.78581136067358
exog-future+L720,4,1,41953,81.85804891754022,55.40462551294945,50.228821150192005,-21.79753722375414
exog-future+L720,4,1,41977,79.14334566979726,58.93051089211849,43.92689474716763,-8.056587140319586
exog-future+L720,4,1,42001,78.6287646171805,60.41300027483476,40.89630219677488,-7.507778086497741
exog-future+L720,4,1,42025,87.63385784030976,70.93949248039719,44.05722911787493,-15.63321278401321
exog-future+L720,4,1,42049,113.03620633056929,91.05880429551254,50.46779049767514,-30.696315064402263
exog-future+L720,4,1,42073,109.1931843925082,85.49391217273617,66.50867421455908,-19.24433821128613
exog-future+L720,4,1,42097,107.23603085740764,81.08633088718341,75.00260984174932,-17.25356093567792
exog-future+L720,4,1,42121,108.23246650465322,82.80231341784243,74.5719302719457,-16.340756997488118
exog-future+L720,4,1,42145,100.32046534085534,70.89880958239375,66.73675423842396,-27.056981791349504
exog-future+L720,4,1,42169,87.9102140455705,59.83280538968116,57.66390572965228,-25.64603031348184
exog-future+L720,4,1,42193,77.59328256775322,52.74774167749781,54.707355219172186,-9.50988491522026
exog-future+L720,4,1,42217,60.01876446767672,43.28987609688822,65.07113664948007,21.08068775427581
exog-future+L720,4,1,42241,51.12853532000842,40.37896141053181,59.76099597215418,35.642406077392586
exog-future+L720,4,1,42265,67.8459199733688,54.91126516719624,69.35996533798102,52.009040672008986
exog-future+L720,4,1,42289,56.40307404689492,45.5771101502375,60.516928521759006,42.51304528503807
exog-future+L720,4,1,42313,68.78730938878307,56.1849133276308,79.22744572994677,47.674808967063846
exog-future+L720,4,1,42337,82.5165667273363,65.98858276825817,93.6278370323982,59.523258194308525
exog-future+L720,4,1,42361,95.7085915300429,80.54828369569051,113.62474373006712,79.81280457019581
exog-future+L720,4,1,42385,95.68507678122252,84.46769919437348,108.9884670261049,84.29008874838144
exog-future+L720,4,1,42409,96.98915560721916,86.55573049503727,99.07602663278736,86.09983203414211
exog-future+L720,4,1,42433,81.33634463514892,71.18227812088179,84.12551129788629,70.65737301497954
exog-future+L720,4,1,42457,73.49440204799971,66.00192341725393,91.07663157460227,63.65939474171054
exog-future+L720,4,1,42481,83.47818143010815,75.71838416333341,105.2964933065274,74.89919184280842
exog-future+L720,4,1,42505,79.74642921326841,72.03477434954327,98.91860216671743,71.5169612768567
exog-future+L720,4,1,42529,73.39355905908172,62.09082560808406,91.39682682176252,61.37510080708226
exog-future+L720,4,1,42553,54.56563425767328,45.99057133497183,83.67234531594914,28.08700723372295
exog-future+L720,4,1,42577,58.089409480767046,44.69195052008066,80.31077627588081,11.159931103001188
exog-future+L720,4,1,42601,55.529313540650165,42.19928843032079,89.75172347306454,6.94984109914799
exog-future+L720,4,1,42625,52.41360383425757,39.77374616702861,79.90888803413235,5.51057052856154
exog-future+L720,4,1,42649,72.78300198534919,58.78562580589154,66.66656752283731,-7.763287766941555
exog-future+L720,4,1,42673,86.97195782361503,71.34928137803001,60.40728646022146,-33.44851573165293
exog-future+L720,4,1,42697,93.40022138056608,77.98924964293046,59.677774092454406,-44.0018790446565
exog-future+L720,4,1,42721,86.22923797385805,71.72990595499641,63.89784381976307,-27.17033434045783
exog-future+L720,4,1,42745,81.94042193593954,67.39341329828477,56.94271262108486,-16.667679640233157
exog-future+L720,4,1,42769,87.90783600935087,72.71491743238242,52.78517916808043,-25.57598536009508
exog-future+L720,4,1,42793,91.24153740807628,72.8523041774025,48.243640740139234,-32.89602829453193
exog-future+L720,4,1,42817,89.70867894387777,66.59781170367194,44.44201114190079,-30.656815331350657
exog-future+L720,4,1,42841,80.798476615115,56.578678078371134,54.63395992247433,-7.806416253788861
exog-future+L720,4,1,42865,74.53519608244648,50.254274124271,50.035478382658304,3.007382937477092
exog-future+L720,4,1,42889,86.92056260430478,62.23312651560381,46.52190049266954,-20.45908844870341
exog-future+L720,4,1,42913,87.33078370998253,61.81575908483032,59.579493762884496,-33.23261369589874
exog-future+L720,4,1,42937,89.52885681528478,59.09245746995089,82.54358080077603,-45.25543523478925
exog-future+L720,4,1,42961,87.49856621512494,56.1657844625912,92.4832815273744,-46.01652765851794
exog-future+L720,4,1,42985,64.03941328013514,42.29040698197685,102.1488488158354,-26.513107757301928
exog-future+L720,4,1,43009,50.582327823575575,35.53275890172948,110.98317156637864,-7.527995862672576
exog-future+L720,4,1,43033,37.361826158246,24.40799955421308,115.01853563571208,-16.66820368337121
exog-future+L720,4,1,43057,29.067483517998973,19.630625158036203,100.22769451437844,-1.4207026462586774
exog-future+L720,4,1,43081,27.513150877705225,19.823048020514403,96.71803454888943,-0.1153593789386017
exog-future+L720,4,1,43105,29.9417432701804,23.261485898693543,97.0143831527176,3.9576384838774734
exog-future+L720,4,1,43129,65.3398828325361,42.58053284338106,76.94326798566064,-13.993897406842713
exog-future+L720,4,1,43153,90.13556537909986,63.06665925354429,75.75219033610644,-7.671228362882992
exog-future+L720,4,1,43177,81.95395894182948,56.92496233506544,72.19351064952549,-11.110707658089014
exog-future+L720,4,1,43201,81.19559787102892,60.08168176966458,88.98042670251333,-3.059979944369905
exog-future+L720,4,1,43225,90.44011413115818,72.21079527935792,86.96272616731785,17.629924480403616
exog-future+L720,4,1,43249,88.73317999775762,73.51151020029039,85.72499779423762,22.16972740860395
exog-future+L720,4,1,43273,84.9807585173918,68.11461947342006,84.58127840453152,5.986639588192433
exog-future+L720,4,1,43297,71.81352598923517,61.141929568542864,99.378752404944,35.787294038249314
exog-future+L720,4,1,43321,66.9044248057263,57.991683472948026,98.87144196740316,42.66393294979382
exog-future+L720,4,1,43345,66.61567067816515,55.29487767521184,85.45142900418544,33.611508693505414
exog-future+L720,4,1,43369,65.6951215129765,53.80858404949835,79.11441302598757,28.46288764521441
exog-future+L720,4,1,43393,57.78589124282302,51.05614109412785,87.51577684328883,24.31681407735193
exog-future+L720,4,1,43417,55.4182558262411,49.90444997117658,97.83006130678324,29.677696765876423
exog-future+L720,4,1,43441,51.28118940206935,47.04921716615972,88.19288586357015,34.31764022069628
exog-future+L720,4,1,43465,47.32075661664923,40.56886056074378,69.5409820829783,22.948527916785924
exog-future+L720,4,1,43489,51.92288062417519,45.3773463808487,83.09327615342761,33.028516564552056
exog-future+L720,5,1,41641,86.77027430492501,54.84388863397764,45.19449092232238,-20.064630562459595
exog-future+L720,5,1,41665,122.66503665341386,83.59118529587694,51.59483725671282,-52.76944020461934
exog-future+L720,5,1,41689,136.00419402681305,100.28199827335143,55.80691816865435,-79.54217191207329
exog-future+L720,5,1,41713,140.59340613470428,109.8474249417521,62.28781987603147,-96.26235553420078
exog-future+L720,5,1,41737,146.2256532219694,109.48812679311438,80.65901059744512,-101.75610456560167
exog-future+L720,5,1,41761,134.982741401407,102.62088679109893,93.60669268601984,-95.63428367941916
exog-future+L720,5,1,41785,129.78537346559614,95.4145390054184,92.8887838248354,-87.72921933425317
exog-future+L720,5,1,41809,102.90699691511968,69.43049025322064,95.39619529179284,-58.47079030761181
exog-future+L720,5,1,41833,70.78099767295105,48.81028999998004,84.38764972102236,-12.637180331372935
exog-future+L720,5,1,41857,41.8579558780604,31.117638956378634,78.65597826156342,11.524089915261852
exog-future+L720,5,1,41881,50.16827911688486,36.36513975019288,71.13217833354979,7.889216945306765
exog-future+L720,5,1,41905,81.64814848372193,52.97081212363474,62.55198695125293,-18.047115509559134
exog-future+L720,5,1,41929,79.44962476124279,52.18835473110888,48.31251887249996,-25.39993190128424
exog-future+L720,5,1,41953,82.23903725502224,55.99160864504562,49.73501817542405,-21.403920050693248
exog-future+L720,5,1,41977,78.97708758415428,58.7512955331136,43.96400060327383,-8.221478217321053
exog-future+L720,5,1,42001,78.57151385895286,60.32102830236417,40.80159919489478,-7.274086000237243
exog-future+L720,5,1,42025,87.61752993409097,70.85548957834722,43.99906740525352,-15.418104278746208
exog-future+L720,5,1,42049,112.76764516704824,90.8830464819326,50.37902341737055,-30.297083407727417
exog-future+L720,5,1,42073,108.90216470104949,85.40107998285991,66.57662861055184,-18.78205653323096
exog-future+L720,5,1,42097,106.88694772926884,80.90013788478606,74.90145952608785,-16.9088605012656
exog-future+L720,5,1,42121,107.96409772235307,82.67108672562924,74.31500970569671,-15.913621644062935
exog-future+L720,5,1,42145,99.93568631558678,70.716302671688,66.72129020086803,-26.846521312185534
exog-future+L720,5,1,42169,87.8942312955959,59.81635614151948,57.18940234428855,-25.474878433310653
exog-future+L720,5,1,42193,76.91947398342495,52.48801568628486,54.75388644758027,-9.327982030877925
exog-future+L720,5,1,42217,60.16457290916789,43.47753961217799,64.98218728955865,21.50322203629829
exog-future+L720,5,1,42241,51.34012729280112,40.55954963869152,59.80028980911577,35.73865105747335
exog-future+L720,5,1,42265,67.67961178589871,54.563486255872064,66.51913421309634,52.24461149336056
exog-future+L720,5,1,42289,56.49683522961011,45.5587688972174,61.74888507964874,42.480740208247134
exog-future+L720,5,1,42313,68.89631158096992,56.19558863396861,79.14015505626273,47.789854744122216
exog-future+L720,5,1,42337,82.30704616835324,65.69068155520465,93.31693825447124,59.27588329995043
exog-future+L720,5,1,42361,95.44978266058692,80.24089730983314,112.95071160613514,79.54815445749202
exog-future+L720,5,1,42385,95.10405363521332,84.3069422173103,109.26865148193114,84.08679932264337
exog-future+L720,5,1,42409,96.65957750709504,86.25563451360547,98.9711688085183,85.76352365672585
exog-future+L720,5,1,42433,79.25079277615973,70.24399539593745,84.31507506681628,69.3844715574002
exog-future+L720,5,1,42457,73.80238813324253,66.40790928288828,91.46688176125733,64.02987668872943
exog-future+L720,5,1,42481,83.06140785824147,75.33308782871256,105.7952554286145,74.41058010343784
exog-future+L720,5,1,42505,79.23411649168357,71.46696447998585,98.82017867237764,70.92672311253033
exog-future+L720,5,1,42529,72.40766855571353,61.289886909869,91.56074858864008,60.51858608728973
exog-future+L720,5,1,42553,54.21345489579082,45.60737558254174,84.28650610362173,27.76807758969697
exog-future+L720,5,1,42577,58.09740986887311,44.56655357189568,80.11451423043047,10.752399695886693
exog-future+L720,5,1,42601,55.3628410828665,41.79067418751439,92.11951533834308,6.550624655524722
exog-future+L720,5,1,42625,52.29352130851036,39.15032617475968,78.12849353521403,4.599388299996772
exog-future+L720,5,1,42649,73.00862704206949,58.55578651952289,66.23260121619184,-8.774363567613209
exog-future+L720,5,1,42673,87.38634537011156,71.37732913009616,60.18759967390631,-34.28747525791405
exog-future+L720,5,1,42697,93.8972291567126,78.09484962554983,59.52161975513685,-44.897427934407744
exog-future+L720,5,1,42721,86.22742311453472,71.40110904696361,63.35669853074596,-27.184469794162872
exog-future+L720,5,1,42745,81.93766197705885,67.16136618411221,56.60559296625394,-17.311812497601494
exog-future+L720,5,1,42769,88.42118541780307,72.87811352383142,52.73444069367548,-26.52270994650796
exog-future+L720,5,1,42793,91.0909355715728,72.39023913756459,47.77473218215971,-34.42951485108064
exog-future+L720,5,1,42817,89.82214265415384,66.5266717647971,44.28065358159873,-31.052539601263422
exog-future+L720,5,1,42841,80.97520215886478,56.46648756401336,54.46674099768798,-8.205565781123564
exog-future+L720,5,1,42865,75.64546619315502,50.20691624921871,49.22144340930492,2.504608740090735
exog-future+L720,5,1,42889,87.07974735147506,62.34627362103396,46.97390153410502,-20.95140060565354
exog-future+L720,5,1,42913,87.59880639253488,61.99315839620104,60.093642433502616,-33.65347460901462
exog-future+L720,5,1,42937,89.93662227526457,59.34389524818262,82.76345595290954,-45.54777943930634
exog-future+L720,5,1,42961,87.77701861986354,56.46111855827552,93.64671838083667,-46.380977692067766
exog-future+L720,5,1,42985,63.95236904888098,42.10339186421498,101.88761880549076,-26.76875169824548
exog-future+L720,5,1,43009,50.54310045203018,35.460044196838126,112.3231448663078,-8.075897432224163
exog-future+L720,5,1,43033,37.78214066472452,24.786220385751253,116.9826493195324,-17.473833669901012
exog-future+L720,5,1,43057,29.29615075573792,19.781103371113996,101.34182450458655,-2.7123236666851445
exog-future+L720,5,1,43081,27.650906154529512,19.91310260713133,98.86244800975987,-0.9392197366976938
exog-future+L720,5,1,43105,29.71453787012465,22.997199102976,96.9528414317014,3.1352533811987127
exog-future+L720,5,1,43129,64.64996512079708,42.14184854463389,78.31755078907666,-14.446247341764296
exog-future+L720,5,1,43153,90.1099845249493,62.62287706632243,75.06073041584106,-8.964898487554397
exog-future+L720,5,1,43177,82.13823154321902,56.7142517706892,72.27204924543639,-12.356742600494892
exog-future+L720,5,1,43201,81.39553554664725,59.56210308460892,88.32173708387768,-4.245040732902662
exog-future+L720,5,1,43225,90.10428808479556,71.496901570764,86.43566507987286,15.949588088564102
exog-future+L720,5,1,43249,88.51505620353497,72.67543150317096,84.96109137948507,19.522403735889934
exog-future+L720,5,1,43273,84.36856810676998,67.21611229151564,83.65595044852162,4.560988017420933
exog-future+L720,5,1,43297,70.96918129060413,59.98378403613218,98.26252191935195,34.388687219102025
exog-future+L720,5,1,43321,65.83977207639397,56.78738626445072,97.91245968809962,41.088509047750016
exog-future+L720,5,1,43345,65.56852380744652,53.731753315840855,84.20110001933303,32.04143789192693
exog-future+L720,5,1,43369,63.80107282630714,52.25041455829953,78.12277168925019,27.18954956120456
exog-future+L720,5,1,43393,57.747831640885,50.62721717127587,87.26134040691224,22.51018318636258
exog-future+L720,5,1,43417,58.52654181092301,52.31254650118976,99.41061455654416,27.63587769808124
exog-future+L720,5,1,43441,50.40316178769834,46.40450744208515,88.02946330935048,32.278769397040946
exog-future+L720,5,1,43465,47.60408824700247,41.924902619113176,72.10437237178249,21.51389599821269
exog-future+L720,5,1,43489,51.25828979088275,44.66542973989975,82.51532673920222,31.244424339446944
exog-future+L720,6,1,41641,86.81617879888911,54.8386517644779,45.40534372613539,-20.36726180772666
exog-future+L720,6,1,41665,122.62684982933696,83.53131925391942,51.79394257813836,-52.956814288865885
exog-future+L720,6,1,41689,136.3349897347535,100.9111333172274,56.03336804611136,-79.45882864072969
exog-future+L720,6,1,41713,140.66000710393806,109.83569969933748,62.28201105240048,-96.5270677438257
exog-future+L720,6,1,41737,146.23013562055266,109.44703305039312,80.56805768897807,-101.93834649436268
exog-future+L720,6,1,41761,134.72792625410105,102.67646439852706,94.14685224446512,-95.81328822014902
exog-future+L720,6,1,41785,129.6125907793237,95.27404344927338,92.75207907436554,-87.73345818458127
exog-future+L720,6,1,41809,102.89338684740626,69.3646241404438,95.43056700978842,-58.50702036663215
exog-future+L720,6,1,41833,70.71916339568774,48.73616869425239,85.2945356693222,-12.707079675318486
exog-future+L720,6,1,41857,41.82142837088285,31.06309409564927,78.67058945808574,11.380304740929928
exog-future+L720,6,1,41881,50.36707608778929,36.452584472221815,73.30605327859632,7.612626496380177
exog-future+L720,6,1,41905,81.75648778370383,52.97888244344302,62.54114449840975,-18.34655246256904
exog-future+L720,6,1,41929,79.50393150863741,52.18916322583211,48.48759500542737,-25.533359796535954
exog-future+L720,6,1,41953,81.64029161699501,55.29926459038762,50.203890527950826,-21.580014401524803
exog-future+L720,6,1,41977,78.95966659208466,58.76238386942586,43.85559791690679,-8.078713323827479
exog-future+L720,6,1,42001,78.59516397719209,60.45281417279191,40.901439553388144,-7.263005444718108
exog-future+L720,6,1,42025,87.74057796824304,70.99302145228079,43.98638782398687,-15.506944984154169
exog-future+L720,6,1,42049,112.6223256036523,90.8307754564075,50.28095079335051,-30.042472403281096
exog-future+L720,6,1,42073,109.1384474010707,85.51230699704392,67.1794981052033,-18.562459049057235
exog-future+L720,6,1,42097,107.0320970652238,80.99790989255942,75.04358794525307,-17.019074458056014
exog-future+L720,6,1,42121,108.07668143524415,82.40525809128225,73.94479198005467,-16.450834154204774
exog-future+L720,6,1,42145,100.05654564849212,70.80731300138599,66.63363291741024,-26.793292085847416
exog-future+L720,6,1,42169,87.72981064223728,59.7925067936616,57.65711453257495,-25.44981666890885
exog-future+L720,6,1,42193,77.29833396302632,52.79198701582879,54.56777843872917,-8.866054766428135
exog-future+L720,6,1,42217,60.07074000829125,43.35520899057983,64.99929410929595,21.305151466818398
exog-future+L720,6,1,42241,51.15846091575628,40.37662776454636,59.83401725559022,35.6082913567479
exog-future+L720,6,1,42265,67.80128409968327,54.63878552306481,66.73146590803908,52.276534828766366
exog-future+L720,6,1,42289,56.59594401040588,45.53875188432911,60.61511022735431,42.59659869204461
exog-future+L720,6,1,42313,68.84452852920049,56.18554166737264,79.15204503412532,47.80122414573588
exog-future+L720,6,1,42337,82.47679861376206,65.80960314617013,93.68660584371398,59.277141583538345
exog-future+L720,6,1,42361,95.68815144015626,80.38007441551206,113.17860222515588,79.65786059901926
exog-future+L720,6,1,42385,95.31244997279968,84.43955014064215,109.24277859465964,84.23570389516124
exog-future+L720,6,1,42409,96.85546116259596,86.3722009377189,98.98565377761696,85.89551093286019
exog-future+L720,6,1,42433,79.14486492285347,70.14173011963547,84.2202762789165,69.34416212423552
exog-future+L720,6,1,42457,73.7175819571118,66.37600649671329,91.43437557604284,64.1147143332131
exog-future+L720,6,1,42481,83.22277558888298,75.47203429327817,105.96251032579988,74.5304870954271
exog-future+L720,6,1,42505,79.28523125281566,71.62371383367073,98.66870978363428,71.19898247142774
exog-future+L720,6,1,42529,72.89454224973323,61.71523213034446,91.7339339120962,60.95640211150831
exog-future+L720,6,1,42553,54.3531242150694,45.8125476939015,84.90342109454626,28.054427026226595
exog-future+L720,6,1,42577,58.61700166096445,44.56126952678175,78.94213155605543,10.753612104479666
exog-future+L720,6,1,42601,55.36997385929181,41.88791406054234,90.96807013800156,6.47921796917931
exog-future+L720,6,1,42625,52.30145344902877,39.35414865320323,79.1456312587297,4.987134009665969
exog-future+L720,6,1,42649,72.91258095039547,58.64287131323471,66.37512934266108,-8.39955460615488
exog-future+L720,6,1,42673,87.0968356795536,71.20770933876126,60.1165289995874,-34.054045934655946
exog-future+L720,6,1,42697,93.64935163910964,77.96896315127489,59.49500826558175,-44.61302270994024
exog-future+L720,6,1,42721,86.34475122998776,71.62921448552292,63.633212112739066,-27.607003714053224
exog-future+L720,6,1,42745,81.6884401722121,66.99880969022128,56.517639445865,-17.007110884533148
exog-future+L720,6,1,42769,88.3066734408428,73.12354121259465,52.95974207879715,-25.64171608011634
exog-future+L720,6,1,42793,91.04068965843312,72.46128856853099,48.00880607887596,-33.57650000774772
exog-future+L720,6,1,42817,89.61719952693153,66.36849022691086,44.14607819307984,-30.94586696986604
exog-future+L720,6,1,42841,80.86327717216359,56.34671588527016,54.464592408001046,-8.196523869114392
exog-future+L720,6,1,42865,75.53549145544893,50.10172618213706,49.17067926624296,2.563719117325617
exog-future+L720,6,1,42889,86.95917285525299,62.21454719172301,46.94904448202921,-20.85847253937174
exog-future+L720,6,1,42913,87.87929427173286,61.94877646943669,59.35206375191056,-34.45774406002137
exog-future+L720,6,1,42937,89.70076267910676,59.14922316961468,82.69300400993774,-45.49838257494257
exog-future+L720,6,1,42961,85.64122412002317,55.7658374995712,95.445565156585,-45.3163073292964
exog-future+L720,6,1,42985,64.11367616475462,42.37953297023614,103.08903242770856,-26.914726397657816
exog-future+L720,6,1,43009,50.54530697038725,35.49156527158469,111.46207845409576,-8.022899295914405
exog-future+L720,6,1,43033,37.60767745752837,24.64421000488246,116.98297998640112,-17.17177549370934
exog-future+L720,6,1,43057,29.945585185508055,20.02249228453152,103.05052103000634,-1.9593290590652304
exog-future+L720,6,1,43081,25.81999765250749,19.212713200410537,95.18863105218948,-1.4000791361259977
exog-future+L720,6,1,43105,29.58821265910739,22.91679659199992,97.09608459347022,3.281235152253496
exog-future+L720,6,1,43129,64.32883646666103,42.02991017762584,78.09318389853784,-14.2044303484469
exog-future+L720,6,1,43153,89.95781436604224,62.71720429202632,75.36053972815134,-8.463056304162679
exog-future+L720,6,1,43177,81.98781575305469,56.673664185458016,72.23391408585901,-12.089967504912858
exog-future+L720,6,1,43201,81.21409559723418,59.57963224275388,88.41343599738329,-3.862404299859788
exog-future+L720,6,1,43225,90.90463097090895,71.84365650332214,84.67088310966803,16.481062116048065
exog-future+L720,6,1,43249,88.72074213497574,73.0105198629349,85.15471882499338,20.259847577301954
exog-future+L720,6,1,43273,84.77341502172926,67.68851606587106,84.14760814128451,5.090877145857359
exog-future+L720,6,1,43297,71.19725140781141,60.27596659584385,98.55233905488797,34.80771888854414
exog-future+L720,6,1,43321,66.12660155515334,57.11338441813394,98.16819695330985,41.57148675500393
exog-future+L720,6,1,43345,65.75607931273098,53.96854034119055,84.40637264861563,32.52707634491223
exog-future+L720,6,1,43369,64.05432273135723,52.49902814112877,78.33828294532887,27.67988367046008
exog-future+L720,6,1,43393,58.10913685802175,51.04605207060232,87.57010597672176,23.12809998784279
exog-future+L720,6,1,43417,58.60927069048312,52.58473208322022,99.865723765712,28.00046718795217
exog-future+L720,6,1,43441,50.81461470422143,46.75854591511208,88.30143985921436,33.09216166495067
exog-future+L720,6,1,43465,48.10037239652426,42.33238815322047,72.41938166154294,22.29071916665892
exog-future+L720,6,1,43489,51.48991975530832,44.92031795125068,82.7413887814553,31.956320867466168
exog-future+L720,7,1,41641,86.83784530875668,54.84949189121378,45.38211736395332,-20.38670528398483
exog-future+L720,7,1,41665,122.61355989432134,83.51511543207708,51.678958280823686,-52.93031668983099
exog-future+L720,7,1,41689,136.32103640829385,100.90098247029124,56.07887227659797,-79.42209745717079
exog-future+L720,7,1,41713,140.65664006699723,109.85091594856792,62.242446103815205,-96.47368271861828
exog-future+L720,7,1,41737,146.26792612496894,109.47213669281354,80.56023801545908,-101.9353637788782
exog-future+L720,7,1,41761,134.77031327765675,102.71077556727394,94.21024126834912,-95.82023186049716
exog-future+L720,7,1,41785,129.6305837210691,95.28583207268755,92.77148711535658,-87.69870924446705
exog-future+L720,7,1,41809,102.91926010432483,69.41581904858887,95.4267023509418,-58.50415252647624
exog-future+L720,7,1,41833,70.74054874228719,48.80156075945156,85.08272196119862,-12.641768487184798
exog-future+L720,7,1,41857,41.86032140563975,31.113049453244592,78.65333925583255,11.452139624074777
exog-future+L720,7,1,41881,50.22767399340408,36.41730614320102,71.4164922407557,7.804500109548247
exog-future+L720,7,1,41905,81.79845338518861,53.02397410679925,62.52113409604584,-18.27102484806188
exog-future+L720,7,1,41929,79.57422528724202,52.23648234987602,48.43156138269482,-25.507346134073032
exog-future+L720,7,1,41953,82.30217741047882,56.0103641491708,49.71725421662166,-21.207985785614703
exog-future+L720,7,1,41977,79.01780762914751,58.79805785290301,43.90142825844774,-8.080951128701392
exog-future+L720,7,1,42001,78.6525503079377,60.47823252991029,40.92576727618874,-7.284479231890424
exog-future+L720,7,1,42025,87.77739951430657,71.01049198900779,44.01029463900456,-15.526369469567774
exog-future+L720,7,1,42049,112.65575151067056,90.85154285731076,50.30396963619764,-30.04095154950134
exog-future+L720,7,1,42073,109.16781359035708,85.53970906039487,67.18976789393021,-18.51972182107575
exog-future+L720,7,1,42097,107.11466197450304,81.26834894501496,75.33176396236479,-16.35269145093352
exog-future+L720,7,1,42121,108.11347855653165,82.43744355758989,73.92977596246854,-16.40381852786887
exog-future+L720,7,1,42145,100.08759202561464,70.83075537227053,66.59161393528983,-26.711040790054067
exog-future+L720,7,1,42169,87.76710177307513,59.83693605540529,57.65978488763681,-25.3923594413142
exog-future+L720,7,1,42193,76.91194021713969,52.53096361693971,54.74743845020542,-9.108974594305993
exog-future+L720,7,1,42217,60.14609347202475,43.44433756375157,65.01933285814123,21.426960918806383
exog-future+L720,7,1,42241,52.31725253360201,41.40119547329336,62.64073683002928,35.09965081240631
exog-future+L720,7,1,42265,67.7912643114441,54.661800216313296,66.50934787927936,52.353580744798265
exog-future+L720,7,1,42289,56.40914597984021,45.52429774487681,61.655953785724094,42.529391937386016
exog-future+L720,7,1,42313,71.1720064525555,57.33160962793512,78.00425919335774,48.50210743207204
exog-future+L720,7,1,42337,81.9171188310677,65.56783036827771,93.9382863208719,58.21505022828088
exog-future+L720,7,1,42361,95.8273651523768,80.55516785171858,113.19865744929328,79.85003735535031
exog-future+L720,7,1,42385,95.42086175413311,84.60024051001139,109.37425034544025,84.39854102108585
exog-future+L720,7,1,42409,97.13137689381632,87.03139801749828,99.52230142082182,86.61533009775083
exog-future+L720,7,1,42433,79.29146402329538,70.33174575204413,84.3526341315515,69.53243745266329
exog-future+L720,7,1,42457,73.89939527086783,66.57594181808281,91.58064165308264,64.31596334237932
exog-future+L720,7,1,42481,83.43670172894807,75.69299847722024,106.07174411740428,74.76752565350782
exog-future+L720,7,1,42505,79.5274444130523,71.89838852029501,98.6627324204458,71.48660461258122
exog-future+L720,7,1,42529,73.01203916507757,61.84761360663903,91.51070329316802,61.12331017561913
exog-future+L720,7,1,42553,54.56445001631768,46.02050183288436,83.68520005786857,28.103434735671943
exog-future+L720,7,1,42577,59.40513210465931,44.92298112590316,79.23645307481735,10.639533198745504
exog-future+L720,7,1,42601,55.413643896497085,42.01934044050605,90.87528006504336,6.711720685088925
exog-future+L720,7,1,42625,52.31101762354789,39.48092704642007,79.23284035090664,5.216451594436911
exog-future+L720,7,1,42649,72.78153067566666,58.62185259074644,66.38233499187338,-8.214563175205361
exog-future+L720,7,1,42673,87.21719020247357,71.36090678831386,60.27659336390943,-33.95501380066196
exog-future+L720,7,1,42697,93.73241817506096,78.09072040292317,59.62987617417578,-44.518946206423074
exog-future+L720,7,1,42721,85.59576964627418,71.2909215946657,63.75439759940394,-26.85057497936254
exog-future+L720,7,1,42745,81.78199475803373,67.14177766589111,56.68295161686784,-16.89088114340615
exog-future+L720,7,1,42769,88.05873310733914,72.55739295221807,52.55630026090413,-25.72075507673805
exog-future+L720,7,1,42793,91.08068520714669,72.55953556606961,48.12636980989502,-33.48798956095843
exog-future+L720,7,1,42817,89.28563722532654,66.18293168590532,44.00957934934412,-30.56898779564996
exog-future+L720,7,1,42841,80.88720121135937,56.4232880916398,54.39529457277471,-8.003153436629052
exog-future+L720,7,1,42865,75.66224575477914,50.21054199880907,48.1774412526143,3.206309268091437
exog-future+L720,7,1,42889,87.00236391042961,62.27438258629103,46.65938929521226,-20.706186990261376
exog-future+L720,7,1,42913,87.86204419500704,61.96464564969907,59.15441913568318,-34.296429566901615
exog-future+L720,7,1,42937,89.67181425011681,59.13569657880509,82.64686474320901,-45.39230118514725
exog-future+L720,7,1,42961,85.46613798606982,55.66173112269236,94.60631336531088,-44.82116154512911
exog-future+L720,7,1,42985,64.10882093175559,42.36314153537866,102.5475079066211,-26.787366418771565
exog-future+L720,7,1,43009,50.55706398271292,35.50510461074906,111.31135319281856,-7.882051313901549
exog-future+L720,7,1,43033,37.4636871219336,24.56842340026404,115.6786262072604,-17.103046906212477
exog-future+L720,7,1,43057,29.968627526303745,20.049567096483607,102.69479483087149,-1.7325540649301518
exog-future+L720,7,1,43081,27.55191356502234,19.839591479879,97.47123231154188,-0.5404353090454593
exog-future+L720,7,1,43105,29.67449252741059,22.998414339815145,96.94315568196342,3.484120928490902
exog-future+L720,7,1,43129,64.42179640105573,42.11236371198707,77.70942240318013,-13.944128689919786
exog-future+L720,7,1,43153,89.29120735119592,62.49268824627079,74.31110533072017,-5.73089078091234
exog-future+L720,7,1,43177,81.9839833400129,56.783433177258885,72.19108416560566,-11.804319034092
exog-future+L720,7,1,43201,81.24092119334345,59.723437302412265,88.51426957850796,-3.648120061649601
exog-future+L720,7,1,43225,90.8924775345513,71.96125242839454,84.78275504157511,16.686069467817667
exog-future+L720,7,1,43249,88.76080660797074,73.17052633529772,85.32285199750626,20.45858265105684
exog-future+L720,7,1,43273,84.89804438583631,67.95831119472234,84.46484251612532,5.413472372362297
exog-future+L720,7,1,43297,71.4224083540088,60.61344095227936,98.9055816392094,35.174122141224906
exog-future+L720,7,1,43321,66.37375674823734,57.42160376612607,98.44602856560616,41.94353661747683
exog-future+L720,7,1,43345,65.96412013414286,54.23404365048348,84.63992705001822,32.881683536064905
exog-future+L720,7,1,43369,64.21379614481732,52.726202024911,78.57743637789642,28.014735779665106
exog-future+L720,7,1,43393,58.23923116192005,51.224047039066,87.73118657819671,23.408676144017093
exog-future+L720,7,1,43417,58.64786277821812,52.67213369844484,99.96583051410208,28.17442793571772
exog-future+L720,7,1,43441,51.90755643035636,48.05366100786443,89.79591356758301,33.41803052823261
exog-future+L720,7,1,43465,48.30735320398092,42.43956685034832,72.4637304512771,21.91571781208301
exog-future+L720,7,1,43489,51.837312830152285,45.27110674627306,83.10536048494187,32.17555739874183
exog-future+L720,8,1,41641,86.80265023082053,54.83784516443244,45.36235689343804,-20.304561592376075
exog-future+L720,8,1,41665,122.57026809765232,83.49395419278184,51.66663927991615,-52.8581768360646
exog-future+L720,8,1,41689,136.26479324200102,100.87911289674412,56.08625245670259,-79.33930892759852
exog-future+L720,8,1,41713,140.60414736039365,109.81872592239036,62.27325912060875,-96.39611092673984
exog-future+L720,8,1,41737,146.21089718186167,109.42807748021882,80.54470041040554,-101.87151070755168
exog-future+L720,8,1,41761,135.1961648441651,102.97543421691034,94.5203914358139,-95.91648176221612
exog-future+L720,8,1,41785,129.6002053045104,95.26354695067891,92.74977481663647,-87.65302321975467
exog-future+L720,8,1,41809,102.87687103330056,69.39203401560333,95.40756790467636,-58.46297607002001
exog-future+L720,8,1,41833,70.71029175312344,48.795825878210245,85.0082492458157,-12.598734974994867
exog-future+L720,8,1,41857,41.85079468530939,31.11867056632716,78.68913459250345,11.492387574529262
exog-future+L720,8,1,41881,50.20171697886263,36.41872530432765,71.348578054578,7.869053202408206
exog-future+L720,8,1,41905,81.75211101493838,53.0147374899337,62.538296761611264,-18.18173973423089
exog-future+L720,8,1,41929,79.54489596762289,52.23254801895304,48.43357820346756,-25.44391606323612
exog-future+L720,8,1,41953,82.31437960574445,55.99038203651332,49.76997870259737,-21.45024870996209
exog-future+L720,8,1,41977,79.00089584795523,58.79803064475141,43.90825930932753,-8.035760177854483
exog-future+L720,8,1,42001,78.63278852777671,60.464383057969954,40.91419378404815,-7.244578980463881
exog-future+L720,8,1,42025,87.69012009427391,70.98377597209351,43.92688925725998,-15.026765097013184
exog-future+L720,8,1,42049,112.6116661985602,90.82590797215238,50.29188418666634,-29.991896671407783
exog-future+L720,8,1,42073,109.11677908477252,85.50941625020047,67.16925709725805,-18.46691559323949
exog-future+L720,8,1,42097,106.79833787548831,80.85927277958892,74.92543200687146,-16.918010418982362
exog-future+L720,8,1,42121,108.06345440239522,82.40739893233068,73.91374072532271,-16.35606712855194
exog-future+L720,8,1,42145,100.02942524942593,70.79060061291568,66.5603706512606,-26.66707283449033
exog-future+L720,8,1,42169,87.72362639776965,59.82089295804586,57.66313391241016,-25.37388151652251
exog-future+L720,8,1,42193,76.70572004687202,52.58692472218523,54.64577458370302,-8.675582916447668
exog-future+L720,8,1,42217,60.1526553200678,43.45628654735883,65.00934315679237,21.46501091454938
exog-future+L720,8,1,42241,52.32224642985992,41.3858497100462,62.60601958064462,35.07932953534359
exog-future+L720,8,1,42265,68.92131611229138,55.45778030750677,66.5718726102671,53.50797077905799
exog-future+L720,8,1,42289,56.67644384728077,45.62991344824909,60.47088235961952,42.71390113561853
exog-future+L720,8,1,42313,68.93431873709977,56.28670744749034,79.27215298860672,47.91102407269626
exog-future+L720,8,1,42337,82.06807850234782,65.72991974464829,94.59574550429556,57.79484051859194
exog-future+L720,8,1,42361,95.75573048320476,80.48285440088088,113.15061704691988,79.77645022589735
exog-future+L720,8,1,42385,95.33218836590962,84.49920909368645,109.29722981520943,84.29699387432679
exog-future+L720,8,1,42409,97.05238682052426,86.94750841648874,99.48361696373352,86.53123402646636
exog-future+L720,8,1,42433,79.22168392383821,70.26629318011389,84.31339000562588,69.46765339662629
exog-future+L720,8,1,42457,73.82210286160073,66.51140752922008,91.55887747265974,64.25185738710604
exog-future+L720,8,1,42481,83.3442844434051,75.5955009495271,106.03860049408318,74.65818352996995
exog-future+L720,8,1,42505,79.3916975942404,71.73409981721977,98.54564929828663,71.32031506878877
exog-future+L720,8,1,42529,72.81072851128233,61.62493648055848,91.0654672686876,60.88514345360221
exog-future+L720,8,1,42553,54.41875208650759,45.8852498229645,84.96026326177011,28.13787546876401
exog-future+L720,8,1,42577,58.70885841692615,44.651012649051125,79.04060840637177,10.870090038492789
exog-future+L720,8,1,42601,55.391432094293485,41.962207598129474,91.2119836756293,6.603749343133423
exog-future+L720,8,1,42625,52.29417871568695,39.39865737200531,79.36695714492778,5.064500468255386
exog-future+L720,8,1,42649,72.98736344300208,58.73637124365905,66.47985043651605,-8.384929429573853
exog-future+L720,8,1,42673,87.28156476789808,71.36115216258813,60.23158079148951,-34.1026297269008
exog-future+L720,8,1,42697,93.80338052908996,78.10223443033331,59.593516667207616,-44.67310554006637
exog-future+L720,8,1,42721,86.51246172226143,71.78486601573371,63.75655980951935,-27.641597765681976
exog-future+L720,8,1,42745,81.72648906914962,67.08750219859765,56.61226822593674,-16.9304031502418
exog-future+L720,8,1,42769,88.11073786606288,72.55438837162053,52.52479040496221,-25.87279369915111
exog-future+L720,8,1,42793,91.13761069549189,72.55864424069875,48.08672057036426,-33.64201737992213
exog-future+L720,8,1,42817,89.29296379882047,66.16174781481202,43.97359604030773,-30.6626326321418
exog-future+L720,8,1,42841,80.88497225767513,56.38156383856728,54.32990731940196,-8.098144508132245
exog-future+L720,8,1,42865,75.63471058367313,50.16367657784897,48.20031718058498,3.100987912607837
exog-future+L720,8,1,42889,87.03378259176114,62.27591336582943,46.67076598378169,-20.82005942174514
exog-future+L720,8,1,42913,87.9030446176554,61.97163135256154,59.171510928224194,-34.40225289568773
exog-future+L720,8,1,42937,89.71719141045173,59.15774558442709,82.671821733165,-45.471243709908514
exog-future+L720,8,1,42961,85.63471770548722,55.77553269345302,95.3755623061774,-45.29034002286092
exog-future+L720,8,1,42985,64.16310324906588,42.39624923673994,102.76189514051477,-26.881149737327004
exog-future+L720,8,1,43009,50.54911336040816,35.48276598679651,111.19617427200038,-8.07530782517235
exog-future+L720,8,1,43033,37.54081194152985,24.63361959366284,116.15014854114408,-17.232027988070264
exog-future+L720,8,1,43057,29.96133068146456,20.03246890174735,102.8577530844987,-1.890348423926911
exog-future+L720,8,1,43081,25.83446579640114,19.211180185652445,94.771404856788,-1.3059865975300091
exog-future+L720,8,1,43105,29.624824907502017,22.93838612476597,96.91476710051737,3.3243630783655167
exog-future+L720,8,1,43129,64.50203882558633,42.09828749683654,77.90991535091885,-14.149855777603854
exog-future+L720,8,1,43153,89.30575799727518,62.39761493903135,74.20778937223457,-5.98543181302138
exog-future+L720,8,1,43177,82.02127479709789,56.72917237078831,72.11973814369024,-12.034155688696131
exog-future+L720,8,1,43201,81.25675679509399,59.635351488045096,88.4153157979152,-3.879913417270884
exog-future+L720,8,1,43225,90.82451861943188,71.82948734156369,84.7065307976551,16.405916099445047
exog-future+L720,8,1,43249,88.68611187868527,73.01348665664158,85.20273837157636,20.15860285686037
exog-future+L720,8,1,43273,84.8783612435537,67.84926758202285,84.33860207657476,5.147875218004098
exog-future+L720,8,1,43297,71.26446735102974,60.38538041671133,98.67702895797348,34.89194818595024
exog-future+L720,8,1,43321,66.16809139579979,57.18661093621581,98.25404003859074,41.65873789054498
exog-future+L720,8,1,43345,65.79868549641584,54.03215563140024,84.47805115373365,32.60377326988677
exog-future+L720,8,1,43369,64.04521225755005,52.53604717691343,78.41161957574538,27.72578534879488
exog-future+L720,8,1,43393,58.05365781502629,51.01067837264929,87.57127340819673,23.09563115364532
exog-future+L720,8,1,43417,58.40645873618419,52.40716861679963,99.76464714134306,27.81626843095883
exog-future+L720,8,1,43441,52.16121371068088,48.31522996404559,90.0264099503905,32.963679410170734
exog-future+L720,8,1,43465,48.10218247893333,42.24319516871358,72.30162894947256,21.62067315280147
exog-future+L720,8,1,43489,51.66553136791666,45.07819730887943,82.93239748367854,31.878889215060536
exog-future+L720,9,1,41641,86.79418525199493,54.84683628974718,45.35089499862482,-20.290048237958736
exog-future+L720,9,1,41665,122.55967388124718,83.49243818673786,51.64045457577395,-52.83901927200033
exog-future+L720,9,1,41689,136.24498442456303,100.8699752304528,56.09985295460563,-79.31423506943756
exog-future+L720,9,1,41713,140.58234244207262,109.81230232189132,62.29106730509276,-96.36526430503534
exog-future+L720,9,1,41737,146.20958537796645,109.43207024863808,80.55024984635007,-101.8563711521981
exog-future+L720,9,1,41761,135.19984987862583,102.97526890075368,94.51584304775048,-95.9114728703116
exog-future+L720,9,1,41785,129.60817459069438,95.26696708768894,92.75186048295258,-87.64333063378452
exog-future+L720,9,1,41809,102.87767485994917,69.40180777679961,95.41370835073552,-58.46194942742764
exog-future+L720,9,1,41833,70.71889391099994,48.80456299650651,84.94882844063797,-12.589041436898428
exog-future+L720,9,1,41857,41.8437078529694,31.11573329011057,78.7419345615621,11.501062468689229
exog-future+L720,9,1,41881,50.18976891515388,36.41707721546724,71.39754538116104,7.895077878924896
exog-future+L720,9,1,41905,81.74769592403808,53.01551620400906,62.53795875681244,-18.148959729658458
exog-future+L720,9,1,41929,79.53939716511006,52.23521377775854,48.44330102644562,-25.432820424764444
exog-future+L720,9,1,41953,82.30507027638474,55.98874171274966,49.76107141420113,-21.451816910656447
exog-future+L720,9,1,41977,79.00353555980601,58.80038799911875,43.91840866004966,-8.04043393820172
exog-future+L720,9,1,42001,78.64161855871015,60.45865194945451,40.90906318193458,-7.249814553958743
exog-future+L720,9,1,42025,87.7083596333917,70.98672980972685,43.9301939900921,-15.037185918463578
exog-future+L720,9,1,42049,112.6097195928725,90.8162869407586,50.28705012583027,-29.989053252595426
exog-future+L720,9,1,42073,109.10332708394348,85.50843860136325,67.17138972106453,-18.444917254053816
exog-future+L720,9,1,42097,106.99800333976296,80.98341669380083,75.01271779107643,-16.933519307899402
exog-future+L720,9,1,42121,108.04682921884704,82.40349144977881,73.9215835062607,-16.335149430836964
exog-future+L720,9,1,42145,100.0167282611951,70.79544806475175,66.58217531597019,-26.65025976711304
exog-future+L720,9,1,42169,87.70343296201585,59.80759733935813,57.65843900292806,-25.369135769265988
exog-future+L720,9,1,42193,76.69929789444792,52.5801196112425,54.64159774277212,-8.672861055737531
exog-future+L720,9,1,42217,60.167794658008766,43.476279561491374,64.99513664681722,21.49184153913361
exog-future+L720,9,1,42241,52.33283138803708,41.39311443759195,62.53014882357485,35.079541515627014
exog-future+L720,9,1,42265,68.912372489091,55.45924251701531,66.62848239987036,53.51222678952436
exog-future+L720,9,1,42289,56.45590241811267,45.55055599645768,61.62787944702285,42.54094818235403
exog-future+L720,9,1,42313,71.21689172899102,57.34299713783788,77.9222936089009,48.51406917550051
exog-future+L720,9,1,42337,82.04765262111876,65.7116843635926,94.61512446354396,57.77418176742325
exog-future+L720,9,1,42361,95.73287465271784,80.46181911656333,113.08274918247636,79.75947170719725
exog-future+L720,9,1,42385,95.2967929069206,84.46800374896152,109.2860769733002,84.26097788668977
exog-future+L720,9,1,42409,97.02448406606854,86.92358077128486,99.47546550726372,86.50281072319369
exog-future+L720,9,1,42433,79.20099841507206,70.25387778727051,84.31295786096572,69.45056424442956
exog-future+L720,9,1,42457,73.80119531792903,66.49577715773486,91.55806058882771,64.23214735126678
exog-future+L720,9,1,42481,83.31517431231663,75.56900474985945,106.01069298016256,74.62922558890358
exog-future+L720,9,1,42505,79.39564937903337,71.75271742032919,98.61088833062264,71.33717290399119
exog-future+L720,9,1,42529,72.75505901190219,61.56525824645995,91.00354535060892,60.82546801823816
exog-future+L720,9,1,42553,54.405407979110905,45.868029440334624,84.94123231374512,28.115316913577832
exog-future+L720,9,1,42577,59.34373442786914,44.88178742781141,79.27968051216251,10.481576179209448
exog-future+L720,9,1,42601,55.394702161265954,41.95578187075127,91.27061533346708,6.583856264494004
exog-future+L720,9,1,42625,52.29883637870362,39.38757016551633,79.29006176773137,5.025127549687036
exog-future+L720,9,1,42649,73.01354525830602,58.74131818573504,66.46968925530811,-8.439408859346745
exog-future+L720,9,1,42673,87.33901345339072,71.39267233711283,60.24094982341375,-34.15729068879331
exog-future+L720,9,1,42697,93.85952802267906,78.13643527765836,59.60448196106887,-44.72916954849718
exog-future+L720,9,1,42721,86.5646929894221,71.81270315507989,63.75814129092001,-27.69248195864398
exog-future+L720,9,1,42745,81.74860767333931,67.09007247046665,56.608939249403925,-16.98531271449436
exog-future+L720,9,1,42769,88.0666593473096,72.67382491410751,52.69888398647792,-25.98613374693556
exog-future+L720,9,1,42793,91.16016944601031,72.56657774651913,48.08562412438193,-33.692433456715335
exog-future+L720,9,1,42817,89.3026046338658,66.15961808336321,43.96611630553816,-30.678904235834644
exog-future+L720,9,1,42841,80.89113063693867,56.38183858762711,54.32329177945117,-8.113328314499205
exog-future+L720,9,1,42865,75.65828425053886,49.95518507727335,48.84062199025509,2.6106972549313023
exog-future+L720,9,1,42889,87.05312742085023,62.29571526795006,46.70017662427513,-20.849031833540863
exog-future+L720,9,1,42913,87.9336095959733,61.99969470836746,59.20628596039519,-34.41950705395408
exog-future+L720,9,1,42937,89.5301253458377,58.989154328186046,82.654118514755,-45.4345024147287
exog-future+L720,9,1,42961,85.65816314988142,55.79888888200057,95.4164121221176,-45.31189464138077
exog-future+L720,9,1,42985,64.18168943718248,42.406902770576416,102.75598074788724,-26.895182615823455
exog-future+L720,9,1,43009,50.55306068094437,35.47831653965032,111.21272813401129,-8.105223975002676
exog-future+L720,9,1,43033,37.57737310136781,24.6616721484668,116.25613080748988,-17.26686876997418
exog-future+L720,9,1,43057,29.9650522560437,20.038597048912237,102.83094536332403,-1.9307638353068788
exog-future+L720,9,1,43081,25.87418283238353,19.232536088061547,94.85638815704088,-1.345778551051544
exog-future+L720,9,1,43105,29.62396792891407,22.932467290340707,96.91154894066,3.2842604136363915
exog-future+L720,9,1,43129,64.56166720540634,42.124721897743726,78.02715837389135,-14.200381287300202
exog-future+L720,9,1,43153,89.3178458318029,62.38570280555669,74.17416921633453,-6.065375258057251
exog-future+L720,9,1,43177,82.04480105995266,56.73551903789315,72.15423851035932,-12.097171075737371
exog-future+L720,9,1,43201,81.28663400036584,59.6300119817169,88.41702577358451,-3.951544384383559
exog-future+L720,9,1,43225,89.93261848908841,71.52318724644219,86.57516131510825,16.39495808758207
exog-future+L720,9,1,43249,88.66195304530848,72.97470367870108,85.17909712949667,20.058973069816847
exog-future+L720,9,1,43273,84.872541964245,67.83437044716553,84.32401033496811,5.074093950199989
exog-future+L720,9,1,43297,71.22474177442518,60.33267767844294,98.62556042254911,34.82266782781752
exog-future+L720,9,1,43321,66.11981630562022,57.13432264917782,98.2143016341236,41.579976628564886
exog-future+L720,9,1,43345,65.7300463516171,53.78528471357851,84.24103644908864,32.733034264582656
exog-future+L720,9,1,43369,64.01142128121379,52.49781567290366,78.37854667350805,27.649780184316494
exog-future+L720,9,1,43393,58.00896249923188,50.95942836044384,87.53298871619512,23.005746106829815
exog-future+L720,9,1,43417,58.33571599375617,52.33132012977052,99.70563364504964,27.70361464558848
exog-future+L720,9,1,43441,52.73925164283069,48.77021937543778,90.2800311964386,32.85150424814988
exog-future+L720,9,1,43465,48.090026619719744,42.3130567313228,72.38832477430806,21.283102740936528
exog-future+L720,9,1,43489,51.63737478405875,45.05453128571656,82.92145288932889,31.78905183021604
exog-future+L720,10,1,41641,86.79203219996896,54.843266364786274,45.35009493238651,-20.260413492133544
exog-future+L720,10,1,41665,122.55402083936316,83.49284405094201,51.65763006617132,-52.81532385815002
exog-future+L720,10,1,41689,136.23930076787016,100.8742878854762,56.10841247758452,-79.29083638107345
exog-future+L720,10,1,41713,140.57523281917182,109.81217760726187,62.309538972800894,-96.341963691642
exog-future+L720,10,1,41737,146.20262401985022,109.42835996555318,80.55989656731619,-101.84161295224467
exog-future+L720,10,1,41761,135.20486237264376,102.97825650209704,94.52953222659396,-95.90503071627026
exog-future+L720,10,1,41785,129.61431661843682,95.27566717244687,92.76503156192278,-87.63636034980225
exog-future+L720,10,1,41809,102.8735043522903,69.40062076751707,95.40505451139994,-58.45298363781572
exog-future+L720,10,1,41833,70.71217898160164,48.80590315102871,84.88842621191452,-12.5732634540349
exog-future+L720,10,1,41857,41.84514266614834,31.12403271099833,78.72646132332531,11.518471159636022
exog-future+L720,10,1,41881,50.18907388156955,36.42174067237687,71.23261223584669,7.921139660538453
exog-future+L720,10,1,41905,81.73686505164731,53.01963005546124,62.53168792826731,-18.11937941007516
exog-future+L720,10,1,41929,79.54188868306007,52.241810003325206,48.43578662103988,-25.415430887656687
exog-future+L720,10,1,41953,82.30861055280013,55.99554915332078,49.77010078198541,-21.43699630369485
exog-future+L720,10,1,41977,79.01143335980628,58.805191741599934,43.92296199998779,-8.033779415274276
exog-future+L720,10,1,42001,78.6468317076155,60.46157495330294,40.91107333460392,-7.246415105321175
exog-future+L720,10,1,42025,87.70164571708916,70.98279371568066,43.92906432138924,-15.03486086184985
exog-future+L720,10,1,42049,112.59849563215172,90.81163618747964,50.28601099388285,-29.982095873005328
exog-future+L720,10,1,42073,109.08933604226957,85.4988515602816,67.16397881595577,-18.432196043812706
exog-future+L720,10,1,42097,106.7669235100296,80.83849432288942,74.90983319855347,-16.892234575403286
exog-future+L720,10,1,42121,108.0322609461434,82.39263435571519,73.90566344486513,-16.32113183406681
exog-future+L720,10,1,42145,100.00419171200554,70.78443561707206,66.55975650386074,-26.63211654154571
exog-future+L720,10,1,42169,87.69532479618455,59.80587465070742,57.65530332836969,-25.364495519192264
exog-future+L720,10,1,42193,77.3180201294053,52.85527995861527,54.61973602237177,-8.75852284006281
exog-future+L720,10,1,42217,60.17028150330197,43.4804959424342,65.00764382833746,21.509603604099052
exog-future+L720,10,1,42241,52.342509226116654,41.401115963791305,62.50781250016566,35.08948841671496
exog-future+L720,10,1,42265,68.9085269022069,55.460331367842095,66.60347058506258,53.5194542827703
exog-future+L720,10,1,42289,56.47072315055769,45.56287169233643,61.60847531474476,42.55648458553426
exog-future+L720,10,1,42313,71.22943309071229,57.34911485335609,77.9253880678384,48.52697151633824
exog-future+L720,10,1,42337,82.03919805620237,65.70490192080892,94.58802433994876,57.781050263341
exog-future+L720,10,1,42361,95.72384528855788,80.46036295966539,113.08289862177956,79.75955867071512
exog-future+L720,10,1,42385,95.28114794617532,84.45499915890416,109.27407670310748,84.25000810380891
exog-future+L720,10,1,42409,97.0153114089388,86.91414932632323,99.4715312917742,86.4943378447888
exog-future+L720,10,1,42433,79.19689781092825,70.25002173544004,84.30880673444493,69.44826785099131
exog-future+L720,10,1,42457,73.79718601865628,66.49497008858334,91.56257176084188,64.23448790428245
exog-future+L720,10,1,42481,83.30768268557513,75.56174382187908,106.0136351846443,74.62278673450659
exog-future+L720,10,1,42505,79.34637360190062,71.68949250587268,98.50714564715524,71.27665665564294
exog-future+L720,10,1,42529,72.72584912136064,61.5384268903883,90.92742850752342,60.80002610661675
exog-future+L720,10,1,42553,54.40401042897639,45.86504662148781,84.95221668258776,28.10543505523804
exog-future+L720,10,1,42577,59.34507424280741,44.879795512035805,79.28541189011543,10.469601249130063
exog-future+L720,10,1,42601,55.38853447219421,41.9481225673629,91.25755186213486,6.577283923581748
exog-future+L720,10,1,42625,52.29094922460465,39.37675911938082,79.3224443467413,5.010667939717607
exog-future+L720,10,1,42649,73.01869313309282,58.735471192120364,66.45721866983132,-8.464222606147198
exog-future+L720,10,1,42673,87.36055220853102,71.40337744081233,60.2419853418297,-34.183111153104925
exog-future+L720,10,1,42697,93.87979954324835,78.14741045923444,59.60640799102298,-44.7566299598962
exog-future+L720,10,1,42721,86.58219466081903,71.81479237060863,63.7488510039402,-27.72090169989095
exog-future+L720,10,1,42745,81.77035770908128,67.0993160861561,56.60689453397394,-17.015444064742937
exog-future+L720,10,1,42769,88.17802543294106,72.58281053194412,52.52546519244178,-25.976517929377376
exog-future+L720,10,1,42793,91.17995439500706,72.56995781869104,48.077656924641474,-33.72954177769531
exog-future+L720,10,1,42817,89.3029755863792,66.15957316505173,43.96419911976204,-30.69453266331255
exog-future+L720,10,1,42841,80.88565833318248,56.37750131646189,54.311227981216135,-8.122149691002539
exog-future+L720,10,1,42865,75.65862641300401,49.95515683152276,48.82059728717514,2.6001407584666096
exog-future+L720,10,1,42889,87.06069930041033,62.29991865206206,46.692904948333805,-20.86627288864127
exog-future+L720,10,1,42913,87.93730277791931,61.99940442315095,59.19301551686589,-34.43569766529266
exog-future+L720,10,1,42937,89.53219543873408,58.99169814326825,82.65252409621824,-45.44679800662985
exog-future+L720,10,1,42961,85.6664342082535,55.807072788089584,95.4227019269361,-45.32042374393617
exog-future+L720,10,1,42985,64.19171627276006,42.41229817804778,102.77439041794196,-26.9068225882726
exog-future+L720,10,1,43009,50.550826270288574,35.481092613914434,111.24452195648192,-8.131966598470036
exog-future+L720,10,1,43033,37.59412970010344,24.672514727706943,116.23139819289295,-17.285209731333754
exog-future+L720,10,1,43057,29.959846912794102,20.03363082180652,102.84191021427932,-1.9439994720262592
exog-future+L720,10,1,43081,25.86119767249288,19.222120275709784,94.8444588212692,-1.356642439202117
exog-future+L720,10,1,43105,29.621569327004416,22.923523950236703,96.8745892356337,3.2626373433984965
exog-future+L720,10,1,43129,64.5805845345168,42.12287344096266,78.0002884925673,-14.22635810307213
exog-future+L720,10,1,43153,89.31777158229514,62.36949941306565,74.15680689924503,-6.10182731953373
exog-future+L720,10,1,43177,82.05255994918681,56.72219450358726,72.10462646130186,-12.132376346724447
exog-future+L720,10,1,43201,81.28508647082602,59.61096893518844,88.39127411960995,-3.994451842208938
exog-future+L720,10,1,43225,90.78790952560136,71.77280595973909,84.68897352940417,16.264834045433627
exog-future+L720,10,1,43249,88.64732026136912,72.94257188528279,85.15573622295803,19.998847507308824
exog-future+L720,10,1,43273,84.88429400062948,67.82560170197708,84.30958361614425,5.031079063110916
exog-future+L720,10,1,43297,71.2073830929612,60.30570206033077,98.59866711670556,34.78470542769293
exog-future+L720,10,1,43321,66.09097726245511,57.104262936990594,98.1908946457333,41.54338129891666
exog-future+L720,10,1,43345,65.70519276417059,53.757538369107024,84.21990455326898,32.69509097059141
exog-future+L720,10,1,43369,63.98040053371689,52.46776501684872,78.35734562639072,27.60870528137177
exog-future+L720,10,1,43393,57.98107561547979,50.92748097341367,87.50921565993535,22.96014083196772
exog-future+L720,10,1,43417,58.29669730894312,52.28852324978512,99.67487747239872,27.651461182813115
exog-future+L720,10,1,43441,52.69106566792242,48.72126816183301,90.24459626319003,32.79558800216543
exog-future+L720,10,1,43465,48.05226492323621,42.27672906246227,72.35983828703114,21.231034186358404
exog-future+L720,10,1,43489,51.62544004046011,45.03613662327542,82.90771832064068,31.741851590767325
exog-future+L720,1,2,41641,96.18816537751135,61.79735252082886,65.54809466615349,-28.893655924012016
exog-future+L720,1,2,41665,130.4760018957981,86.85713778348135,59.65443065602549,-66.37999130458684
exog-future+L720,1,2,41689,140.57069591308385,103.06873584689224,59.29360541042441,-84.11038047733621
exog-future+L720,1,2,41713,146.1045981805252,112.73164703020632,63.26834175362944,-101.81394041559012
exog-future+L720,1,2,41737,146.32818536235604,111.01829372812485,83.21742959884003,-103.9965667356269
exog-future+L720,1,2,41761,138.51093795170894,106.51077278225706,98.16059153779136,-101.19311433762834
exog-future+L720,1,2,41785,133.74131271422078,98.69466665645862,96.63220000252596,-92.7913979472244
exog-future+L720,1,2,41809,107.9683317751005,72.55883210918611,95.0086792737414,-61.9489279279556
exog-future+L720,1,2,41833,74.42510967117116,49.62081202404482,83.23285059078671,-17.480769581024315
exog-future+L720,1,2,41857,42.2265517986834,31.897005286042127,64.50772655914318,13.388285751385908
exog-future+L720,1,2,41881,49.6231428773452,38.2136136769491,70.55932529528522,10.660626812869111
exog-future+L720,1,2,41905,71.78110151050154,45.83670918098473,49.75202739616152,-15.721778849787588
exog-future+L720,1,2,41929,73.71916838178986,49.5943286535412,45.217349135768224,-25.597188909430944
exog-future+L720,1,2,41953,73.61851652192384,50.0347099573389,45.37135030427433,-25.767790721539672
exog-future+L720,1,2,41977,76.81222800198707,57.080816183356525,43.52556768235322,-14.248823420363795
exog-future+L720,1,2,42001,77.02634748324947,57.611114274624384,39.355501928375375,-13.970244281178772
exog-future+L720,1,2,42025,87.7725061309601,69.80332319983042,43.43584439982889,-23.27788147453844
exog-future+L720,1,2,42049,116.55893891311892,90.94087087248128,50.23545443026799,-39.71421771645591
exog-future+L720,1,2,42073,109.1581731039128,83.06869245098204,66.61566481844292,-28.433412207437065
exog-future+L720,1,2,42097,101.01750496164117,75.03716778480178,72.04233664522414,-20.59486623791697
exog-future+L720,1,2,42121,94.99511266096457,70.46029080486562,65.90918601681851,-16.83573634928634
exog-future+L720,1,2,42145,87.7372680743532,62.06909721949335,56.916834448671295,-22.50029610632036
exog-future+L720,1,2,42169,85.63491214083923,60.80048495792068,58.03776653119408,-36.73328893449453
exog-future+L720,1,2,42193,74.1018159654098,49.07205525784496,52.78610357808313,-15.796676880321504
exog-future+L720,1,2,42217,57.20120299483595,41.62305614563284,62.01166115218689,13.914502540495164
exog-future+L720,1,2,42241,48.30693686685991,37.14937194767413,60.302444032140855,30.846192739095347
exog-future+L720,1,2,42265,58.20738436402598,46.35177112656948,66.13616965696207,41.83281957713891
exog-future+L720,1,2,42289,54.6148210109385,42.50319717875904,60.01263467618279,38.80771700896498
exog-future+L720,1,2,42313,60.26906161682964,49.085230446898585,74.33175922954494,37.04202289337618
exog-future+L720,1,2,42337,68.99795963146153,54.36935056601487,88.09762313671256,51.24833557645746
exog-future+L720,1,2,42361,83.4646344147176,69.81827727303325,107.73018203375248,67.48875268803418
exog-future+L720,1,2,42385,75.79091606463894,66.3196946722326,99.04882817322888,60.26054763724805
exog-future+L720,1,2,42409,73.05846987464142,63.2496385215026,82.93775109121594,57.43713271919532
exog-future+L720,1,2,42433,63.85548963236526,55.96439718754358,71.41739988243026,49.064433336213554
exog-future+L720,1,2,42457,64.71348727149775,57.81384332408443,84.20952588519691,52.869181566663805
exog-future+L720,1,2,42481,68.25643630784195,60.33890838584243,98.35768712108649,59.08540981223816
exog-future+L720,1,2,42505,78.62627162447146,66.92534404150983,96.00924687610242,65.12794284012304
exog-future+L720,1,2,42529,58.87789709637489,48.08665538773664,86.21419395439521,46.12010693344924
exog-future+L720,1,2,42553,54.58153056414976,43.193470561754914,76.97416400070333,24.926577440654803
exog-future+L720,1,2,42577,60.507760077978624,44.72558335860315,79.44807078344718,6.617922694077583
exog-future+L720,1,2,42601,60.68431884027573,44.85480373397079,85.10578556861239,8.39416063165921
exog-future+L720,1,2,42625,54.677277279539744,41.48292375558823,77.92631817916859,4.533962576633185
exog-future+L720,1,2,42649,74.76959300757191,55.2850576046032,60.070953363060106,-16.73534419058714
exog-future+L720,1,2,42673,95.38131007969857,75.57213481109225,61.4362126170248,-43.2007520698165
exog-future+L720,1,2,42697,101.31498883422248,81.92690524781736,59.953216784337,-53.63443587546712
exog-future+L720,1,2,42721,94.1710558442776,74.95099108988843,64.5759424263367,-38.06624268491206
exog-future+L720,1,2,42745,89.1935888884781,70.88226129374019,57.72192002951348,-26.556798672461984
exog-future+L720,1,2,42769,94.84442961412547,75.16664991161717,52.61866236340158,-35.10147822367793
exog-future+L720,1,2,42793,98.58919258192616,76.87392755917907,49.891407034894456,-44.45957669928701
exog-future+L720,1,2,42817,98.1103563570118,71.95771844027041,47.164627109885934,-40.357670744913634
exog-future+L720,1,2,42841,87.57391148499843,60.45797688431372,55.34046476595596,-14.861334912309772
exog-future+L720,1,2,42865,77.42674744433887,52.96979441635897,50.25249998393817,-1.356950208338958
exog-future+L720,1,2,42889,94.64754194173766,66.29657941360654,49.01863517118584,-28.86660497563607
exog-future+L720,1,2,42913,92.67129964248711,65.03003854132047,61.32883066764998,-40.181650448099546
exog-future+L720,1,2,42937,94.03023280688193,61.50338444701752,83.53143295690614,-50.09336699791696
exog-future+L720,1,2,42961,89.69311455511267,55.68449641771665,89.5754164488328,-46.2719106809818
exog-future+L720,1,2,42985,68.16581423338135,44.69980099465476,104.02809564987372,-29.32418569118741
exog-future+L720,1,2,43009,62.09424578156628,41.53353537513348,113.4159498452898,-24.911998672139514
exog-future+L720,1,2,43033,40.27405470271235,26.20664427235981,118.71695538188251,-19.364084054038937
exog-future+L720,1,2,43057,28.669374298450187,19.80952367361292,105.50823225097557,-3.3157310648380487
exog-future+L720,1,2,43081,25.703386870893368,19.58580412795504,108.31491114443598,-1.255174728985437
exog-future+L720,1,2,43105,28.91691639269654,22.503236707160497,94.2703184483529,2.3233250211033942
exog-future+L720,1,2,43129,68.02294833913376,44.00481751962007,80.31595224951137,-19.248220516256165
exog-future+L720,1,2,43153,82.02959417074712,63.25880608434088,102.48875387564895,3.103264885601488
exog-future+L720,1,2,43177,82.53542266102112,65.70826791529119,89.26256617105088,4.2616593578483055
exog-future+L720,1,2,43201,83.03525427974401,60.87760157492525,72.03550760933241,-1.0762934529538186
exog-future+L720,1,2,43225,87.81681105715143,72.70457453944339,87.98859217662167,19.31722097937304
exog-future+L720,1,2,43249,84.01434760022508,66.67411380585756,80.71079377545983,8.887358903859075
exog-future+L720,1,2,43273,85.31036799262084,65.90159918043838,79.55803402714545,-2.9322716705360783
exog-future+L720,1,2,43297,71.54530839669827,60.45057511166496,99.22275818674842,33.39242676186292
exog-future+L720,1,2,43321,66.69884178817628,54.807736019102464,93.4973146832374,36.30874731218737
exog-future+L720,1,2,43345,65.6746635230785,52.03348906800716,81.05433826391068,22.930400790777018
exog-future+L720,1,2,43369,63.587870858649296,50.70027728091943,75.7463716499389,15.9086067693077
exog-future+L720,1,2,43393,54.36516598713642,44.22592040833602,79.21130734223381,9.771576894328827
exog-future+L720,1,2,43417,52.68721093239618,44.12544876869618,90.6152120939148,17.00887356260592
exog-future+L720,1,2,43441,47.77922971342492,41.595108396859,81.06046921969921,22.62016829062137
exog-future+L720,1,2,43465,48.364765965073126,40.78018482622023,69.65364465230283,14.780820837282482
exog-future+L720,1,2,43489,47.0064376908808,39.8359093441711,75.98661197935954,24.007237016731104
exog-future+L720,2,2,41641,93.90098466722311,60.806618645237016,61.71096752860318,-25.06235038312134
exog-future+L720,2,2,41665,131.6146564521028,87.30882960389675,63.92139598291094,-69.31824740298023
exog-future+L720,2,2,41689,137.05194372930754,101.28122023159632,58.44939484563557,-80.98756344208515
exog-future+L720,2,2,41713,143.173375218287,111.28803024146998,64.11971693657263,-98.7642204877615
exog-future+L720,2,2,41737,142.06156541991734,107.0547599810837,79.78539827748169,-100.426512748945
exog-future+L720,2,2,41761,132.13721836370374,101.0447520217905,93.54361556537104,-96.4579612614627
exog-future+L720,2,2,41785,128.29801795740568,94.34580831275832,93.43512529233436,-89.18411543123186
exog-future+L720,2,2,41809,102.38119901208826,69.1199901420404,93.33540563052485,-57.819044741047165
exog-future+L720,2,2,41833,71.8311926667508,48.75854357655427,84.86793922638599,-14.50565117057293
exog-future+L720,2,2,41857,43.45457576252444,33.00769811439883,68.49693510235717,17.501927306072176
exog-future+L720,2,2,41881,49.78216104051313,39.25823857607117,72.32800886730071,12.696814768631858
exog-future+L720,2,2,41905,56.9404539520136,36.988714130877,47.90022498871115,-8.803699727405883
exog-future+L720,2,2,41929,71.85238762462778,49.29824039112261,47.64626540437225,-22.02080822713585
exog-future+L720,2,2,41953,72.03726428924833,49.0892581936788,46.54153936777921,-22.347044182581936
exog-future+L720,2,2,41977,76.93619738910013,58.1092200417714,43.32983346108279,-8.851086924869412
exog-future+L720,2,2,42001,77.06441550990556,58.71981600043219,39.06065347184241,-8.185617745979831
exog-future+L720,2,2,42025,87.14494732371377,70.36120135265745,43.70417243072114,-17.572236806396244
exog-future+L720,2,2,42049,114.8039701905008,90.69898610369144,49.911552846918525,-33.49638116571506
exog-future+L720,2,2,42073,108.77499835667508,83.74700420212457,65.96992217468869,-22.938360196048933
exog-future+L720,2,2,42097,101.41450289226928,76.11476751633492,72.78992312449843,-17.22686692693784
exog-future+L720,2,2,42121,90.13666026012974,68.62152934712685,64.98033705478082,-10.768319908905138
exog-future+L720,2,2,42145,85.33580225529683,61.72584600294162,55.69253995172597,-19.055800926674497
exog-future+L720,2,2,42169,83.9912434970294,59.88849617690784,57.23914945242937,-33.15180396148416
exog-future+L720,2,2,42193,75.86047153643987,50.41452179701781,53.01640886780656,-19.43581901280489
exog-future+L720,2,2,42217,59.049917159847375,42.61043260537152,63.521098051901085,17.9280362258169
exog-future+L720,2,2,42241,52.95855032499627,40.92480802514733,62.35540899826084,34.23393989241587
exog-future+L720,2,2,42265,65.68662774491773,52.64210913049671,71.68259835052714,48.43961484670478
exog-future+L720,2,2,42289,56.52453701161095,45.00539613743161,64.1724871175076,41.485516227106416
exog-future+L720,2,2,42313,63.47137628927796,51.67698087391024,76.03819907660024,41.384198342359305
exog-future+L720,2,2,42337,73.04714620918963,58.36743676804768,92.90805034760172,55.12549348650747
exog-future+L720,2,2,42361,87.88318367444015,73.1844827826706,108.08935359131218,71.34431658532158
exog-future+L720,2,2,42385,79.83810446034464,67.27213750487338,99.31650569649626,63.478672206994624
exog-future+L720,2,2,42409,76.46854170815222,65.5237798315545,84.27945332253832,61.25722442901789
exog-future+L720,2,2,42433,68.12046836351396,59.044310322890354,72.26451415489453,53.62073679664181
exog-future+L720,2,2,42457,67.78988381372889,59.8215677054237,83.78299248342238,56.54876649396356
exog-future+L720,2,2,42481,65.26412890600508,56.33513388287644,95.4870354749868,54.99750263583401
exog-future+L720,2,2,42505,81.16215862360495,73.0728457342345,101.17354057928893,72.14355507966704
exog-future+L720,2,2,42529,61.54240105192609,50.80169410418544,85.98211779230196,49.25283136621994
exog-future+L720,2,2,42553,60.47212663193413,47.72923209812552,80.07100001608917,27.480492561325192
exog-future+L720,2,2,42577,63.75359522533549,48.083384808318726,81.23785391114848,9.821128068159396
exog-future+L720,2,2,42601,60.80197628187389,45.20755482773528,89.24452071006105,5.446177884794998
exog-future+L720,2,2,42625,55.27541443592631,43.13090390907347,80.12354435646358,5.628399490216794
exog-future+L720,2,2,42649,78.31478180869611,60.78400373299591,66.70936434905298,-12.608621501681997
exog-future+L720,2,2,42673,92.09220445380568,74.10375072161939,61.36734731975979,-38.41723088050516
exog-future+L720,2,2,42697,97.30424227300456,80.48661769202789,60.93864525971801,-47.903939157815735
exog-future+L720,2,2,42721,89.70747628229631,73.23704461697616,64.14129179563149,-31.23988676249377
exog-future+L720,2,2,42745,85.8392478360047,69.95900890452965,57.69995213909701,-20.42616058221708
exog-future+L720,2,2,42769,91.75147643617512,74.7602560200897,53.52101495871574,-28.430049727502684
exog-future+L720,2,2,42793,94.55203107612353,74.85063166735772,49.602442449709685,-38.89639507476481
exog-future+L720,2,2,42817,93.45658088241994,69.1841223660825,45.330436528019646,-34.249416593074244
exog-future+L720,2,2,42841,84.97125872733568,58.89106103159599,55.54416637239387,-9.956831692704515
exog-future+L720,2,2,42865,76.05494355381094,52.42149451121276,51.18850541826925,3.8401957467652457
exog-future+L720,2,2,42889,91.3074208141696,65.0515389727955,47.51297971828996,-23.60120027717772
exog-future+L720,2,2,42913,89.71222908570034,63.14097991236035,60.63955932460231,-35.73923990477825
exog-future+L720,2,2,42937,91.94472632503816,60.850649888294974,82.84463105364188,-46.6669468648043
exog-future+L720,2,2,42961,87.2034989324797,54.40254518157524,88.68693090261782,-43.138033661307496
exog-future+L720,2,2,42985,65.92978346299437,43.62878992001734,101.05767670133363,-26.20642655170304
exog-future+L720,2,2,43009,60.12972812169303,40.275803882340334,111.19828558473728,-22.99456242327702
exog-future+L720,2,2,43033,39.41197015781342,25.30852510700273,122.28463561277093,-17.504046226115072
exog-future+L720,2,2,43057,31.232333258776425,22.363998531356103,112.5898152915819,-13.82653624582499
exog-future+L720,2,2,43081,25.979902540054752,18.87923193782085,101.75693081572024,-3.2846940125454296
exog-future+L720,2,2,43105,27.38613740446621,20.591360197224503,93.9718467887584,3.91553709311778
exog-future+L720,2,2,43129,64.13887209207783,38.03844854580402,88.80398438314988,-13.11090729255366
exog-future+L720,2,2,43153,80.25391188683759,62.46821107192556,99.8737771594177,7.483151842138808
exog-future+L720,2,2,43177,80.9393672058455,64.22985887234258,82.21982860569604,10.63075918905305
exog-future+L720,2,2,43201,84.15789817455936,68.99255546139655,83.85878531053778,16.90338354935157
exog-future+L720,2,2,43225,87.28147360916654,72.40398642392763,87.30172935784714,22.578700849912394
exog-future+L720,2,2,43249,87.71631214616271,72.28500326765568,84.90956195288443,17.574306040433267
exog-future+L720,2,2,43273,84.29996441206994,65.77971698232464,80.7993771901055,0.363524710794823
exog-future+L720,2,2,43297,68.3527490734807,56.15228322968984,94.27016845756648,29.474446081450125
exog-future+L720,2,2,43321,64.09432177620384,54.54806297417382,95.81424716188928,38.385991111109455
exog-future+L720,2,2,43345,65.0313439627344,51.03671128140182,80.17211515963803,27.5204174170608
exog-future+L720,2,2,43369,64.28438709870971,51.414874461323606,76.72078399808846,20.467313551031097
exog-future+L720,2,2,43393,54.55534348390204,46.522894557158,83.47682548440845,14.684928992508068
exog-future+L720,2,2,43417,52.83018345743987,45.31738885876062,92.21670303820572,21.49399699207465
exog-future+L720,2,2,43441,48.14080278855682,42.24293594385487,82.0359637132051,27.14058116381152
exog-future+L720,2,2,43465,47.38244866976508,40.16466750251527,68.13018206593873,19.20884563794336
exog-future+L720,2,2,43489,50.12588092673819,43.11460923350988,80.3622546357556,27.40255606195342
exog-future+L720,3,2,41641,94.25398281194684,60.79240221775598,61.559252388036,-26.474288187048987
exog-future+L720,3,2,41665,132.07797122949296,87.23124359802986,63.12806671335984,-70.6107107324295
exog-future+L720,3,2,41689,136.62780630237964,100.37006457531184,56.83144011272417,-81.7582879753059
exog-future+L720,3,2,41713,143.23569106584924,111.26590907553005,63.96280536082868,-99.73504524207743
exog-future+L720,3,2,41737,141.82833193001164,106.63075748961406,82.76002869977232,-100.72423190161248
exog-future+L720,3,2,41761,131.75345454769212,100.50904740123345,93.94212293296616,-96.54958173309116
exog-future+L720,3,2,41785,128.0479739089952,93.86989356019924,92.7656828520229,-88.99314963642084
exog-future+L720,3,2,41809,101.57787339687825,68.4213645832228,93.32331776977216,-57.50302268434104
exog-future+L720,3,2,41833,71.40047954341331,48.55850188577613,85.17639465869622,-13.993365251820087
exog-future+L720,3,2,41857,42.77280171179448,32.56552083365418,66.04122104544979,17.324974392221748
exog-future+L720,3,2,41881,50.08068683988007,38.99553468403829,72.4140169760958,12.056691149082246
exog-future+L720,3,2,41905,56.947868446324286,36.89202965816634,53.88345361626682,-8.52351231922324
exog-future+L720,3,2,41929,71.96606128101779,49.06806579753994,47.50477006042881,-22.694720024786825
exog-future+L720,3,2,41953,72.13449103967285,48.86258977923,46.498798730393496,-22.86448664311236
exog-future+L720,3,2,41977,76.23130038053,57.42117293609813,42.52030719198108,-9.609301196496702
exog-future+L720,3,2,42001,77.17212246515525,59.644083766536994,39.473862364514616,-7.5727954413033824
exog-future+L720,3,2,42025,78.61536674730058,60.51607341481233,37.47636718247037,-21.73540989602314
exog-future+L720,3,2,42049,100.0117723950404,77.80861783635206,42.48422151367146,-33.52185539993678
exog-future+L720,3,2,42073,104.27443156752712,80.2746496793038,64.25914913996097,-22.01014700196489
exog-future+L720,3,2,42097,90.22517058147116,66.98646887587248,66.3920487620065,-13.789734065430546
exog-future+L720,3,2,42121,84.29074159363375,64.19443447565348,62.429654685752375,-8.235687854074522
exog-future+L720,3,2,42145,85.8756072360814,62.23863824921688,56.55672902148362,-18.770431369223623
exog-future+L720,3,2,42169,83.51297626063082,59.951545663538106,57.84100465409625,-33.02911475348564
exog-future+L720,3,2,42193,75.31114802135318,50.55629387826878,53.60542639745341,-15.858576009610596
exog-future+L720,3,2,42217,59.65345068163442,43.238206587001066,64.22480243521684,17.296641199787196
exog-future+L720,3,2,42241,54.05108366038255,41.462347407714,64.40449665752779,33.42747528993981
exog-future+L720,3,2,42265,65.97497203846761,52.79036346190484,71.85067160896095,48.90168337668073
exog-future+L720,3,2,42289,57.32095670924008,45.86873345593021,65.48486116425066,41.947558702812415
exog-future+L720,3,2,42313,63.79433282326294,52.1868234674734,76.19671057144882,41.80910209861495
exog-future+L720,3,2,42337,73.76749226047103,58.55124858567202,91.70114915101075,55.81847648897708
exog-future+L720,3,2,42361,89.45391320335447,73.88851005936644,107.40282458373076,72.60749308066153
exog-future+L720,3,2,42385,80.6667140116803,66.95057315212627,96.40893034546816,63.56972679449119
exog-future+L720,3,2,42409,78.16644194648947,66.00775156845854,83.1053538280819,62.27188544396383
exog-future+L720,3,2,42433,68.18070236983557,59.14435659931293,72.87151449391867,53.53337704244225
exog-future+L720,3,2,42457,67.88776473016098,59.86122896432357,83.36872974805712,56.36582504023965
exog-future+L720,3,2,42481,66.40754288035662,57.05245952410893,93.92848381525626,55.69580742033994
exog-future+L720,3,2,42505,81.50310206297887,73.34883301630836,101.21011499665936,72.47396956081336
exog-future+L720,3,2,42529,66.55845972216339,55.92254220974205,88.17504293708012,54.65044979606697
exog-future+L720,3,2,42553,63.15344129570229,50.10645475568598,81.04601254002878,28.85214951051869
exog-future+L720,3,2,42577,64.9850927620228,49.15086664494724,82.39876987090578,10.319473143379913
exog-future+L720,3,2,42601,61.35048433146983,45.655433354028574,87.82483301862155,6.447305519911519
exog-future+L720,3,2,42625,57.56064010653265,45.04109482433674,82.3271679602578,6.696693228673473
exog-future+L720,3,2,42649,81.6847655183211,64.49307424349304,70.81154059870565,-11.73586927024724
exog-future+L720,3,2,42673,91.1182541923882,73.68561454308582,61.3305243446929,-37.10016373716918
exog-future+L720,3,2,42697,97.04011064236228,80.13324997229631,60.72306742623235,-47.424177782852965
exog-future+L720,3,2,42721,90.55980394805684,74.97406000498634,66.45800264277632,-29.95652376962964
exog-future+L720,3,2,42745,85.3315501973185,69.79353046102047,57.92490606958276,-19.828904897313244
exog-future+L720,3,2,42769,92.41463663619186,76.24273365516245,54.62278078682799,-26.5074280850476
exog-future+L720,3,2,42793,93.66686603188523,74.64073932580266,49.75428030025095,-36.67945335703455
exog-future+L720,3,2,42817,92.7718729200318,68.71849152954921,45.42136744507988,-32.73151077519798
exog-future+L720,3,2,42841,84.14510383421286,58.39948210411497,54.59811696603857,-8.244488747468857
exog-future+L720,3,2,42865,74.65925710456543,52.44924213235243,50.73882834609616,4.967306415477602
exog-future+L720,3,2,42889,90.88059660765695,65.06085072124131,47.54901382050537,-22.314299435473544
exog-future+L720,3,2,42913,89.89802831224877,63.49609999744565,60.75114114113512,-34.70468212357586
exog-future+L720,3,2,42937,90.83594479349117,59.91070646858845,83.43105308058479,-45.28249060851906
exog-future+L720,3,2,42961,86.82356658901243,54.414489251156965,88.68428202205297,-42.8451324688757
exog-future+L720,3,2,42985,65.4866652211741,43.39831530068225,98.45458950140052,-25.77052199952136
exog-future+L720,3,2,43009,59.84813260329571,40.14658182146997,110.62221042444354,-22.725729248815007
exog-future+L720,3,2,43033,38.40132555153143,25.076779068441727,124.83509849513314,-17.345964440268396
exog-future+L720,3,2,43057,31.405476907392725,21.848800113205264,112.56174143643058,-13.722700635972757
exog-future+L720,3,2,43081,24.476428121996097,17.654747810977177,99.15260287402128,-3.735073249866462
exog-future+L720,3,2,43105,32.93106591212402,24.68303457697772,99.92892262567597,6.118520788462268
exog-future+L720,3,2,43129,64.23582197449657,38.66719397050472,85.29969678823738,-12.73711312405641
exog-future+L720,3,2,43153,79.4713716295886,61.42528278919955,93.4054020547964,9.329580556270344
exog-future+L720,3,2,43177,80.60393876631385,64.90975924631468,78.09676858148855,13.228319671846164
exog-future+L720,3,2,43201,84.16839638262462,69.67521578496962,84.762159403735,18.801501496284928
exog-future+L720,3,2,43225,87.15812043750265,73.11903896534812,88.71511407973317,24.495745953305637
exog-future+L720,3,2,43249,85.10696865989318,69.2125430120572,82.51148526351209,15.60247024843786
exog-future+L720,3,2,43273,84.21870330659945,66.51846959784612,81.72922123136513,2.25718165785135
exog-future+L720,3,2,43297,69.62281627909667,58.059010215390174,94.58499353445973,32.269932409604195
exog-future+L720,3,2,43321,64.67214186981082,55.62329382146,96.7040832262903,38.39384740326463
exog-future+L720,3,2,43345,66.36553712084721,54.56733827801949,84.02332302137697,35.29118927705786
exog-future+L720,3,2,43369,64.89329630396499,53.45517411065002,78.6576721990666,26.14316669949356
exog-future+L720,3,2,43393,53.85336846457413,46.87190769607604,84.43738641458269,19.742479945007453
exog-future+L720,3,2,43417,52.21515410574562,45.80738672564608,93.62579008101852,21.91983557136196
exog-future+L720,3,2,43441,46.330539190877154,41.88712002078315,83.55496727124228,26.13417283329162
exog-future+L720,3,2,43465,44.316800671484266,37.45137206495679,66.724358852179,17.146904588621695
exog-future+L720,3,2,43489,46.477791265808015,40.98936981426117,79.7445278417351,26.60988200440576
exog-future+L720,4,2,41641,94.03982213047996,60.74733595235394,60.31764091122558,-25.918821577956937
exog-future+L720,4,2,41665,131.4200187627291,86.9351049032782,62.31035038942571,-69.80050203952604
exog-future+L720,4,2,41689,135.60946568778897,100.23758793839885,56.99321884263582,-80.98434026998909
exog-future+L720,4,2,41713,142.328494827074,110.61432707826464,63.70493890152967,-99.0873569165634
exog-future+L720,4,2,41737,141.25726922134126,106.2872033441482,82.9859455732779,-100.52071943916474
exog-future+L720,4,2,41761,130.66781787032113,99.5759719069138,93.32050239564424,-95.69639057644358
exog-future+L720,4,2,41785,126.75312494014136,92.79238450367924,93.6728280339108,-87.84355107543006
exog-future+L720,4,2,41809,100.9446516875764,68.33362462727648,92.76238698160904,-56.968322796975976
exog-future+L720,4,2,41833,71.00343170403163,48.69244655710147,85.4649275487098,-13.06217536708409
exog-future+L720,4,2,41857,43.10354909451293,32.99198871474834,65.99235924938517,17.98558357236108
exog-future+L720,4,2,41881,50.43819596846473,39.39768990669169,72.67196823560825,12.727064866818685
exog-future+L720,4,2,41905,56.51972843928662,36.60850030768732,53.48215134267571,-7.973660167638446
exog-future+L720,4,2,41929,71.59585354906723,48.95060530094057,47.935532009033885,-21.776103635915167
exog-future+L720,4,2,41953,71.31540648825668,47.89021323189347,45.80517860452937,-22.239814280381115
exog-future+L720,4,2,41977,71.72035248303246,53.725375074733705,41.39716740308278,-8.05823331498874
exog-future+L720,4,2,42001,70.33503487495432,51.73977820884676,34.60735270616099,-10.310506517768744
exog-future+L720,4,2,42025,75.1442747197124,56.62539688824364,35.41418303256517,-22.810178000802043
exog-future+L720,4,2,42049,94.30281409258814,72.49480640496536,39.29623451647016,-33.11636687617645
exog-future+L720,4,2,42073,94.1496259619971,71.95966003872256,58.59173074128057,-21.52404976414695
exog-future+L720,4,2,42097,89.6077786029019,66.9619421577525,67.06136823391394,-13.062823500097029
exog-future+L720,4,2,42121,84.22822858626505,63.91912632653457,62.66199168260271,-7.738257867627273
exog-future+L720,4,2,42145,85.44000698416508,62.25488052660624,56.52293416655344,-18.020383625889824
exog-future+L720,4,2,42169,83.00783831752643,59.72934619079113,57.723849988791855,-32.12230501048065
exog-future+L720,4,2,42193,76.83917696765143,51.11976385345751,54.077382414651446,-21.41772937701119
exog-future+L720,4,2,42217,60.05663554572956,43.53658103457032,64.16424542474024,17.65756505910959
exog-future+L720,4,2,42241,54.33473259245315,41.77254647074863,64.26086798581123,33.943737157604495
exog-future+L720,4,2,42265,66.2932142643549,53.12372752801883,72.4523391501045,49.58299682220933
exog-future+L720,4,2,42289,58.00400830968652,46.55222651630979,66.16107935550734,42.8755873712441
exog-future+L720,4,2,42313,64.5194002309676,52.86739760848759,76.44012656506864,42.40730966332639
exog-future+L720,4,2,42337,76.46166511573293,60.56806975907228,92.16339525038022,56.57955555915793
exog-future+L720,4,2,42361,89.39943563322613,73.76263643584716,106.59009843513662,72.5068642411867
exog-future+L720,4,2,42385,80.86834612693507,66.8361246090579,96.41889994019512,63.48134136049198
exog-future+L720,4,2,42409,78.4409558730973,66.19913379826134,83.7785541424727,62.18013529866461
exog-future+L720,4,2,42433,68.27175093185627,59.18458740987039,73.07202048337305,53.62046277797778
exog-future+L720,4,2,42457,67.83935417140793,60.198958118127806,86.26952879724628,55.83680547072012
exog-future+L720,4,2,42481,66.65516093137866,57.028447625752655,93.78637060136757,55.63831850423323
exog-future+L720,4,2,42505,81.5489238099777,73.16367477044805,100.91345898707576,72.28657588940098
exog-future+L720,4,2,42529,70.87009332017264,59.31554997118784,89.87555677444719,57.977627037360826
exog-future+L720,4,2,42553,63.61545778824556,50.119171488681495,80.5031531961064,28.83154350956525
exog-future+L720,4,2,42577,65.7091515020364,49.85443796891747,83.54157407300944,10.511677225769066
exog-future+L720,4,2,42601,61.26832201353579,45.21748116627157,86.92367036238541,5.925253461214281
exog-future+L720,4,2,42625,57.85846867422926,45.18849431052676,82.27939178523356,6.473209782818466
exog-future+L720,4,2,42649,81.59617627494447,64.4364322397432,70.71738951816423,-11.673718514255397
exog-future+L720,4,2,42673,90.9029136199669,73.47322527272765,61.16293037672135,-36.939747761054726
exog-future+L720,4,2,42697,97.5069535094466,80.71753437993809,61.270133036764896,-47.56144137414487
exog-future+L720,4,2,42721,90.2593823640208,74.82504813240773,66.40272839800299,-29.698658646001345
exog-future+L720,4,2,42745,85.46245069308587,70.25049130754175,58.54179354466629,-19.049220515828104
exog-future+L720,4,2,42769,92.76483055915548,76.37544982136768,54.37140006413668,-26.58944245842674
exog-future+L720,4,2,42793,93.40678350776996,74.56514447475567,49.76937020913375,-36.16873746199752
exog-future+L720,4,2,42817,92.15513783368236,68.38879636689249,45.36769367592117,-31.88001070018631
exog-future+L720,4,2,42841,83.8428086185166,58.206308167292285,54.130228133110414,-8.001945110485126
exog-future+L720,4,2,42865,75.21467771523402,52.77457940658623,50.21906488668044,5.331521428514171
exog-future+L720,4,2,42889,91.48428055060847,65.5466916753493,47.36049815262693,-22.27222276150254
exog-future+L720,4,2,42913,88.2709571008476,63.36212863975638,63.39880006462134,-33.682196259598975
exog-future+L720,4,2,42937,90.30693442374108,59.86820278609379,83.48911836513912,-44.92912032880016
exog-future+L720,4,2,42961,87.12566256528541,54.61444180310775,88.89853987652681,-42.84037921592218
exog-future+L720,4,2,42985,65.24579508604094,43.271857202323645,98.17539546622488,-26.09128009934928
exog-future+L720,4,2,43009,59.49107276754125,39.67714746895631,110.60023256898104,-23.12187155583671
exog-future+L720,4,2,43033,38.51039722325562,25.14138160292445,125.20203710006984,-17.483155717402084
exog-future+L720,4,2,43057,31.6898822824086,22.254838194134894,118.37845230473634,-14.251492065630336
exog-future+L720,4,2,43081,24.401420108331603,17.759351024393585,102.35265219990072,-4.60958624598803
exog-future+L720,4,2,43105,31.541810857840176,23.62418644893464,94.50351074739416,5.426761677941028
exog-future+L720,4,2,43129,64.22650111923255,38.54597164825658,84.57598908717398,-13.06846344161668
exog-future+L720,4,2,43153,80.10295311812672,61.276577291232606,96.80522541200762,8.425528976922502
exog-future+L720,4,2,43177,80.33962100858531,64.63970030493559,77.6789603631021,12.765516069566669
exog-future+L720,4,2,43201,83.63040361952966,67.79423650847428,82.5534717660888,16.62315891263679
exog-future+L720,4,2,43225,87.89730631373185,73.79246677781983,89.44197860353809,24.9388220276554
exog-future+L720,4,2,43249,84.9598190334765,69.20642282180572,82.79427266695187,15.253933836356596
exog-future+L720,4,2,43273,85.59051559347186,68.66808236114022,84.19902641446872,3.6796015172062817
exog-future+L720,4,2,43297,69.6373889815642,58.08127874995377,94.83702463498824,31.96477122962625
exog-future+L720,4,2,43321,63.70811176312981,54.53327877877564,95.4183646627065,37.79837279680208
exog-future+L720,4,2,43345,65.91788930687935,54.2467352555121,83.7041218766128,34.841022523450064
exog-future+L720,4,2,43369,65.21126609645468,54.16945091735053,79.11524334215446,27.771362234789265
exog-future+L720,4,2,43393,54.21538146491421,47.38453543623442,84.93415502730195,18.509698560762715
exog-future+L720,4,2,43417,51.63393019281997,44.813073490980685,92.59618562197429,20.546423836525644
exog-future+L720,4,2,43441,45.46199767426713,40.94613061087368,82.47804643911734,24.90817009127637
exog-future+L720,4,2,43465,42.802826558627466,36.01648050618402,64.99454006092658,16.4305300556309
exog-future+L720,4,2,43489,45.992036381666914,40.40179135198264,78.78756439076791,25.635214807304497
exog-future+L720,5,2,41641,94.49768988517036,61.29292498278854,60.98503581158609,-26.564068817647044
exog-future+L720,5,2,41665,131.67591870328172,87.21170337999652,63.5333051229002,-70.19276019344152
exog-future+L720,5,2,41689,136.17237720481765,100.19663819046288,56.253189604761744,-81.68057160334891
exog-future+L720,5,2,41713,142.31256414627833,110.92319780484178,64.61689998921372,-99.22399015950468
exog-future+L720,5,2,41737,141.3388257585573,106.55540055382411,83.82285101843027,-100.58256080218288
exog-future+L720,5,2,41761,130.9975293953558,99.83183406533362,93.33698752262065,-96.05746190402718
exog-future+L720,5,2,41785,127.08333057573368,92.97744662273811,93.64407764070909,-88.15381546844091
exog-future+L720,5,2,41809,101.835047394963,68.76955972234347,93.629564549753,-57.99563849331494
exog-future+L720,5,2,41833,70.99107576624701,48.50388053840752,86.16928427816843,-13.714277702359244
exog-future+L720,5,2,41857,43.05106796659267,32.87991946246126,65.68122466302569,17.620142088482233
exog-future+L720,5,2,41881,50.58926498397277,39.39956007851837,72.48551003062707,12.388197581925931
exog-future+L720,5,2,41905,56.55039336448777,36.30249617393336,52.92947423394578,-8.576331598544257
exog-future+L720,5,2,41929,72.12547319022774,49.26935755724414,48.18127062919728,-22.33968682642539
exog-future+L720,5,2,41953,71.55118521999998,47.78696883357426,45.455770159601016,-22.871013750438905
exog-future+L720,5,2,41977,71.74912211431987,53.38634318826226,41.13873030464615,-8.723657499136353
exog-future+L720,5,2,42001,68.50355667179242,49.03549452950247,32.40450220824365,-12.608258624316916
exog-future+L720,5,2,42025,73.44331057582663,54.32947395249095,33.903599564285834,-25.451468783703973
exog-future+L720,5,2,42049,94.62880728427056,72.94150331726586,40.24522898706688,-33.35335304657319
exog-future+L720,5,2,42073,94.34192904977888,71.84623017935621,58.81231017696656,-22.10320076806619
exog-future+L720,5,2,42097,89.73645790056356,66.8366910901633,67.18877456620994,-13.70217181951053
exog-future+L720,5,2,42121,84.42902046663987,63.82421054655434,62.62173793913538,-8.303854602121522
exog-future+L720,5,2,42145,85.75444952422707,62.30421570344176,57.28517940925426,-18.82588204370723
exog-future+L720,5,2,42169,82.77968621598414,59.75483940989422,57.66278461854557,-32.38773337014148
exog-future+L720,5,2,42193,77.02126100147045,51.04039708084881,53.93628778929852,-21.92155319957538
exog-future+L720,5,2,42217,59.87012516293255,43.37812402341344,64.12688649726243,17.079919693203035
exog-future+L720,5,2,42241,54.103569662744086,41.58506423528943,64.00048080605069,33.61586625138801
exog-future+L720,5,2,42265,66.16873599241302,53.02779115326213,72.07321891280134,49.44348372062095
exog-future+L720,5,2,42289,57.83207760631185,46.41316718962988,65.90643567572127,42.75084280087507
exog-future+L720,5,2,42313,64.45883246236637,52.89754645877757,76.86534116598543,42.25726593034431
exog-future+L720,5,2,42337,76.28607090684379,60.61546223343703,91.4993241246408,56.46717681938418
exog-future+L720,5,2,42361,89.08854346544315,73.40438236338495,106.67358635757212,72.2194372978485
exog-future+L720,5,2,42385,80.69683141655243,66.51896568827148,94.2179991106504,63.11044047031971
exog-future+L720,5,2,42409,78.09639762752894,65.78147499250137,82.47645310432604,61.66484335946448
exog-future+L720,5,2,42433,68.22930075182711,59.11081118260483,72.73528125825719,53.411356632231815
exog-future+L720,5,2,42457,67.82043680972004,60.14137102802732,86.13411300492199,55.57833468905928
exog-future+L720,5,2,42481,66.74433553987511,57.03691869531638,93.49618619953488,55.629392894748186
exog-future+L720,5,2,42505,81.58604757764694,73.12857059380511,100.8150952858011,72.30826019785736
exog-future+L720,5,2,42529,71.12519009617559,59.473366695125975,89.26314893811264,58.204695714119765
exog-future+L720,5,2,42553,64.07054333531458,50.57660290921952,81.35635237098035,29.27276119242168
exog-future+L720,5,2,42577,65.28287729835753,49.67821121462997,83.62032661073748,10.41720265233055
exog-future+L720,5,2,42601,61.58342578048204,45.385776882887214,86.97610136361847,5.849176967767745
exog-future+L720,5,2,42625,58.26885047098093,45.474636344894094,81.93286701362157,6.424887698087348
exog-future+L720,5,2,42649,81.75536801667367,64.53494327243622,70.74020739861001,-11.805532386128968
exog-future+L720,5,2,42673,90.90030908273846,73.49018965662601,61.199427067991806,-36.89374195906379
exog-future+L720,5,2,42697,97.3895235306984,80.47816924689297,60.97844427741708,-47.66951549270045
exog-future+L720,5,2,42721,90.2233277520126,74.88857245977161,66.4817425242044,-29.508652145259003
exog-future+L720,5,2,42745,85.27430703807063,70.15853059759212,58.52101719706418,-18.844114898264912
exog-future+L720,5,2,42769,92.26916406130556,75.76016975374922,53.71898949794802,-26.478358445057285
exog-future+L720,5,2,42793,93.42006672089052,74.59939813893195,49.43763037949761,-35.55219108430691
exog-future+L720,5,2,42817,92.1620557433132,68.37883883339639,45.3509231178382,-31.923700378456083
exog-future+L720,5,2,42841,83.70696769505876,58.24965479247469,55.12434104093719,-7.401092376317634
exog-future+L720,5,2,42865,74.54999557329221,52.65357454467602,51.389328993139806,5.2180992325060656
exog-future+L720,5,2,42889,92.0122094640482,65.99409216726292,48.31651109407362,-22.057254704801565
exog-future+L720,5,2,42913,88.83812319360709,63.963093451787984,62.530730805486186,-34.12954635583729
exog-future+L720,5,2,42937,90.4446511465796,59.59965884460737,82.68831626620354,-44.86989488740164
exog-future+L720,5,2,42961,87.20756074390981,54.67906782605846,88.8715443130151,-42.78729992860303
exog-future+L720,5,2,42985,65.45514811502471,43.31658374707412,97.64217980805827,-26.116386997683797
exog-future+L720,5,2,43009,59.56457890601919,39.72026944301185,109.31963814005456,-23.106345684950004
exog-future+L720,5,2,43033,38.47053518350603,25.138669169689635,124.75625160307064,-17.426100737953114
exog-future+L720,5,2,43057,31.493798963642234,21.963632115145938,116.05651315044436,-14.173932386660628
exog-future+L720,5,2,43081,24.184214623320987,17.488626262217537,99.683961292823,-4.751251848595546
exog-future+L720,5,2,43105,31.3564784777632,23.415511877042874,92.409959102315,4.912220750445765
exog-future+L720,5,2,43129,64.0825204184886,38.64561727919225,84.19702311997389,-12.772457768509613
exog-future+L720,5,2,43153,80.905425031268,62.28249312253718,98.6971147026121,8.429871312479113
exog-future+L720,5,2,43177,80.63709833603895,65.16908248476241,78.18543192807732,13.404911699121632
exog-future+L720,5,2,43201,83.78421496560047,68.46599396301606,83.38384802306751,17.52838526366317
exog-future+L720,5,2,43225,87.6962549555017,73.64794103608389,89.51978213971213,24.67382844980465
exog-future+L720,5,2,43249,85.2386047715326,69.79454168619552,83.31271502836684,15.99204732866
exog-future+L720,5,2,43273,87.12651647414553,70.47590135507338,85.60839994092746,6.887085986974512
exog-future+L720,5,2,43297,70.24399308120826,58.98768427261352,96.0808335315173,32.83530114265036
exog-future+L720,5,2,43321,64.37788683162593,55.548397974826585,96.71268269923034,39.15723726840617
exog-future+L720,5,2,43345,67.56128499622083,56.35260790951877,86.1822053110927,36.00772592396012
exog-future+L720,5,2,43369,65.5535542682638,55.034130286246615,80.47228297547706,28.60015139453145
exog-future+L720,5,2,43393,55.461324952171445,48.61384369204935,85.99604822164191,19.23750300408597
exog-future+L720,5,2,43417,52.72643407770249,46.17798912824266,94.21830061665358,21.93494571416301
exog-future+L720,5,2,43441,46.77628757122251,42.30783279084455,84.10351163901471,25.876734689603488
exog-future+L720,5,2,43465,43.88273569469833,37.34066725831035,66.7626310072636,17.75005755093704
exog-future+L720,5,2,43489,46.74876839951161,41.27518721681198,79.80114563121239,26.567831428434925
exog-future+L720,6,2,41641,93.97318912218304,60.92055865157636,59.00901491012549,-25.403248971208445
exog-future+L720,6,2,41665,130.8772495092139,86.67668726332924,60.9415464867536,-68.91216201258665
exog-future+L720,6,2,41689,135.78549817446572,100.1370426827597,56.44034889617826,-80.89133864350373
exog-future+L720,6,2,41713,141.50251043924908,110.37185009456157,64.16486272000425,-98.13801743158577
exog-future+L720,6,2,41737,140.84791976669482,106.1330318026525,83.42066885280455,-99.91581984689373
exog-future+L720,6,2,41761,129.94143523679114,98.99758903114378,93.0679633560678,-95.12270613341296
exog-future+L720,6,2,41785,126.6479272970858,92.79317667220232,93.68262849908317,-87.36228934026167
exog-future+L720,6,2,41809,101.5153366925149,68.60515932431974,93.34685927388038,-57.50669605080024
exog-future+L720,6,2,41833,70.65613551341315,48.3319014005708,87.1469263186763,-13.469955585634974
exog-future+L720,6,2,41857,43.17458297401941,33.40938594855393,66.80441621077506,18.08169052990949
exog-future+L720,6,2,41881,51.620410049066464,40.98254366168211,75.04062901090022,14.80121577940559
exog-future+L720,6,2,41905,56.48604905598923,36.26683073039638,50.12571219413316,-7.86782588135131
exog-future+L720,6,2,41929,71.71241370901907,48.64881827879719,46.33192698515733,-21.23250567916884
exog-future+L720,6,2,41953,71.17727452609174,47.42971855489079,45.16956575092336,-21.733635954859118
exog-future+L720,6,2,41977,71.02534241708756,53.477115187429135,41.72368017837783,-7.220763075247325
exog-future+L720,6,2,42001,66.91992669848406,47.25209557904901,31.074309643872702,-13.049854201922434
exog-future+L720,6,2,42025,73.7227192746528,55.16943498184884,34.82069149601247,-23.299606116177465
exog-future+L720,6,2,42049,94.24048424558777,72.75466358975703,40.34820067479978,-32.548708621300754
exog-future+L720,6,2,42073,93.8620770550574,71.74827972362388,58.4618734904246,-20.84781782194562
exog-future+L720,6,2,42097,89.85229007058689,66.58737013913579,65.76679396647516,-13.09051182548368
exog-future+L720,6,2,42121,84.77332001060621,64.63478549464577,63.2047150538933,-7.268160298182649
exog-future+L720,6,2,42145,85.57597427254674,62.79544975379101,56.64086990979784,-16.80207219182526
exog-future+L720,6,2,42169,82.99227191875514,60.20837495203101,58.41508593519102,-30.70845476874176
exog-future+L720,6,2,42193,76.35514033195477,51.26551184463547,54.65068921731848,-20.01717143046284
exog-future+L720,6,2,42217,60.14263563582406,43.68261181113444,64.24879648977753,17.82032513635125
exog-future+L720,6,2,42241,55.05300845919287,42.68777266838623,62.77366139294058,35.246278047198075
exog-future+L720,6,2,42265,66.73252598918621,53.57642826978359,72.402385947233,50.1537828311854
exog-future+L720,6,2,42289,59.342947172681455,47.76273898912967,64.99651334862995,44.51860611256602
exog-future+L720,6,2,42313,65.85067123874843,54.29656562721824,78.17498983217936,43.97246669419313
exog-future+L720,6,2,42337,77.76853147901832,61.9771995633258,92.06583381964111,58.11950941797349
exog-future+L720,6,2,42361,89.74892638289683,74.22229139238051,105.62227535258404,73.34888248679306
exog-future+L720,6,2,42385,81.51733273684818,67.09506387603038,94.23273780472536,63.93280331070177
exog-future+L720,6,2,42409,78.69222684759144,66.2921695929563,83.40052283111645,62.41908870359672
exog-future+L720,6,2,42433,69.35466708511308,60.36304199660496,74.74815766939689,54.73693395747944
exog-future+L720,6,2,42457,69.08286286924222,61.51276020127991,86.7477919530302,57.176583165933486
exog-future+L720,6,2,42481,67.13495662860609,57.32729374166508,92.96668406547252,55.97494537286186
exog-future+L720,6,2,42505,81.7438991872823,73.23347865889703,100.93723203339393,72.41047168228533
exog-future+L720,6,2,42529,71.20955955784217,59.56398588370764,89.98259776011305,58.22102156317039
exog-future+L720,6,2,42553,64.16675891866821,50.68009010626602,81.3174580250639,29.403658806732302
exog-future+L720,6,2,42577,65.76580008741703,50.04142852639544,84.14351273923096,11.499886091033115
exog-future+L720,6,2,42601,62.43703102756006,45.89802614775728,88.39281431441047,6.26610202066271
exog-future+L720,6,2,42625,58.27643640421904,45.63480314071127,83.84287790175046,6.8180069103600855
exog-future+L720,6,2,42649,81.70155666903699,64.94145658522368,71.28241959726257,-10.772911063818375
exog-future+L720,6,2,42673,90.8894209076979,73.67416962044857,61.43233352934161,-36.46592091171743
exog-future+L720,6,2,42697,97.27523281858404,80.79499833186641,61.53214078809872,-46.75075939334339
exog-future+L720,6,2,42721,90.26072778321706,75.21808793294144,66.9234291914608,-28.95751913733865
exog-future+L720,6,2,42745,85.40487063594186,70.33142339621624,58.65356279464928,-18.73910345491841
exog-future+L720,6,2,42769,92.64479034979206,76.37495533464575,54.11215338616814,-26.671468362671416
exog-future+L720,6,2,42793,92.87838642929891,74.66660086109522,50.17302818034168,-35.57923139930091
exog-future+L720,6,2,42817,91.94942810068926,68.5261309578216,45.68028762869651,-31.56702286720782
exog-future+L720,6,2,42841,83.17321054507735,57.97828013876934,50.95676254063315,-6.849088286314002
exog-future+L720,6,2,42865,77.14898882435098,54.41083057270887,52.17935751914654,6.020969711836485
exog-future+L720,6,2,42889,92.09339185396615,66.24910030388193,48.43408575679091,-21.560375480675024
exog-future+L720,6,2,42913,88.88509886669044,64.10092656503761,62.526076649495565,-33.8680669989542
exog-future+L720,6,2,42937,90.09828869635572,59.69397938130322,82.74654531070308,-44.58090233239723
exog-future+L720,6,2,42961,87.33193649397657,54.7393456818408,88.61680916648528,-42.61200601122506
exog-future+L720,6,2,42985,65.39667022417572,43.25848203366687,97.33775850939278,-25.923843674719965
exog-future+L720,6,2,43009,59.18340451687052,39.50649715131123,110.33546930430332,-22.86969806425608
exog-future+L720,6,2,43033,38.446914540992445,25.121266327613057,124.21000607450974,-17.44483267861031
exog-future+L720,6,2,43057,30.88960571876061,22.2526892069262,120.28017717792952,-14.330269301069391
exog-future+L720,6,2,43081,24.685482986101626,17.916348801188114,102.15985795594152,-5.109461396803362
exog-future+L720,6,2,43105,30.969872088012654,23.465454507560327,97.54657715982373,5.321149308637331
exog-future+L720,6,2,43129,64.60031907239485,38.99391886507732,86.73612227690545,-12.492496687008394
exog-future+L720,6,2,43153,80.63857391541048,62.13004382161959,98.2712230744882,8.550475388125701
exog-future+L720,6,2,43177,80.40452191011798,64.53496687053845,77.50596769756959,12.891186160719515
exog-future+L720,6,2,43201,84.62346205531891,68.88704188962208,83.22020179241673,17.588648948090412
exog-future+L720,6,2,43225,88.68469227277646,75.00434941733525,90.71390984389878,25.14186266816155
exog-future+L720,6,2,43249,85.0575999562989,69.34634976610066,82.61073288989623,15.545621711799363
exog-future+L720,6,2,43273,87.9573045688169,71.32205003411201,86.5592044315195,8.21779013894718
exog-future+L720,6,2,43297,69.70087358687948,58.94489134845686,96.54960756223235,33.10948184866483
exog-future+L720,6,2,43321,64.42412715355715,54.71974295549499,94.55598330817038,38.01254764385161
exog-future+L720,6,2,43345,68.11624407066908,56.06823447470463,85.88669367133961,36.20494643512459
exog-future+L720,6,2,43369,65.18558949094869,54.24201286753208,79.77611309924923,27.55725629266195
exog-future+L720,6,2,43393,54.95781293558595,48.096373645117005,85.46568532362186,18.81369375178271
exog-future+L720,6,2,43417,52.9577134420624,46.27404951748978,93.77262378497416,21.122711720801785
exog-future+L720,6,2,43441,46.22136835616166,41.710515233309536,83.37834108119057,25.21267533177655
exog-future+L720,6,2,43465,44.097285729239786,37.65391820272548,67.33784516240901,18.246851536901907
exog-future+L720,6,2,43489,45.94025920844752,40.56827471735289,79.33490009994757,26.28878563935231
exog-future+L720,7,2,41641,94.00220372182612,60.96239113298306,58.881010840410205,-25.212960307145224
exog-future+L720,7,2,41665,130.7246698002614,86.6272860462397,60.81891598856972,-68.65637345253757
exog-future+L720,7,2,41689,135.09992117613035,99.51722236615544,56.0458536518842,-79.69585874807727
exog-future+L720,7,2,41713,141.1194798588818,110.0031683301296,63.76803441776805,-97.9500475428856
exog-future+L720,7,2,41737,140.72191714084136,106.06030290237628,83.21747934387628,-99.7908738126329
exog-future+L720,7,2,41761,129.34143871728443,98.5788586366146,92.77110584631292,-94.431412798934
exog-future+L720,7,2,41785,125.24110534628927,91.60526320226634,92.18066389965333,-86.55402528479618
exog-future+L720,7,2,41809,101.36441900805568,68.51525562818668,93.173349778562,-57.35754530059826
exog-future+L720,7,2,41833,70.58897678084362,48.30827290986837,87.04951875357513,-13.342224302077382
exog-future+L720,7,2,41857,43.29833241013087,33.5723160767431,66.71329194171808,18.348061995504363
exog-future+L720,7,2,41881,51.91640323580738,41.40068062560566,75.60997346070711,15.332323135536669
exog-future+L720,7,2,41905,56.38930057796644,36.26865770746144,50.1834770546262,-7.586689330644011
exog-future+L720,7,2,41929,71.65384915948549,48.6233070779064,46.10619363240049,-20.92088887262832
exog-future+L720,7,2,41953,71.08029936233274,47.36867206761207,45.059465060421,-21.42085143165285
exog-future+L720,7,2,41977,71.01693221743271,53.58405732071657,41.85287524847275,-6.928792304996263
exog-future+L720,7,2,42001,66.41116953220275,46.888319061178585,30.92631875563751,-12.673537209579289
exog-future+L720,7,2,42025,73.52643375378605,55.17705889406703,34.893608475332435,-22.78509432371453
exog-future+L720,7,2,42049,93.94933198839388,72.6017854323027,40.301764693583245,-32.20028313093807
exog-future+L720,7,2,42073,93.81642137544289,71.78056179940586,58.47049605525781,-20.544020967378486
exog-future+L720,7,2,42097,89.82296057247274,66.63751934228534,65.81500155895989,-12.821118120230873
exog-future+L720,7,2,42121,84.71127186372101,64.89268149290372,62.964064912685714,-6.577118199816009
exog-future+L720,7,2,42145,85.56584164992357,62.983130084422704,56.588787481186365,-16.333558033872723
exog-future+L720,7,2,42169,82.95681012197178,60.3199180055596,58.55406442047203,-30.269144224654376
exog-future+L720,7,2,42193,76.31767115582174,51.33948265365511,54.77743423965088,-19.572851906646616
exog-future+L720,7,2,42217,60.4426560055524,44.18926813076991,64.19947656352066,18.991786125434302
exog-future+L720,7,2,42241,55.46013167813354,43.07909902523657,62.85958890125984,35.777585175922404
exog-future+L720,7,2,42265,67.96174814512845,54.73774236822027,71.518342625188,51.80252890594528
exog-future+L720,7,2,42289,59.81692060967536,48.15476375687973,64.49935042858121,45.10084242867956
exog-future+L720,7,2,42313,66.24686818136111,54.70096495229772,78.55202989422955,44.51148450335832
exog-future+L720,7,2,42337,78.29624738931308,62.45360405094683,92.36777958659184,58.66605860967693
exog-future+L720,7,2,42361,90.19750031812484,74.98985725320162,106.39794394241274,73.81683501635979
exog-future+L720,7,2,42385,82.21071241844672,67.92071371881633,95.2740854225953,64.77961709963805
exog-future+L720,7,2,42409,79.27691156763144,66.96671380427252,84.64178515671172,63.11515788329032
exog-future+L720,7,2,42433,69.85993289849146,60.87006806833973,75.2025473963526,55.300361501812304
exog-future+L720,7,2,42457,69.6072061285683,62.00084053021484,87.12688903293326,57.68068873836914
exog-future+L720,7,2,42481,68.57834424206014,58.57166923150583,92.73246695921895,57.3988386864069
exog-future+L720,7,2,42505,82.82374576791206,74.14100817757124,101.41098282158208,73.28876918268865
exog-future+L720,7,2,42529,72.57985642427623,60.76880986126408,88.30260487633669,59.5703558330481
exog-future+L720,7,2,42553,64.73633450270255,51.03073316506427,81.48563960816358,29.796989186667684
exog-future+L720,7,2,42577,65.86707537138467,50.25949414342633,84.36899576338872,12.106200999152453
exog-future+L720,7,2,42601,61.02856576663333,45.696019177725695,86.8493759456414,7.813540160951385
exog-future+L720,7,2,42625,58.3716085549356,45.93196436082704,84.07420781004919,7.384552370122446
exog-future+L720,7,2,42649,81.62802912049962,65.17697525718894,71.6158431344961,-10.059775159570824
exog-future+L720,7,2,42673,90.61962948630315,73.64957329834468,61.57565314940828,-35.858732989265576
exog-future+L720,7,2,42697,96.4211278315768,80.4158232730729,61.487232370063495,-45.50641224286777
exog-future+L720,7,2,42721,90.04090248859315,75.27991905911615,67.12035453812418,-28.299441732555174
exog-future+L720,7,2,42745,85.221934134081,70.40532562182581,58.81805710237303,-18.11581459790759
exog-future+L720,7,2,42769,92.67303037843152,76.99834059128057,55.27653813189014,-25.938730901373724
exog-future+L720,7,2,42793,92.53711847894432,74.6094319448937,50.24683933505691,-34.84600661233871
exog-future+L720,7,2,42817,91.65080977650013,68.47037093210676,45.78033585720413,-30.91557709556001
exog-future+L720,7,2,42841,82.03993894065869,57.10599343882107,50.210931253026594,-5.997986577760459
exog-future+L720,7,2,42865,77.20912065838561,54.62325611829231,52.24965411016726,6.619200664267951
exog-future+L720,7,2,42889,91.89061629127076,66.23181406714312,48.2228862570072,-20.919235551422812
exog-future+L720,7,2,42913,88.65725540019375,63.99672297401122,62.291148227475176,-33.33273283321524
exog-future+L720,7,2,42937,89.88889705628529,59.5543210860554,82.56275051742816,-44.200074539400646
exog-future+L720,7,2,42961,87.16135144433248,54.69710951018754,88.52062746120032,-42.19258366389367
exog-future+L720,7,2,42985,65.16602681988252,43.144576993819896,96.86299950769455,-25.516372010681422
exog-future+L720,7,2,43009,58.76832005093157,39.24295894913509,108.40490907430812,-22.049065441346816
exog-future+L720,7,2,43033,38.34331489860119,24.82967549009278,119.55958299625334,-16.868544371114414
exog-future+L720,7,2,43057,30.742716801292204,22.133911946247057,117.8947756842406,-13.979347632287148
exog-future+L720,7,2,43081,24.61092963172309,17.85113269774017,100.36423371938535,-4.60442280348623
exog-future+L720,7,2,43105,31.106859994849614,23.56739139572549,96.19796437557608,5.840898968675079
exog-future+L720,7,2,43129,64.51726873852422,39.06769551581903,86.48416796813164,-11.873053266581763
exog-future+L720,7,2,43153,81.0368553538381,62.56706118194037,94.5211989135345,10.011884386336767
exog-future+L720,7,2,43177,80.36039657179832,64.38292175418682,77.07739211486397,13.310739227635487
exog-future+L720,7,2,43201,84.82689169193038,69.3496660946121,83.69668576226333,18.54347011033688
exog-future+L720,7,2,43225,89.02564653844321,75.58388699211412,91.1917511160945,26.16527418719231
exog-future+L720,7,2,43249,85.24791298722525,69.78003494135939,82.96496799925534,16.512075221533728
exog-future+L720,7,2,43273,88.13597544652696,71.77135603772797,86.98127598268015,9.17584028344656
exog-future+L720,7,2,43297,70.71404006884637,59.81182359330084,96.98925287225887,33.76851081919339
exog-future+L720,7,2,43321,64.90394788838606,55.35086647211322,95.17906281895613,38.82181488723638
exog-future+L720,7,2,43345,68.59822705959738,56.64206309827853,86.34586535498995,37.12351378886248
exog-future+L720,7,2,43369,65.55423018727159,54.6978000544162,80.18520519988552,28.353913786201066
exog-future+L720,7,2,43393,55.33976314913912,48.57623727923811,85.91587459839093,19.6702118503652
exog-future+L720,7,2,43417,52.6263395878222,46.085687484529466,93.71764659948664,21.76480140460628
exog-future+L720,7,2,43441,46.46892151652054,41.78683107950386,83.23901476810681,25.66449570214289
exog-future+L720,7,2,43465,44.64626596616295,38.28951219502272,68.00857693746077,18.63251977893517
exog-future+L720,7,2,43489,46.44401318422259,41.11408067808401,79.8744205977527,27.13399826593626
exog-future+L720,8,2,41641,93.97094978615216,60.98168759486715,58.76600336457529,-25.00731473260266
exog-future+L720,8,2,41665,130.60379427080755,86.57994574172817,60.70882204479654,-68.43175029959055
exog-future+L720,8,2,41689,135.00946622128828,99.49847579267048,56.10064554441316,-79.53832179115473
exog-future+L720,8,2,41713,140.95025192695627,109.89635166528149,63.72295215536404,-97.75313911844312
exog-future+L720,8,2,41737,140.6202160520832,105.98950641929146,83.14447268400036,-99.66996002163523
exog-future+L720,8,2,41761,129.1658049522471,98.44020988146526,92.65646455058288,-94.25074000808564
exog-future+L720,8,2,41785,125.07970599092614,91.49627804892825,92.12321093927092,-86.38920423777638
exog-future+L720,8,2,41809,101.27580600420384,68.47324332013919,93.08431776679753,-57.24097699210962
exog-future+L720,8,2,41833,70.53562031184751,48.296762337146085,87.00545574693635,-13.252658770159083
exog-future+L720,8,2,41857,43.36944015296383,33.663580060828146,66.72949386543911,18.50446749444572
exog-future+L720,8,2,41881,52.00805374786733,41.56459844666991,75.84066305135545,15.600595086943004
exog-future+L720,8,2,41905,55.9700208205992,36.02688767139374,46.99043686242855,-6.781637674535354
exog-future+L720,8,2,41929,72.0611565798335,49.43061261331373,48.656306410686526,-20.84258521241313
exog-future+L720,8,2,41953,71.00397871734909,47.322204777163016,44.987137646205575,-21.231880644543203
exog-future+L720,8,2,41977,71.21064351421408,54.02843530614619,42.36057192433324,-5.987974547073828
exog-future+L720,8,2,42001,66.35841867244717,46.92671090206244,30.9977236226812,-12.461864649799033
exog-future+L720,8,2,42025,73.43930416939575,55.18862816269147,34.93083538146092,-22.50512772316224
exog-future+L720,8,2,42049,93.82806712756816,72.54671025174511,40.29049482963969,-31.992048601781253
exog-future+L720,8,2,42073,93.77337695860535,71.79862748929452,58.48323324142357,-20.369413614550727
exog-future+L720,8,2,42097,89.80188667211253,66.66627367541885,65.83517796365864,-12.673919785847753
exog-future+L720,8,2,42121,84.71806088485717,64.95929469087598,62.97406131295814,-6.419166235096546
exog-future+L720,8,2,42145,85.5435223163207,63.04319124025859,56.545672112396815,-16.123511051825115
exog-future+L720,8,2,42169,82.91883313042267,60.33480135099171,58.5873771004795,-30.069637566838747
exog-future+L720,8,2,42193,76.29053259017638,51.36192588825952,54.788716505969184,-19.37036568589827
exog-future+L720,8,2,42217,60.46258347306369,44.218970861194826,64.21334205100993,19.155556553771373
exog-future+L720,8,2,42241,55.63441411966204,43.24364549021677,62.90077964647662,36.00054565399088
exog-future+L720,8,2,42265,68.1823986604581,54.93169248261996,71.42190287394472,52.07053283479567
exog-future+L720,8,2,42289,60.03175887097887,48.350417831466906,64.43741262157475,45.35972172781032
exog-future+L720,8,2,42313,66.41446909824043,54.86687088659563,78.65044211212565,44.74213295792934
exog-future+L720,8,2,42337,78.48378024454396,62.63136666247637,92.46238309331969,58.879627842788025
exog-future+L720,8,2,42361,90.36136208180238,75.15319942348326,106.5166273561849,73.99007173072228
exog-future+L720,8,2,42385,82.3549712817521,68.04368863662341,95.33546825201998,64.92607017158105
exog-future+L720,8,2,42409,79.05810182849409,66.70412009513973,82.72228403976747,62.960070434333474
exog-future+L720,8,2,42433,70.04751799998554,61.05274483456744,75.376316292702,55.51260506902023
exog-future+L720,8,2,42457,69.77114680062695,62.14382210200953,87.23331661231357,57.837126355173865
exog-future+L720,8,2,42481,68.77519496608109,58.745610018410886,92.81921012802997,57.578864558130526
exog-future+L720,8,2,42505,82.93143373737128,74.2345355546757,101.4550449582701,73.381849652784
exog-future+L720,8,2,42529,72.72433127591745,60.89790248686944,88.39374057014047,59.70035513707812
exog-future+L720,8,2,42553,64.95140759050065,50.941082110384805,80.93007652157362,29.812702427295307
exog-future+L720,8,2,42577,65.90297008840173,50.30102282300116,84.36942548087526,12.239194953043205
exog-future+L720,8,2,42601,61.06076713288439,45.75508246460512,86.88417425883056,7.930402394203985
exog-future+L720,8,2,42625,58.62676538977468,46.36175193408284,83.36375131180974,7.889362315612912
exog-future+L720,8,2,42649,81.60303518668182,65.20321696085469,71.6575951854044,-9.938087733167253
exog-future+L720,8,2,42673,90.55191279347518,73.63106107207688,61.58955459251393,-35.74330161497511
exog-future+L720,8,2,42697,96.32056806952556,80.38199280974754,61.50406848201895,-45.32712960211647
exog-future+L720,8,2,42721,89.97565798897855,75.28169824125582,67.15812355065104,-28.152382708758328
exog-future+L720,8,2,42745,85.15969799123474,70.3922291625143,58.83167274149865,-17.99748795665848
exog-future+L720,8,2,42769,92.62067645156576,77.001045916002,55.30643128462964,-25.7981543190829
exog-future+L720,8,2,42793,92.90403346954884,75.29584128963322,51.07555122795594,-34.36448338234451
exog-future+L720,8,2,42817,91.6388766738638,68.21246853044843,45.52926973642186,-30.86384668097995
exog-future+L720,8,2,42841,83.20673227038854,58.44996603139386,54.9788444919183,-5.560238146388967
exog-future+L720,8,2,42865,77.22562452119412,54.66188144081668,52.24946673856245,6.731512101599844
exog-future+L720,8,2,42889,91.84877397137627,66.23850312204117,48.20122791633099,-20.76044635363449
exog-future+L720,8,2,42913,88.62754307179027,63.98028588122855,62.26399096986177,-33.22325844002136
exog-future+L720,8,2,42937,89.87200272753563,59.52886129274698,82.53599707787959,-44.13903097608385
exog-future+L720,8,2,42961,87.1270603947448,54.680631863583336,88.50150335442422,-42.09871188144239
exog-future+L720,8,2,42985,65.11415261470376,43.12127832840935,96.88272602643444,-25.462001548681098
exog-future+L720,8,2,43009,58.71633803456049,39.21583719852135,108.30629192773156,-21.972765413892347
exog-future+L720,8,2,43033,38.29538846680564,24.79488994181608,119.373411216788,-16.81176634747781
exog-future+L720,8,2,43057,31.335575569802867,22.18503247463803,117.80554209956648,-13.994982536541754
exog-future+L720,8,2,43081,23.61396298608812,17.02948466068296,100.6465230369248,-5.031894784968957
exog-future+L720,8,2,43105,31.0996961543419,23.56049461448701,95.921475518381,5.87815182239177
exog-future+L720,8,2,43129,64.48947850639796,39.06255951008585,86.36366067099964,-11.798293930527814
exog-future+L720,8,2,43153,81.06909896839315,62.62039948338887,94.56286612005871,10.080856704781176
exog-future+L720,8,2,43177,80.38357586290793,64.42680664617377,77.09393616925779,13.361439864961056
exog-future+L720,8,2,43201,84.85132295755302,69.40860287477567,83.74882543456737,18.63754010401357
exog-future+L720,8,2,43225,89.06623202829714,75.65971034420188,91.24684092445872,26.27853045382671
exog-future+L720,8,2,43249,85.24232114721084,69.80945707480062,82.99207116597232,16.603413948526182
exog-future+L720,8,2,43273,88.16630879443726,71.83057706833685,87.03742359005966,9.257449639397729
exog-future+L720,8,2,43297,70.75190139876095,59.8585122228954,97.02094046466968,33.79199390093072
exog-future+L720,8,2,43321,64.91842436026397,55.37373886521815,95.22194299414996,38.84495339864468
exog-future+L720,8,2,43345,68.68469498461901,56.735424411837,86.41831589379946,37.21997789713089
exog-future+L720,8,2,43369,65.60370004798098,54.75725685455151,80.23830642031791,28.40550921153628
exog-future+L720,8,2,43393,55.37648091528357,48.60972925562214,85.94849380879731,19.715869607461865
exog-future+L720,8,2,43417,52.78068768206103,46.13404777532308,93.81528599242884,21.558932203625982
exog-future+L720,8,2,43441,46.50145847769334,41.82553072353527,83.27311897631223,25.71915268060934
exog-future+L720,8,2,43465,44.69520155542585,38.35009456744834,68.07829903000683,18.713879216644017
exog-future+L720,8,2,43489,46.5015652084136,41.1860618259671,79.93968819300952,27.228123884460576
exog-future+L720,9,2,41641,94.185620691768,61.48581637612645,59.02317534407392,-24.70408203770733
exog-future+L720,9,2,41665,130.2159127855207,86.4465427842981,61.18128205951443,-67.71980783333264
exog-future+L720,9,2,41689,134.9817406674922,99.49602801314032,56.12615313248579,-79.48220795213123
exog-future+L720,9,2,41713,140.87560198588932,109.84605896735812,63.70074684192998,-97.67959921763438
exog-future+L720,9,2,41737,140.5855667550037,105.9630366247294,83.11971705727986,-99.6336913726781
exog-future+L720,9,2,41761,129.0894012904912,98.3804155873466,92.626742067708,-94.17778329754802
exog-future+L720,9,2,41785,125.0107652547589,91.4429653137601,92.07263579811745,-86.32405027173205
exog-future+L720,9,2,41809,101.28047691612808,68.4186309220263,93.5602121272694,-57.37143922033796
exog-future+L720,9,2,41833,70.52120356594087,48.29020876246405,87.0256218449199,-13.236319014896551
exog-future+L720,9,2,41857,44.17587093259319,34.611537285974734,66.83506317617683,19.674438582434288
exog-future+L720,9,2,41881,52.07101308973855,41.648567561156966,75.93602331744614,15.713648483095188
exog-future+L720,9,2,41905,55.94878192988919,36.03502157296307,46.99956713477346,-6.681956492549698
exog-future+L720,9,2,41929,72.05297368843986,49.42699362105137,48.65537488217056,-20.781224821620302
exog-future+L720,9,2,41953,70.98510290953779,47.31309775681034,44.97565583390712,-21.15892609070084
exog-future+L720,9,2,41977,71.21042462929309,54.06697210676645,42.40507774049296,-5.908365650194264
exog-future+L720,9,2,42001,66.34644064335693,46.95002921824642,31.02964635690306,-12.38368003843351
exog-future+L720,9,2,42025,73.400811456099,55.18750337555751,34.943260387930614,-22.38479867684645
exog-future+L720,9,2,42049,93.7726298656588,72.51233851663504,40.279663657141576,-31.91946822561875
exog-future+L720,9,2,42073,93.7470148496864,71.79764705803956,58.485493083816976,-20.307745285444188
exog-future+L720,9,2,42097,89.78856229552923,66.66961860836633,65.83535911644076,-12.624075986646512
exog-future+L720,9,2,42121,84.72143330324461,64.98690156672872,62.994613554048605,-6.359919252586193
exog-future+L720,9,2,42145,85.52670494232254,63.06213946375491,56.53874021106516,-16.040197882779022
exog-future+L720,9,2,42169,82.90584197492309,60.34220329603611,58.6040846180136,-29.977753134329923
exog-future+L720,9,2,42193,76.27490355061042,51.37003486757543,54.80036635277396,-19.278940814335822
exog-future+L720,9,2,42217,60.48192495619447,44.24066437685154,64.22194154357973,19.22315936477317
exog-future+L720,9,2,42241,57.632599727993245,44.114306120241366,64.49379465040889,36.10462724093409
exog-future+L720,9,2,42265,68.27286664955179,55.01755585042104,71.38521776517595,52.18559234314505
exog-future+L720,9,2,42289,60.13172246916315,48.43999950580186,64.4245363189334,45.47632492904392
exog-future+L720,9,2,42313,66.49300245630626,54.94141084201924,78.72128631393971,44.84015465336746
exog-future+L720,9,2,42337,78.40078713931636,62.74712450766627,93.38016519380729,59.08946464146696
exog-future+L720,9,2,42361,90.41990142210022,75.21036264481671,106.53905307186388,74.05159219998333
exog-future+L720,9,2,42385,82.41574607449543,68.08943880562657,95.3589599611232,64.97930854548738
exog-future+L720,9,2,42409,79.10961803359456,66.74373686139991,82.74559410425827,63.01088730660008
exog-future+L720,9,2,42433,70.12158815977178,61.11488915128348,75.41142603326283,55.59047634138911
exog-future+L720,9,2,42457,69.82854951042916,62.19633145726704,87.28700467267664,57.89875386807752
exog-future+L720,9,2,42481,68.854554822258,58.8120397024892,92.86404648306336,57.64644070562082
exog-future+L720,9,2,42505,82.96340959486373,74.25375319214425,101.45884610831348,73.40194482072476
exog-future+L720,9,2,42529,72.77650696314679,60.94367844477959,88.4355914940279,59.74484673029594
exog-future+L720,9,2,42553,64.98858470427662,50.96835548363121,80.92656263191749,29.848145950493013
exog-future+L720,9,2,42577,65.92247944865328,50.32438426712679,84.39607676090401,12.293147356069488
exog-future+L720,9,2,42601,61.07212906155067,45.778609525035776,86.90762752718042,7.978912381753562
exog-future+L720,9,2,42625,58.822407576320025,46.55105159635085,83.97629335669104,8.090566686156926
exog-future+L720,9,2,42649,81.4849640217013,65.19093443236473,71.72141610888589,-9.67971946744676
exog-future+L720,9,2,42673,90.5257162578486,73.62255035509995,61.59494799363892,-35.70438325222998
exog-future+L720,9,2,42697,96.27210410725992,80.36190680328914,61.50717764050959,-45.25560221998307
exog-future+L720,9,2,42721,89.94755213833416,75.27710716383365,67.1682714012909,-28.09691715841078
exog-future+L720,9,2,42745,85.13857164273581,70.38786917548434,58.83629693432976,-17.95129583408817
exog-future+L720,9,2,42769,92.6028298361309,77.01112347903015,55.33265660513519,-25.746021278323138
exog-future+L720,9,2,42793,92.87765651648444,75.2999388635026,51.092282137944814,-34.28751803726652
exog-future+L720,9,2,42817,91.60844127040592,68.20664945659539,45.53887517883417,-30.80006014718022
exog-future+L720,9,2,42841,83.12581526417326,58.61915971976241,54.765564280911896,-4.598410369917111
exog-future+L720,9,2,42865,77.25149467000438,54.69616326658182,52.2696846835568,6.77659324187347
exog-future+L720,9,2,42889,91.85178223809642,66.26188158716344,48.21603115726572,-20.698297091427417
exog-future+L720,9,2,42913,88.62025295513546,63.98110885029274,62.26524092999769,-33.182079492929994
exog-future+L720,9,2,42937,89.86729223818578,59.518879057636326,82.52198791649225,-44.12643322819753
exog-future+L720,9,2,42961,87.12421341434347,54.67828246911103,88.48398129315073,-42.07312634385647
exog-future+L720,9,2,42985,65.10050017678529,43.11301124842409,96.88703921952704,-25.452940121064643
exog-future+L720,9,2,43009,58.69027157581871,39.20019201839137,108.25989539159306,-21.946403068471398
exog-future+L720,9,2,43033,38.29105787311252,24.785485991240265,119.24443049892876,-16.79223817372258
exog-future+L720,9,2,43057,31.33019891347646,22.177157876418928,117.6881520328818,-13.97727979361579
exog-future+L720,9,2,43081,23.60991981117016,17.02467503748023,100.61354235584294,-5.033286545133445
exog-future+L720,9,2,43105,31.10867113151187,23.56550278899518,95.8771025080672,5.888038953835403
exog-future+L720,9,2,43129,64.49795748926239,39.07704716703212,86.30911140481831,-11.776477819169893
exog-future+L720,9,2,43153,81.08189268915581,62.63590169748322,94.56499708618792,10.097669720477288
exog-future+L720,9,2,43177,80.37932409853234,64.42220661598165,77.08557843959916,13.36246618156448
exog-future+L720,9,2,43201,84.85902706811741,69.43020397653815,83.77093767684153,18.67775336248457
exog-future+L720,9,2,43225,89.08476832123011,75.69514713294477,91.27626152014376,26.33670241221268
exog-future+L720,9,2,43249,85.24175828355804,69.82624475081843,83.00857485598685,16.652654095685946
exog-future+L720,9,2,43273,88.17666371668088,71.85046068733328,87.05518341653557,9.295350063853205
exog-future+L720,9,2,43297,70.75385459597148,59.86192548630894,97.028841019028,33.791130395934644
exog-future+L720,9,2,43321,64.92050604879567,55.37429955827567,95.22231084978324,38.84614399778124
exog-future+L720,9,2,43345,68.7072508458077,56.759546879173776,86.43609529507107,37.25554523252519
exog-future+L720,9,2,43369,65.61626650596496,54.76809740268775,80.24492986232774,28.414891937050523
exog-future+L720,9,2,43393,55.37947097262764,48.61004044587448,85.94668764596699,19.72783261310368
exog-future+L720,9,2,43417,52.769192517367735,46.12006506334695,93.79544869302148,21.54564004757707
exog-future+L720,9,2,43441,46.492370437437856,41.819189757261725,83.26097271141037,25.721938824751884
exog-future+L720,9,2,43465,44.70870051616754,38.36921421343108,68.10094768833963,18.740946393923277
exog-future+L720,9,2,43489,46.51961945672728,41.20575747351597,79.9443763976147,27.258928666277363
exog-future+L720,10,2,41641,94.18116377262908,61.49376951979994,59.01972920597473,-24.67117640911552
exog-future+L720,10,2,41665,130.19396573171585,86.43856969864763,61.17640988293128,-67.68147516540796
exog-future+L720,10,2,41689,134.972594197694,99.49018053302687,56.12056940876785,-79.47052196504859
exog-future+L720,10,2,41713,140.85178769868756,109.82998129131624,63.69223820098812,-97.6551389581536
exog-future+L720,10,2,41737,140.57793910405277,105.95984905599454,83.10591433764519,-99.62499275586433
exog-future+L720,10,2,41761,129.06514180124626,98.36082462891306,92.60845705166568,-94.1539283081271
exog-future+L720,10,2,41785,124.99038580684424,91.42876832367595,92.06578258210308,-86.3045234893931
exog-future+L720,10,2,41809,101.27606433677845,68.41617300205303,93.55927987740648,-57.36778708354581
exog-future+L720,10,2,41833,70.51640720014207,48.28513299909284,87.02911725000038,-13.236931591879635
exog-future+L720,10,2,41857,44.1906515912801,34.63239411320267,66.87283120383584,19.702376207876885
exog-future+L720,10,2,41881,52.08334939841871,41.671584253075565,75.9652758952506,15.75398627232991
exog-future+L720,10,2,41905,55.94259553304168,36.03951228752855,47.00443411311146,-6.644647738053734
exog-future+L720,10,2,41929,72.04756370804226,49.42234109371665,48.64135814426397,-20.75932537933488
exog-future+L720,10,2,41953,70.97495423734999,47.303034389209934,44.96259063106016,-21.134862167204297
exog-future+L720,10,2,41977,71.20123795021935,54.06809216010344,42.41244209571946,-5.884218388813148
exog-future+L720,10,2,42001,66.34145063176248,46.95594048237321,31.040416615671,-12.357798786125963
exog-future+L720,10,2,42025,73.38828359477115,55.18651823145891,34.94692469656702,-22.346285535769333
exog-future+L720,10,2,42049,93.7591039402671,72.50272609910193,40.27562758781889,-31.900076785348062
exog-future+L720,10,2,42073,93.7467087328388,71.8001498810041,58.48626603068677,-20.291448009127
exog-future+L720,10,2,42097,89.98579033364494,67.14580150635713,66.68992970872219,-11.724601786325293
exog-future+L720,10,2,42121,84.72552260688819,64.9957237502535,63.003268309605566,-6.346340619825916
exog-future+L720,10,2,42145,85.52625186577524,63.07003113167527,56.53557400667998,-16.015982596049554
exog-future+L720,10,2,42169,82.90420768068567,60.34510479653971,58.60903759898237,-29.95479470995603
exog-future+L720,10,2,42193,76.27479374245938,51.374526717139055,54.80414768348975,-19.252431241169926
exog-future+L720,10,2,42217,60.47995342896899,44.24044850855347,64.22335777907058,19.24257334300608
exog-future+L720,10,2,42241,57.65523164441504,44.13690783517299,64.50855000834517,36.135506944554656
exog-future+L720,10,2,42265,68.30435708288057,55.045855376282525,71.37847395122095,52.22205953031043
exog-future+L720,10,2,42289,60.16096895353797,48.46786995962939,64.42344745678075,45.511875491908775
exog-future+L720,10,2,42313,66.51448233599214,54.96177706977894,78.72917205546437,44.868814922784566
exog-future+L720,10,2,42337,78.5942171662805,62.73070841044682,92.51580979253676,58.99106681837843
exog-future+L720,10,2,42361,90.4382548675062,75.22702174999424,106.55654903842309,74.06939573312958
exog-future+L720,10,2,42385,82.43320609440497,68.1039885833468,95.37195666475272,64.99479257575861
exog-future+L720,10,2,42409,79.43667913159364,67.10532523169839,84.76740161298315,63.29502682313428
exog-future+L720,10,2,42433,70.14847203966097,61.140693642136135,75.43417261124115,55.62034780687929
exog-future+L720,10,2,42457,69.84927429862041,62.21245470815546,87.28607238004601,57.91503078698057
exog-future+L720,10,2,42481,68.88046928895976,58.83422177223222,92.87100521482613,57.66946036026224
exog-future+L720,10,2,42505,82.96663762272736,74.25387339858491,101.45333560998036,73.40161392205461
exog-future+L720,10,2,42529,72.78826027457436,60.95249070551851,88.45710783439176,59.75199800573322
exog-future+L720,10,2,42553,64.9920993674996,50.97019584038175,80.91453353547008,29.85523015767757
exog-future+L720,10,2,42577,65.92527225592893,50.32549271307035,84.38415142249977,12.306712643159848
exog-future+L720,10,2,42601,61.07888159098213,45.784821308245874,86.89551885559223,7.98823139630381
exog-future+L720,10,2,42625,58.65571001061869,46.40429540337103,83.43632498828015,7.946139182386257
exog-future+L720,10,2,42649,81.48068914112922,65.1921419332337,71.72357994809234,-9.668575576646026
exog-future+L720,10,2,42673,90.51945573426096,73.61893978885708,61.59289685516076,-35.696943357300256
exog-future+L720,10,2,42697,96.260980282601,80.35896796313565,61.51018657755949,-45.23511439237867
exog-future+L720,10,2,42721,89.94284230793772,75.27743101001096,67.17070920232017,-28.085554562810493
exog-future+L720,10,2,42745,85.13245871080385,70.38313149446681,58.831811861824434,-17.94790716693908
exog-future+L720,10,2,42769,92.60023936473225,77.01305439312804,55.33732879619095,-25.737166692688533
exog-future+L720,10,2,42793,92.8626567893666,75.29333414234563,51.0922175241455,-34.2644606414522
exog-future+L720,10,2,42817,91.59677094966364,68.19814970497266,45.533824662696645,-30.78986450558445
exog-future+L720,10,2,42841,83.1131573632833,58.62238019052312,54.776774383447446,-4.5615516471537045
exog-future+L720,10,2,42865,77.25029952716552,54.69724751182071,52.26556517052323,6.784540540604691
exog-future+L720,10,2,42889,91.84313998812708,66.25938627685298,48.20945682101252,-20.684246728791475
exog-future+L720,10,2,42913,87.58289331704268,63.78044582117683,62.75687683142426,-32.577563314361385
exog-future+L720,10,2,42937,89.87145104897171,59.51755495011941,82.52518359315634,-44.127306922336295
exog-future+L720,10,2,42961,87.12089191457954,54.67776635703132,88.48501773953258,-42.06271887602696
exog-future+L720,10,2,42985,65.13978430794346,43.21365847803728,97.20535415099486,-25.5039818223502
exog-future+L720,10,2,43009,58.68535803300805,39.1986609158368,108.26137516664264,-21.93944255620691
exog-future+L720,10,2,43033,38.28765986965754,24.783685625781523,119.2480553292326,-16.791192639672513
exog-future+L720,10,2,43057,31.32749863755678,22.17420410636868,117.69127154633269,-13.976417743643603
exog-future+L720,10,2,43081,23.602180078137422,17.019995179113018,100.63352307214215,-5.039049742060057
exog-future+L720,10,2,43105,31.101099306920226,23.56068398642044,95.86997597114332,5.887071694902365
exog-future+L720,10,2,43129,64.49389860022757,39.07254976770526,86.30530100335469,-11.773407448434886
exog-future+L720,10,2,43153,81.08176590352573,62.63653734017285,94.56389321105416,10.096359654338418
exog-future+L720,10,2,43177,80.38242814501147,64.42016604436627,77.07008299074039,13.35112767336784
exog-future+L720,10,2,43201,84.86587601381561,69.43310852424341,83.76824275214419,18.68128972449693
exog-future+L720,10,2,43225,89.09248097121387,75.7029171036213,91.2784407330872,26.344391728450347
exog-future+L720,10,2,43249,85.24171750604378,69.82734226023,83.00929008406247,16.656444234139215
exog-future+L720,10,2,43273,88.18134190960231,71.85596684557777,87.06033207989617,9.296416077563268
exog-future+L720,10,2,43297,70.75502868562728,59.8634127910543,97.03395095512752,33.782158082568095
exog-future+L720,10,2,43321,64.9130160330418,55.36714650580102,95.21881089783616,38.83608655860807
exog-future+L720,10,2,43345,68.7131076689699,56.76375441070902,86.44045311082031,37.257355902415405
exog-future+L720,10,2,43369,65.61793254096087,54.76948837372044,80.2475720208575,28.405262986510326
exog-future+L720,10,2,43393,55.385380144812295,48.61218137040788,85.94745663821358,19.72432130254768
exog-future+L720,10,2,43417,52.77281560899942,46.12484739690084,93.80187453853009,21.541908137907622
exog-future+L720,10,2,43441,46.48791534100655,41.81082769124984,83.25118001702515,25.70955517607721
exog-future+L720,10,2,43465,44.71449159734146,38.3740539289926,68.10699390696595,18.741383978443288
exog-future+L720,10,2,43489,46.52814676018786,41.21586766724376,79.95659204766238,27.265712269899776
exog-future+L720,1,3,41641,87.31104836882841,54.28173171682031,48.814695879625845,-20.0466319646765
exog-future+L720,1,3,41665,134.9046812604082,89.54381742397105,59.57174498687992,-60.314973613473576
exog-future+L720,1,3,41689,161.72520850025498,126.30601034662013,82.06928827790611,-89.03741057925141
exog-future+L720,1,3,41713,166.541780088763,136.93988922912934,88.54115832351711,-101.54882777226004
exog-future+L720,1,3,41737,163.86484597764382,129.66120739201756,91.47177354499868,-117.64491586639872
exog-future+L720,1,3,41761,158.94347380791498,118.69656313705964,102.09705383182262,-113.2490676242109
exog-future+L720,1,3,41785,158.16734304594536,120.38461078932124,111.77694236403626,-100.07141076141995
exog-future+L720,1,3,41809,133.25406704168023,95.34834069836164,106.94237603053398,-65.32461353315414
exog-future+L720,1,3,41833,89.90953405600439,67.28505143375749,102.04050480759769,-10.32436617155384
exog-future+L720,1,3,41857,61.923058896540695,49.91620227171967,94.33727460613642,24.92650432838024
exog-future+L720,1,3,41881,61.23251194545548,48.561033250437,85.6733061999311,25.73848761490044
exog-future+L720,1,3,41905,83.64407601008625,63.67970525230604,71.07245018394585,4.684948806268007
exog-future+L720,1,3,41929,88.87820403083228,70.16765964710004,61.100946602592046,-8.61409182499824
exog-future+L720,1,3,41953,86.83601075054375,67.71881940847885,59.50022413317745,-10.767378346474526
exog-future+L720,1,3,41977,90.9464747694376,73.94625330244558,56.77405458414805,-4.150610146585328
exog-future+L720,1,3,42001,88.29690283938727,68.20159628429647,45.970159551950815,-10.862851169003116
exog-future+L720,1,3,42025,97.97572588818122,77.8906371841636,48.10333089945525,-25.847037129520004
exog-future+L720,1,3,42049,120.86822238645132,96.26043000932889,53.64589326548072,-40.544954183167576
exog-future+L720,1,3,42073,109.40533366614976,86.7966371035067,66.44214871008009,-22.243098628327537
exog-future+L720,1,3,42097,106.47196071854766,82.8601675990424,76.49177868475955,-9.836549944736952
exog-future+L720,1,3,42121,106.7384454412535,82.09470129245922,70.82276029564493,-11.404736042746585
exog-future+L720,1,3,42145,101.21721149622624,73.10102261201824,64.2318360866666,-23.142716985331784
exog-future+L720,1,3,42169,99.98296432395856,72.10564850770864,63.239658255786246,-29.03027017326841
exog-future+L720,1,3,42193,90.25553690140912,64.05595085277825,60.779294650294425,-11.437043029763718
exog-future+L720,1,3,42217,71.27099737261025,55.21637998242326,63.15264584572907,37.552496975430735
exog-future+L720,1,3,42241,62.4981716953104,46.55414646616057,68.51033868361954,38.1476499848273
exog-future+L720,1,3,42265,76.8122745448607,59.163641395651,78.84037147526618,50.36223087081967
exog-future+L720,1,3,42289,76.77862436919165,58.51588119967921,75.87285110636672,49.33448123109855
exog-future+L720,1,3,42313,78.65652262778798,60.38720556099644,85.53568830836379,53.32595397901415
exog-future+L720,1,3,42337,82.70346936253885,65.23902052397345,100.54115958546608,62.17137711165558
exog-future+L720,1,3,42361,100.18637722250756,84.15067477110527,113.0213510649048,83.36675350833201
exog-future+L720,1,3,42385,96.38798527921612,82.20659822628964,103.42473914225432,81.60223443766156
exog-future+L720,1,3,42409,97.78400758863624,87.00740573009251,96.93905341818676,86.8933996651918
exog-future+L720,1,3,42433,86.24889434273777,76.64694741323027,84.1753999863868,76.37258583175183
exog-future+L720,1,3,42457,89.64697211480342,80.46858957294451,96.4937521468758,80.0055270559017
exog-future+L720,1,3,42481,88.83181915035125,75.19201266029964,98.97059218457342,74.20644452962799
exog-future+L720,1,3,42505,87.07249106713527,76.03303767981232,98.19818476064712,75.1822724028262
exog-future+L720,1,3,42529,68.27812331799406,59.29558554566171,95.5787513244419,58.04407557566203
exog-future+L720,1,3,42553,62.31144474299079,51.89523151276814,92.60253499367936,33.16471683597787
exog-future+L720,1,3,42577,61.21349348564623,48.66238158670523,89.0008318046229,16.45708852183481
exog-future+L720,1,3,42601,56.20760330231548,40.60996875748011,86.40498746855279,7.09448642443498
exog-future+L720,1,3,42625,52.03278645967852,38.661825396633816,77.8987252213281,4.967725568905998
exog-future+L720,1,3,42649,72.84510867525108,55.74577135345,59.4824384161934,-11.823088866356564
exog-future+L720,1,3,42673,87.30296500829269,69.5565462931192,55.17410403080439,-35.87488737209955
exog-future+L720,1,3,42697,92.96555539097936,76.46915742598566,55.72864317068477,-44.6637456695585
exog-future+L720,1,3,42721,86.14009823603116,68.87196958687608,57.95621786656471,-31.985893706712005
exog-future+L720,1,3,42745,81.72374841778705,63.78505830673163,49.99713993172499,-22.852546140802023
exog-future+L720,1,3,42769,87.08370231596074,69.78102982198604,50.00465479744032,-27.618389570119657
exog-future+L720,1,3,42793,91.53218606379642,71.12460008656073,46.28897818496596,-38.41299533902497
exog-future+L720,1,3,42817,82.93642684199472,62.62241853644824,44.91226152467417,-27.100681053049342
exog-future+L720,1,3,42841,71.37442550753002,51.90070600795015,48.561053247522864,2.2900298257267786
exog-future+L720,1,3,42865,64.21653646061536,44.89047912942965,43.36476814693134,6.369573789219485
exog-future+L720,1,3,42889,78.55212047848666,56.03842732082678,39.24801040746637,-17.028152481258086
exog-future+L720,1,3,42913,81.16520113328373,58.06792200190439,49.08658705087712,-27.93882450643785
exog-future+L720,1,3,42937,83.04799675516428,56.330618240128345,72.41645534693242,-40.388178750324
exog-future+L720,1,3,42961,78.93075335867444,52.41634952047017,77.52125136847422,-34.670620528927834
exog-future+L720,1,3,42985,70.11181225765304,48.38398286935823,85.4148839196316,-13.06516464583513
exog-future+L720,1,3,43009,59.85264641771254,42.46873352483323,82.28601970570398,-6.294482262660456
exog-future+L720,1,3,43033,60.44238424947697,43.854797127936514,93.3946041736216,-6.311749218174038
exog-future+L720,1,3,43057,45.64195105975409,36.84212509083229,98.0598339735807,21.54624726022333
exog-future+L720,1,3,43081,48.70530091915401,38.68204998589106,91.8816049550597,33.7424553992274
exog-future+L720,1,3,43105,48.64814405086892,39.47124136309332,78.94566933071232,37.20836311119351
exog-future+L720,1,3,43129,74.98835469635097,52.73786355969456,76.0861918959281,11.69144866049815
exog-future+L720,1,3,43153,81.58955815173776,60.65268815423345,76.51927688677593,4.218044627211611
exog-future+L720,1,3,43177,80.89836078340153,58.37066317340976,69.37449739586596,-0.8252103781710828
exog-future+L720,1,3,43201,81.2992494160196,58.519047549934754,71.27611185230593,-0.7138633421355962
exog-future+L720,1,3,43225,91.0630818355849,68.38547618316575,79.20881187998509,10.58960272488481
exog-future+L720,1,3,43249,91.5384717717091,67.60796498944252,73.06547496191462,6.221304472100074
exog-future+L720,1,3,43273,94.1772790005518,69.84861316180965,78.4693612101066,-1.8888566455617597
exog-future+L720,1,3,43297,79.79996698442169,59.57214284050092,87.28737907793425,27.127171841329957
exog-future+L720,1,3,43321,74.81032787650524,57.79726541193421,87.5320135678824,40.986586067525714
exog-future+L720,1,3,43345,75.17631611363004,58.549089293227965,79.37216308672357,33.560819899120176
exog-future+L720,1,3,43369,74.3360385569039,59.34991788550845,77.90558135920035,27.49934257716317
exog-future+L720,1,3,43393,56.30854326313408,44.46076560383691,73.05086464588445,12.265280922034345
exog-future+L720,1,3,43417,54.8498079969383,41.952893599081705,79.64009777142691,12.396603510776504
exog-future+L720,1,3,43441,53.14072666330919,42.32188669725035,71.94385590766753,22.8406978431864
exog-future+L720,1,3,43465,53.25901194035169,41.879072485840105,64.97620321863997,14.793220921103453
exog-future+L720,1,3,43489,47.81315992456764,36.79320931966973,64.20768576793844,15.937725895265284
exog-future+L720,2,3,41641,86.1909145614707,52.40524559722122,48.30911133290385,-20.32344625634034
exog-future+L720,2,3,41665,133.191438849123,87.10200485692467,57.60981278615797,-60.83632538924989
exog-future+L720,2,3,41689,157.84134543954124,120.49068063198236,75.33105436909618,-90.71498343547526
exog-future+L720,2,3,41713,159.56113245988408,127.95364782218032,79.6846525238591,-103.95986469332932
exog-future+L720,2,3,41737,159.59406057169392,124.42393848082068,95.6454402938567,-115.95675430986908
exog-future+L720,2,3,41761,158.77659688877978,119.4022416047218,103.5743670244337,-112.95136768620402
exog-future+L720,2,3,41785,158.19178371150073,119.77449684581453,112.9292367110605,-101.0871915379671
exog-future+L720,2,3,41809,132.61300001618946,94.75434667670793,108.98353315443605,-63.71770854925171
exog-future+L720,2,3,41833,90.13834015050584,67.19008446034901,103.9563667029773,-11.177714426518822
exog-future+L720,2,3,41857,61.76102066043423,49.90052513371711,96.31820266123276,24.2609683591082
exog-future+L720,2,3,41881,61.58619400702292,48.79161065929632,89.36122170432392,25.825474435184415
exog-future+L720,2,3,41905,83.9162496414533,63.65343388755251,73.4595079358654,4.745391408212218
exog-future+L720,2,3,41929,90.16844734213204,71.30544311830543,61.662261457412434,-8.955593454989158
exog-future+L720,2,3,41953,87.2221055923163,68.06702195715896,59.346903021222886,-12.38193568844197
exog-future+L720,2,3,41977,90.79662643071087,73.26922780707999,55.78771502150077,-5.380394990630928
exog-future+L720,2,3,42001,87.90107399860128,67.71452800183881,45.34194234891058,-11.70034292401578
exog-future+L720,2,3,42025,97.63476224956696,77.32564373174371,47.75245235501108,-26.550556031517782
exog-future+L720,2,3,42049,119.66495214588744,95.2679841755398,52.85286139083368,-41.71586445727174
exog-future+L720,2,3,42073,109.81219688408956,87.07637578070674,66.92433271157951,-24.27123710869184
exog-future+L720,2,3,42097,106.97898257149632,83.05021051975419,75.68229727042231,-12.218606328139398
exog-future+L720,2,3,42121,108.42178989405537,83.62540659930214,73.46779296153511,-12.210496019361289
exog-future+L720,2,3,42145,102.41727339448737,74.33340810421353,67.57351377272579,-24.146981319003796
exog-future+L720,2,3,42169,100.64802138003674,72.40966900790711,64.73311858786677,-30.30562667791026
exog-future+L720,2,3,42193,91.396679855533,64.4589053695059,60.60768664830957,-12.829082122265374
exog-future+L720,2,3,42217,70.36770122843237,53.53523085502676,70.926543168804,33.46371753748717
exog-future+L720,2,3,42241,62.40358787054248,46.55997597178028,70.19732890205107,36.81180453142475
exog-future+L720,2,3,42265,76.4972345798116,59.4557985176163,78.13342089189581,49.63354457965821
exog-future+L720,2,3,42289,77.32911957814365,59.22691244612405,75.20867968449976,49.05238354242989
exog-future+L720,2,3,42313,79.76874186727622,61.55065351602785,84.80630068625885,53.99653597076428
exog-future+L720,2,3,42337,83.39138470371603,64.25139571862933,93.18665404754692,61.12594414383403
exog-future+L720,2,3,42361,99.49770104029066,82.54992139383562,111.51986153137766,81.84073232652683
exog-future+L720,2,3,42385,95.75999196287589,80.85704834688906,100.80801209943672,80.45595472155676
exog-future+L720,2,3,42409,97.93488813693334,86.85025950927145,96.53449498638426,86.53261185457835
exog-future+L720,2,3,42433,86.50725177017371,76.3968565741025,86.92852211363173,75.82479394483057
exog-future+L720,2,3,42457,87.75898800457938,77.83565592875244,98.29657072305376,76.9301557955487
exog-future+L720,2,3,42481,86.11659036433473,72.68132365582977,99.53270645959236,71.5309016013964
exog-future+L720,2,3,42505,84.77596055979876,74.1608732921718,99.096122966402,73.31003064046351
exog-future+L720,2,3,42529,67.73900772987945,58.67339451243794,94.11992955743256,57.45941489304675
exog-future+L720,2,3,42553,59.76784389912893,49.80772982267319,88.46771544371695,32.043007412189844
exog-future+L720,2,3,42577,60.25481121518048,47.31780142179269,86.82434151974093,14.726750246754358
exog-future+L720,2,3,42601,55.95543495945903,39.8730595686612,84.37947573830046,5.093046392786455
exog-future+L720,2,3,42625,51.46447286774036,37.03669297694839,75.4054268597626,1.451772103599517
exog-future+L720,2,3,42649,72.79195529942086,54.08891598747327,57.031907852028965,-15.711801741271612
exog-future+L720,2,3,42673,87.37768067349622,68.33349049444303,52.56890451083398,-39.12965425041139
exog-future+L720,2,3,42697,94.0501585355711,76.29100168484896,53.5314001465481,-47.02410489974452
exog-future+L720,2,3,42721,85.8482505846152,67.21931126077403,54.887883972509,-35.13901379298132
exog-future+L720,2,3,42745,81.24713946027047,62.20707116538632,48.91424973087502,-26.66193921141149
exog-future+L720,2,3,42769,86.35820571683296,67.672423459927,48.29948811985107,-31.35830207767024
exog-future+L720,2,3,42793,90.46950079760931,69.63730240391578,47.79441527648497,-40.5187104378584
exog-future+L720,2,3,42817,81.74199214781835,60.40376406130335,41.98599159203895,-29.33643964457854
exog-future+L720,2,3,42841,72.04698788990268,51.03023229052869,46.68467091598269,-2.046170847400969
exog-future+L720,2,3,42865,63.00566600386918,42.77597625336923,41.10416751903441,2.829441078476941
exog-future+L720,2,3,42889,77.60403442632979,54.351964651291695,36.704376911373934,-19.619408144225595
exog-future+L720,2,3,42913,80.57983437866258,56.65110808700051,50.32226536943455,-31.98846517821723
exog-future+L720,2,3,42937,82.88762726827066,56.60950080206309,77.41384178960735,-41.50827671149928
exog-future+L720,2,3,42961,79.60718077132697,52.82372155179393,76.8014156857581,-37.40779175529
exog-future+L720,2,3,42985,66.30775751540334,46.30925815129029,82.88948179822073,-14.345455919284328
exog-future+L720,2,3,43009,58.02978942251077,40.785966986894266,80.56846368787693,-9.92554731033693
exog-future+L720,2,3,43033,59.58659571218436,42.88575364668676,98.942980741125,-9.709365457724484
exog-future+L720,2,3,43057,43.83800975489463,34.36562045887756,87.78833406402201,18.332645643429824
exog-future+L720,2,3,43081,45.60179709080471,35.574734874641294,85.34515425755919,30.642052897833764
exog-future+L720,2,3,43105,44.60996601687977,35.913648553467794,76.27343771464632,32.6786946358926
exog-future+L720,2,3,43129,70.98463051142396,48.63253978997368,73.33602925083908,9.006398614864107
exog-future+L720,2,3,43153,79.9154714698063,57.05469757907481,73.47704869114735,-0.3017529898891233
exog-future+L720,2,3,43177,79.24926306899184,53.85182345896665,62.30552668551341,-6.463784085303251
exog-future+L720,2,3,43201,80.34712773352963,54.981141959377226,64.88524386206,-5.208457452153588
exog-future+L720,2,3,43225,89.67456707789431,65.27535143225053,75.34941777741409,6.938804164369182
exog-future+L720,2,3,43249,91.1378395252248,65.33434998266326,70.79943126914863,2.3244925879967933
exog-future+L720,2,3,43273,90.016463409358,65.22868131448365,71.07686625523885,-3.562375689218435
exog-future+L720,2,3,43297,74.98801972471239,55.25824411857226,83.1110387156241,25.33555184739345
exog-future+L720,2,3,43321,70.99111882639478,54.46980718365389,86.61199016808968,37.421347686870455
exog-future+L720,2,3,43345,69.48855111840014,54.788957825307705,77.61026057633744,28.60456671182668
exog-future+L720,2,3,43369,69.44678828857802,56.04819981107831,77.34732293420437,25.067530383749933
exog-future+L720,2,3,43393,54.481606348788034,42.88162639507903,71.24806641274289,10.091121675179972
exog-future+L720,2,3,43417,53.75626616703829,41.78362110025817,81.70118620513304,10.621381866630069
exog-future+L720,2,3,43441,53.73462689599484,43.59612079149063,74.90746709304662,22.599012308891965
exog-future+L720,2,3,43465,52.947191977865,42.00606086660154,62.15217887824736,13.85563105562153
exog-future+L720,2,3,43489,48.51930494171389,37.632575997343096,67.03695195189994,13.880808144339916
exog-future+L720,3,3,41641,86.0835003062376,52.44077422471704,46.54518054628169,-20.75883383701192
exog-future+L720,3,3,41665,132.00160433917284,86.12296612883343,55.85596947949006,-60.02472356003758
exog-future+L720,3,3,41689,156.07919125206556,118.8363337729976,72.29432831435896,-90.75758304841062
exog-future+L720,3,3,41713,157.5644140469763,126.14906797023232,78.15238381047665,-103.61951132565288
exog-future+L720,3,3,41737,160.199637357667,127.08872473195144,99.3487912444907,-117.31021806999028
exog-future+L720,3,3,41761,158.48801868702367,119.58201391341788,103.54582744395682,-112.01373805222526
exog-future+L720,3,3,41785,158.53391455698903,120.1594176226306,112.69512565163868,-100.34746376586745
exog-future+L720,3,3,41809,133.06119877647632,95.309409653321,107.34098406138526,-63.11582567732146
exog-future+L720,3,3,41833,90.32974178816654,67.63456584532808,103.32966943015307,-10.433412325309686
exog-future+L720,3,3,41857,63.31548313375481,50.95160039519754,96.78694993624887,25.257346677887654
exog-future+L720,3,3,41881,62.780166314167055,50.21783648401941,91.0664174452788,27.163061810222366
exog-future+L720,3,3,41905,85.27413615974137,65.62142294028334,77.38434960982582,7.234616662587817
exog-future+L720,3,3,41929,90.79856100138043,72.8070826924363,62.86684842599172,-6.500092599076213
exog-future+L720,3,3,41953,87.01904565073198,68.37640668275574,59.706106658504176,-10.135916081610556
exog-future+L720,3,3,41977,91.15812484807763,74.68256521999103,56.723943802288325,-2.7520265581267958
exog-future+L720,3,3,42001,87.99370585171707,67.98134419553556,45.36061140289012,-10.13474244281551
exog-future+L720,3,3,42025,98.293893934153,77.51497219955334,47.36679783656516,-25.834166640188798
exog-future+L720,3,3,42049,120.27421381445492,96.12335363600565,53.43235508441444,-41.559363610535534
exog-future+L720,3,3,42073,109.73733290231463,86.50803700787483,66.69931604916606,-24.18745885278898
exog-future+L720,3,3,42097,108.63861485361222,84.72204568497425,78.25043112594852,-10.979958236262828
exog-future+L720,3,3,42121,108.98601502920218,84.54321971616339,74.89231626437396,-11.92816075557274
exog-future+L720,3,3,42145,102.96201366104184,75.25927971211333,67.80529273831979,-22.5300669576028
exog-future+L720,3,3,42169,100.6672545651722,73.31803028089539,66.79553125669982,-28.813548770774364
exog-future+L720,3,3,42193,92.74322565227696,65.55605243365989,62.112047249146606,-11.936052366223024
exog-future+L720,3,3,42217,71.41729650069047,54.15009798813884,70.60661120271693,34.56612282541938
exog-future+L720,3,3,42241,57.57725605955634,45.6645192974104,64.05022747192696,38.77961715692162
exog-future+L720,3,3,42265,76.25254135671535,58.7061683761207,77.11123000442487,51.475992971491415
exog-future+L720,3,3,42289,76.84167084095296,58.13695614970648,74.20970562874763,50.50618618786546
exog-future+L720,3,3,42313,79.84889123047817,61.54393499989118,84.38658881591904,54.64276065952399
exog-future+L720,3,3,42337,84.19354281929903,64.86572328956778,96.9425243213002,62.39607246754531
exog-future+L720,3,3,42361,100.51487391463276,83.29968743011965,111.93706371010732,82.63179615167576
exog-future+L720,3,3,42385,99.03768969860704,83.91702791164666,105.33544433323638,83.26696472504364
exog-future+L720,3,3,42409,99.95376541653542,88.52131808924065,97.29230535166477,88.31845716445294
exog-future+L720,3,3,42433,89.6551527684715,78.99161360615079,84.33239648075403,78.78964827309623
exog-future+L720,3,3,42457,91.34527947155546,81.04228877461045,94.83366199774662,80.69297301664844
exog-future+L720,3,3,42481,88.62709346562684,74.85619819998841,100.66212365005836,73.87487227447916
exog-future+L720,3,3,42505,87.45480704185204,75.95237235436667,102.05217272558018,74.94016235825772
exog-future+L720,3,3,42529,70.0162539525948,60.75689022573975,95.07688665643238,59.62715383434319
exog-future+L720,3,3,42553,58.2584158048137,48.547195160933896,86.23977926424514,32.72362535603409
exog-future+L720,3,3,42577,60.26923039094397,48.01717758767801,87.01027984551405,16.857692175327433
exog-future+L720,3,3,42601,55.97456728052036,40.8088552186772,85.7885557057242,7.765937035629907
exog-future+L720,3,3,42625,51.67423456162202,37.859094002446334,77.0736283377198,3.93990137388602
exog-future+L720,3,3,42649,72.76342678585488,54.833915729494144,57.77100670150151,-13.336303862140326
exog-future+L720,3,3,42673,85.3801766937583,67.5979620921077,53.39696713314896,-36.07193164051404
exog-future+L720,3,3,42697,92.08737164576254,75.47850886080728,54.61455915134822,-44.14616815816338
exog-future+L720,3,3,42721,84.14362842315334,66.86448100315401,55.22103117669859,-31.98939712197445
exog-future+L720,3,3,42745,80.00084447689672,61.92284048001007,48.8066796115319,-24.007793015173814
exog-future+L720,3,3,42769,85.81246793738168,68.21579182862908,48.38738372002946,-28.77471867217671
exog-future+L720,3,3,42793,88.67340455989302,68.23183988766573,45.0203846542932,-38.05551364482011
exog-future+L720,3,3,42817,87.6370771929859,69.52476276992707,49.60443304443484,-27.153730259936125
exog-future+L720,3,3,42841,76.81571895657191,58.62996711422277,55.93277966594932,2.533139562050283
exog-future+L720,3,3,42865,76.55031471969474,58.32331177572988,56.57825665740265,10.652315489327467
exog-future+L720,3,3,42889,86.5174771744877,64.30055593757946,47.21212444613666,-19.609771866884792
exog-future+L720,3,3,42913,81.90655465489334,58.659685141256496,52.0804675893972,-30.693069969671363
exog-future+L720,3,3,42937,82.16295086742561,55.81182479801144,74.70646997632457,-39.960418945367145
exog-future+L720,3,3,42961,78.77574530932048,52.89603794097721,77.85896548927676,-35.75568208265647
exog-future+L720,3,3,42985,66.52567845196126,47.52977051482182,82.56737683052997,-11.822986772617474
exog-future+L720,3,3,43009,58.33840271250177,42.05153353898604,83.23351025194202,-8.415435185161012
exog-future+L720,3,3,43033,59.96371763621934,43.651512253256826,94.87881310885848,-8.473034048291673
exog-future+L720,3,3,43057,44.58462689156102,35.62393083077919,93.61595229680483,20.60979670806587
exog-future+L720,3,3,43081,47.06550084699383,37.43406265104092,87.63419186182992,32.94412560114459
exog-future+L720,3,3,43105,46.71787429534026,38.57282458084226,82.82302022861379,35.2335374662803
exog-future+L720,3,3,43129,68.9760240071856,50.42532589872218,79.91475713342004,12.899047352883905
exog-future+L720,3,3,43153,78.65111601293007,57.1888804554258,74.71145407279988,2.857218895616524
exog-future+L720,3,3,43177,76.81915171362652,53.730440279403375,62.83562486790501,-2.8080767857673954
exog-future+L720,3,3,43201,78.18732179030437,54.596065873367664,65.08568330363902,-1.714084107675855
exog-future+L720,3,3,43225,87.64329851448095,65.34746657299908,74.93300387520415,10.481174609154854
exog-future+L720,3,3,43249,89.57487815415925,64.9484432194708,70.14043600235004,5.882110756474243
exog-future+L720,3,3,43273,88.38384374383693,65.3121797426935,73.76268750928013,-0.5021800614872464
exog-future+L720,3,3,43297,74.51800365762173,56.67294404699078,87.3595827437657,28.835387790834996
exog-future+L720,3,3,43321,70.73023637450747,55.46436741195851,89.23619492523463,39.19695727775478
exog-future+L720,3,3,43345,70.32967084457877,55.301951700077616,78.9558523457828,31.11714055870854
exog-future+L720,3,3,43369,68.3123813959626,55.49042583129825,78.110705261344,28.387665637404808
exog-future+L720,3,3,43393,51.09947165737288,41.66774862782125,73.83994649638936,13.054891516234994
exog-future+L720,3,3,43417,51.6079410983677,40.8348145306552,82.32418865549036,13.023799345453856
exog-future+L720,3,3,43441,52.341217046494535,42.676385810530576,73.88198797822972,23.73198805890296
exog-future+L720,3,3,43465,52.84899563727224,42.163109893085206,62.11397271752925,15.738151770630108
exog-future+L720,3,3,43489,49.45849854353239,38.71999143499789,67.88297991574359,15.696942885618933
exog-future+L720,4,3,41641,84.06755300070162,50.43494507617036,44.57477949694009,-19.381023543098472
exog-future+L720,4,3,41665,132.14566547119196,86.94335496589548,57.21458176269904,-58.94458466094756
exog-future+L720,4,3,41689,152.24180251674994,115.25969944971447,69.21311627268152,-88.79776093346267
exog-future+L720,4,3,41713,156.04517056006293,123.65416588287584,75.73914545532102,-103.51694006867906
exog-future+L720,4,3,41737,160.25540637142743,127.7964914721498,98.18778130965146,-118.27118976096256
exog-future+L720,4,3,41761,157.49075657032748,119.01462638391666,103.5984348591176,-111.20398964877396
exog-future+L720,4,3,41785,157.3844459432186,119.50248399493576,111.6579030114262,-100.20697865690713
exog-future+L720,4,3,41809,132.142364566008,95.08176038516694,108.62908287607848,-62.51966892504929
exog-future+L720,4,3,41833,90.671165570078,68.14247500841672,104.2900517725035,-9.765306172356846
exog-future+L720,4,3,41857,63.72064255024152,51.745318805594856,96.69984145411335,26.03047185975737
exog-future+L720,4,3,41881,63.26900356256331,50.457939230158615,93.62513848002408,28.054236950744965
exog-future+L720,4,3,41905,85.82383317876463,65.75315814189726,76.95340046784878,8.261970131175715
exog-future+L720,4,3,41929,90.61713012361932,73.00999041889561,62.83117623213609,-4.88528103939012
exog-future+L720,4,3,41953,86.97525493017744,67.20368265538946,58.43116042034096,-10.26866674835146
exog-future+L720,4,3,41977,91.06141014049888,74.02133183190082,56.21913065938418,-3.413682705474971
exog-future+L720,4,3,42001,88.10923911313077,67.87109380044346,45.146089435399226,-10.060484112035882
exog-future+L720,4,3,42025,96.4025402505018,75.55005360140561,46.26408904678041,-25.300737589702045
exog-future+L720,4,3,42049,120.16716081019202,95.289437760735,52.28941190357978,-40.86780552568052
exog-future+L720,4,3,42073,110.90460740651844,87.89887563071309,67.06293353277857,-23.649620607205343
exog-future+L720,4,3,42097,108.17467535467246,84.42674945954784,76.56614079027584,-10.859672416911692
exog-future+L720,4,3,42121,108.9045935967018,84.37503395505627,73.21006986102712,-10.663274010479798
exog-future+L720,4,3,42145,102.9731302243318,75.34149891009845,66.23011344912906,-21.86322583660687
exog-future+L720,4,3,42169,100.08510505355564,71.53786877470358,63.23500970486717,-28.15233614694212
exog-future+L720,4,3,42193,91.7474723611189,64.69788193550558,61.67460509084541,-10.401937916543416
exog-future+L720,4,3,42217,71.21252013538029,53.82976371099535,70.52984438236413,34.76575562108454
exog-future+L720,4,3,42241,56.75902564591324,46.15995346617064,66.77933847867727,39.78117689861957
exog-future+L720,4,3,42265,76.66762487647568,59.18202006297887,77.10737964556806,52.09702438279359
exog-future+L720,4,3,42289,78.04442596262454,58.734265178294685,71.31820209604781,51.18615537790319
exog-future+L720,4,3,42313,80.64156037711962,61.35989817858633,81.72945811575129,56.028461505340935
exog-future+L720,4,3,42337,83.98880102571074,64.94653607142175,92.26764953504862,63.38071093161697
exog-future+L720,4,3,42361,100.05337419334111,83.00996969517547,109.55390424915194,82.76061943897577
exog-future+L720,4,3,42385,98.3636475885145,83.81618726968331,103.34893919252596,83.51686330393798
exog-future+L720,4,3,42409,99.98811085539346,88.65323949917037,100.61722907077817,88.21254302442128
exog-future+L720,4,3,42433,89.80034396561886,79.17701779469172,89.31655086938152,78.67944113603782
exog-future+L720,4,3,42457,91.7828697902426,81.73422726530879,100.37078019446754,80.89624659395948
exog-future+L720,4,3,42481,89.41247743132384,76.26648986158489,106.89773711371642,74.98317622345655
exog-future+L720,4,3,42505,87.7075630744234,77.48056571562945,103.98197491599188,76.56369077721897
exog-future+L720,4,3,42529,69.51686047680653,60.79908970159706,95.09339404879628,59.71142600038896
exog-future+L720,4,3,42553,58.8528496508218,49.22441582914559,85.64353260831304,33.4535036305252
exog-future+L720,4,3,42577,60.557647692294445,48.05695986150021,86.2713673686261,16.337904646005498
exog-future+L720,4,3,42601,57.03836455843321,41.31921012460883,85.42415369192734,7.40720277692195
exog-future+L720,4,3,42625,49.79754706533142,36.455714770633655,74.11750948302893,4.049438184754498
exog-future+L720,4,3,42649,71.65938208640667,53.87466095535975,59.19148311577901,-13.203473980446413
exog-future+L720,4,3,42673,84.87136561099543,67.07189926163538,53.00509654723171,-35.29363993355266
exog-future+L720,4,3,42697,92.0881305178078,75.75517069375645,57.30993768548282,-43.73635245335751
exog-future+L720,4,3,42721,84.7285481356415,67.60844842281118,59.90317780809327,-31.8609131703944
exog-future+L720,4,3,42745,79.57925743554979,62.23186185284045,50.481623155863296,-22.49757612791412
exog-future+L720,4,3,42769,83.56746015755992,66.37601786166586,47.61409805858292,-27.11152826990147
exog-future+L720,4,3,42793,87.19069148318955,67.4634074592277,44.32589187633805,-36.59866341209736
exog-future+L720,4,3,42817,91.01301757220716,73.5689173536797,52.40247878599215,-27.68430677187063
exog-future+L720,4,3,42841,80.94107945486317,63.44718599708709,59.34212407089239,3.793368373792363
exog-future+L720,4,3,42865,84.70729747639916,66.17619043766774,61.65637490177501,11.846719429871431
exog-future+L720,4,3,42889,105.08136056467926,83.48274647338884,59.30679016461746,-23.388473363294224
exog-future+L720,4,3,42913,86.46755258546767,63.72527954279578,55.94614813921675,-29.260695084981236
exog-future+L720,4,3,42937,82.13825241421102,56.047337883604605,72.65567071347373,-38.550627415675216
exog-future+L720,4,3,42961,78.91222850782745,52.13884609730504,71.37595563131663,-35.03172634717399
exog-future+L720,4,3,42985,65.05761233104545,45.67018395464325,70.10300776127826,-11.560812086326004
exog-future+L720,4,3,43009,57.26260141829241,41.74549897903911,83.18463764874403,-7.774555867451392
exog-future+L720,4,3,43033,58.89382150339598,43.81763086693231,92.7869852325352,-7.064854738469935
exog-future+L720,4,3,43057,44.23096841853045,36.13941628934614,94.00538479345131,21.04915563295749
exog-future+L720,4,3,43081,46.68006652527762,38.01616625154311,89.71541626938973,33.59505128017047
exog-future+L720,4,3,43105,45.84933812537589,38.11099253344859,83.90594065717166,34.92466246504464
exog-future+L720,4,3,43129,68.25572337705422,50.61706812782739,81.25700401391543,13.518776048336775
exog-future+L720,4,3,43153,76.39987171259793,56.56594927154924,75.88636200556451,3.3036217346286856
exog-future+L720,4,3,43177,75.71342739195713,53.70923560902857,63.34363407908751,-1.6801760219222284
exog-future+L720,4,3,43201,76.60668706279371,53.8446870090675,63.62634281844706,-1.7369507880230663
exog-future+L720,4,3,43225,86.01921262983825,63.83589097843132,72.54152338167876,10.200474312807264
exog-future+L720,4,3,43249,87.441153168863,63.43816731009992,70.34176884943234,5.357734597895028
exog-future+L720,4,3,43273,87.47715848702427,66.39077999850822,75.07075756315564,1.392342913732066
exog-future+L720,4,3,43297,74.6230049573906,57.32768789986252,88.65031590221778,29.51366249749012
exog-future+L720,4,3,43321,71.36723043154086,56.252389672254736,89.71664878242261,39.10749690709163
exog-future+L720,4,3,43345,70.52050478925979,55.3294120943,78.32130993177842,32.22866745175158
exog-future+L720,4,3,43369,69.5172595589524,55.75819478670064,77.41047880006514,30.03592835329658
exog-future+L720,4,3,43393,51.12584925134102,41.80742650084776,73.05524750840787,14.718311987205375
exog-future+L720,4,3,43417,52.48243256347393,42.52663531906275,84.60526984978894,14.560085688981795
exog-future+L720,4,3,43441,52.91139833885092,44.04279097126013,76.62669107196403,25.101859778265293
exog-future+L720,4,3,43465,51.46479599100817,42.525619017918096,65.30218922933922,16.4362304814295
exog-future+L720,4,3,43489,49.24226864163461,39.41095082659161,71.16535818196749,16.318507439936145
exog-future+L720,5,3,41641,85.52724892933865,51.55501306842201,44.928337592021386,-20.396438459555785
exog-future+L720,5,3,41665,131.8793584157412,85.61019639867965,54.434311365916166,-60.55003967561069
exog-future+L720,5,3,41689,152.3711283196116,114.55382022372856,68.0192927415975,-90.00482146687544
exog-future+L720,5,3,41713,156.78117147666703,124.56824246295147,76.51726380823557,-104.39807069141423
exog-future+L720,5,3,41737,160.5115361333109,128.7471458135825,99.91634583774368,-118.2842947595946
exog-future+L720,5,3,41761,157.85072547137176,118.24474928549132,102.42606890792308,-113.44729941944748
exog-future+L720,5,3,41785,158.2416662711811,120.05596818357054,113.309119420749,-100.26617718705468
exog-future+L720,5,3,41809,133.12478363875522,95.04247578133148,107.27520255605964,-63.47701990473011
exog-future+L720,5,3,41833,91.20345110460087,68.26828862695523,104.3957548744502,-10.48400101723183
exog-future+L720,5,3,41857,63.52983175704419,51.57870459189286,97.87696255552942,25.412187643776537
exog-future+L720,5,3,41881,62.70344607191385,50.22420783088606,92.1794202212487,27.578711244106348
exog-future+L720,5,3,41905,85.18571691591309,65.61793502498735,78.4529134599488,7.605926299183704
exog-future+L720,5,3,41929,90.85077992684488,72.6623433184332,62.6987745465726,-6.414033951022394
exog-future+L720,5,3,41953,86.955569988498,67.9389952131931,59.26739870430835,-10.91166021070255
exog-future+L720,5,3,41977,90.5029377112709,73.67604773924002,55.91144110497902,-4.351262880204111
exog-future+L720,5,3,42001,87.94737956573361,68.34185582856105,45.48207113762157,-10.730289687171394
exog-future+L720,5,3,42025,96.4482450132668,76.23311558289613,46.74587266066189,-25.970548780196147
exog-future+L720,5,3,42049,119.71218764803253,95.20468251160771,52.22844797311362,-41.58961391495012
exog-future+L720,5,3,42073,109.3190041896402,86.12730558439728,66.22912450259845,-24.94287150411302
exog-future+L720,5,3,42097,108.33428692225452,84.29868978392525,77.8172149258702,-12.046381010786154
exog-future+L720,5,3,42121,108.3129731965588,83.95701862336561,74.75249078175048,-11.93533892112361
exog-future+L720,5,3,42145,102.6057358892612,75.25022790093945,68.62746190108412,-22.852977081854483
exog-future+L720,5,3,42169,100.20511028531487,71.99351317871445,65.84153993538044,-29.068617956677205
exog-future+L720,5,3,42193,90.75739427307558,63.44314299942921,60.96925663650173,-12.143605358181771
exog-future+L720,5,3,42217,69.28096226355152,53.00901636914453,70.99838100823825,33.86363855996666
exog-future+L720,5,3,42241,54.99751214140289,44.69157194138228,65.32314793416083,37.32891032923719
exog-future+L720,5,3,42265,75.4654518007348,58.59151690974107,77.50386566438404,50.65027272746035
exog-future+L720,5,3,42289,77.09275048598295,58.334749534273605,72.12416670007012,50.61422041262616
exog-future+L720,5,3,42313,79.05916869794974,60.52165131535127,83.812808780161,54.22130987806657
exog-future+L720,5,3,42337,83.65017458129104,64.61485435928986,93.49121197191305,62.530281224720575
exog-future+L720,5,3,42361,98.60149234286168,81.44448156084289,105.90004530932664,81.22919684421186
exog-future+L720,5,3,42385,97.82375977224471,82.88795864284506,101.12545488738724,82.63323738752203
exog-future+L720,5,3,42409,99.69505898178102,88.19083261771257,99.2644812058842,87.83261019670688
exog-future+L720,5,3,42433,89.46029648555488,78.86177018622108,87.97079477256976,78.25072436283357
exog-future+L720,5,3,42457,90.55170728899326,80.4535706164086,97.78244598549924,79.75269660603006
exog-future+L720,5,3,42481,87.7188106952183,74.60169954678999,105.74824719369232,73.30723031488037
exog-future+L720,5,3,42505,86.76966331922208,75.77935353155802,102.1823185401596,74.76624092794094
exog-future+L720,5,3,42529,68.64543599763607,59.6275285449918,93.89952188980378,58.476239568995965
exog-future+L720,5,3,42553,58.64966862406394,49.07931301030609,85.04729883854701,32.60140791405439
exog-future+L720,5,3,42577,60.85661112088043,47.9787782907906,85.88581575894368,16.260333939067852
exog-future+L720,5,3,42601,56.43387604124937,40.68429802901832,85.29044342364168,7.288167278645988
exog-future+L720,5,3,42625,51.8652397220884,37.82155546611672,78.66208513080485,2.602106062882815
exog-future+L720,5,3,42649,71.76321067418799,53.71317020697335,56.74566866761952,-14.105729188232472
exog-future+L720,5,3,42673,85.63813992943618,67.58622026003547,53.01790052304722,-36.419273635014896
exog-future+L720,5,3,42697,92.61781580755832,75.62345345263681,55.04623634946626,-45.69470064862087
exog-future+L720,5,3,42721,85.06648897239451,67.51680962759613,57.14658240191135,-33.345550589890905
exog-future+L720,5,3,42745,80.24091629268335,61.93012141618973,49.20639233418102,-25.33607639139485
exog-future+L720,5,3,42769,85.77427188543467,67.56683322229954,47.67840116465719,-29.991554469515336
exog-future+L720,5,3,42793,88.73425600379583,68.02916298751069,45.0969363133889,-39.14310590774951
exog-future+L720,5,3,42817,91.6071100787654,72.89620264979527,51.734544495053214,-28.987189332580257
exog-future+L720,5,3,42841,81.71109326680862,63.50578731662474,59.67023330305212,2.434323805215178
exog-future+L720,5,3,42865,90.15641762747016,71.89145368854409,64.83902808391562,11.062579025804292
exog-future+L720,5,3,42889,105.2938380179645,82.95567909189879,59.10588016603485,-25.1669059827791
exog-future+L720,5,3,42913,90.47734345998244,67.10211794946186,55.61273662834848,-31.101209889546205
exog-future+L720,5,3,42937,81.70370655743,54.99804139983722,72.99115943859631,-40.43339902066367
exog-future+L720,5,3,42961,79.09588715373097,52.63674357812135,76.7542233790588,-37.14719920674194
exog-future+L720,5,3,42985,65.64448858894747,45.61376570339563,74.70506392922664,-12.666118962586143
exog-future+L720,5,3,43009,57.88860394553378,41.39925941642557,81.64273177306724,-9.386545733036588
exog-future+L720,5,3,43033,59.13929742183673,42.80986204634858,94.64996165183896,-9.495171695168878
exog-future+L720,5,3,43057,42.39610038003119,34.59601503998927,95.22582469904724,18.137993584626734
exog-future+L720,5,3,43081,45.24403236909728,35.84607402049846,85.95271865675652,31.602569188026045
exog-future+L720,5,3,43105,44.35896505714171,36.38560302850901,79.1020692042119,33.22885969549886
exog-future+L720,5,3,43129,68.15845386113442,49.97798237375959,76.30444261221089,11.380581498995156
exog-future+L720,5,3,43153,77.56092947569108,55.73083430923704,73.26031832163781,1.1967160138974822
exog-future+L720,5,3,43177,76.79209605956846,53.46452413868533,62.98339106485374,-4.460584802195616
exog-future+L720,5,3,43201,77.09726707013233,53.16261663107118,63.37111943714429,-3.401650845164706
exog-future+L720,5,3,43225,86.57614338049119,63.889183558163865,73.42151580423123,8.534167277193243
exog-future+L720,5,3,43249,87.88154152382472,63.243160185795375,69.23647233798589,4.00496980743023
exog-future+L720,5,3,43273,87.79852053312293,64.99624323593488,71.80636158015542,-1.0243271283423334
exog-future+L720,5,3,43297,72.9582957403321,55.4949652314124,86.22771410299796,27.73686737222451
exog-future+L720,5,3,43321,68.86086979904697,54.40654048808741,89.05990689687451,37.635704294629406
exog-future+L720,5,3,43345,68.57831041722352,54.87000747116812,80.58822027034361,30.59324230825719
exog-future+L720,5,3,43369,68.82506205456625,56.21325672888175,78.97797755508513,27.70518147905997
exog-future+L720,5,3,43393,51.94478045289185,42.265722976927606,74.13633976386829,12.68221940047261
exog-future+L720,5,3,43417,50.77710692302692,40.65037454183263,83.32820691763872,12.394319373728008
exog-future+L720,5,3,43441,52.05846845532278,42.8125096285375,74.6157143166831,23.21921709965605
exog-future+L720,5,3,43465,50.762274209240815,41.29418074770271,63.561796974559634,15.199927255595211
exog-future+L720,5,3,43489,48.1048449958012,38.19620585874749,68.46421888825981,16.02268809572327
exog-future+L720,6,3,41641,84.68621769929435,50.79296191725607,44.08925574779896,-19.40511305374664
exog-future+L720,6,3,41665,130.99182625549005,85.271727063781,54.24163985452037,-59.32017153939847
exog-future+L720,6,3,41689,152.47995297036695,115.06386542921533,69.0976056415493,-89.24568930575266
exog-future+L720,6,3,41713,155.97864754947415,124.08621550249477,76.28945148240457,-103.50272551892137
exog-future+L720,6,3,41737,159.7014167447126,128.08185144658668,99.54641139602371,-117.50762189193556
exog-future+L720,6,3,41761,156.68576783384609,117.5705437112351,102.6453705277527,-113.58200177051982
exog-future+L720,6,3,41785,157.5908694180037,119.62307012057832,112.86274283140084,-99.55138747125032
exog-future+L720,6,3,41809,132.43555563582362,94.82016987464046,105.66650914468649,-62.501241897537575
exog-future+L720,6,3,41833,90.9581366774762,68.32619771152997,104.45095135750466,-9.854963945236213
exog-future+L720,6,3,41857,63.94025094187244,51.83612384339554,98.36599494959933,26.043303496406523
exog-future+L720,6,3,41881,62.92237470825466,50.53531843471295,91.87376417257046,28.183920427494822
exog-future+L720,6,3,41905,85.16166612791851,65.82202202572701,78.88134598334055,8.437860353917166
exog-future+L720,6,3,41929,91.20282322821144,73.26405470606713,63.16235022328564,-5.213432682095805
exog-future+L720,6,3,41953,85.51304543223493,67.60289305808207,59.16861495558159,-10.106058613768218
exog-future+L720,6,3,41977,88.53428817284733,71.56884131530171,54.825103751821146,-2.8571026307720437
exog-future+L720,6,3,42001,87.43800772770855,67.8628048588308,45.11381451939068,-9.507777734309672
exog-future+L720,6,3,42025,96.52927376114496,76.22985396361882,46.69227951192664,-25.115532524671465
exog-future+L720,6,3,42049,119.13247700047252,94.78919124420165,51.94729917112005,-40.61667170631192
exog-future+L720,6,3,42073,109.01107923443595,86.01668147373758,66.15036721535307,-24.14129842704554
exog-future+L720,6,3,42097,107.89221912426426,84.05230807124525,78.33203792317812,-10.810000613393056
exog-future+L720,6,3,42121,108.0737586760801,83.98931096237044,74.6646522922878,-11.130693521362842
exog-future+L720,6,3,42145,102.47970335571928,75.67578589277699,69.93340889468016,-22.538655972289625
exog-future+L720,6,3,42169,99.87661094474632,71.49467950448995,66.96863484367412,-28.939028810728335
exog-future+L720,6,3,42193,90.5525574846698,63.47177437880055,60.881312814163714,-12.169269335503058
exog-future+L720,6,3,42217,70.15297551049693,53.05944679261378,70.86289137423452,35.05363578574632
exog-future+L720,6,3,42241,55.218370191180014,45.19496958656397,65.69910520805804,37.64231290564349
exog-future+L720,6,3,42265,74.02720641229895,58.416002015832525,74.61811104113752,52.64986849068637
exog-future+L720,6,3,42289,77.27706565020772,58.45459122557995,73.56577057378041,50.92397490550327
exog-future+L720,6,3,42313,79.35822961884686,60.49191428756758,83.67389512682193,54.73261042436182
exog-future+L720,6,3,42337,83.9666354984875,65.15452791494509,96.68449154433856,63.08850796397219
exog-future+L720,6,3,42361,99.0157586658311,81.84768028836544,106.32648969558956,81.60791496984803
exog-future+L720,6,3,42385,98.36625889022878,83.39777270739859,101.49877604205516,83.09786172161921
exog-future+L720,6,3,42409,98.73067959843796,87.79980303720998,99.30103154580696,87.39613486243964
exog-future+L720,6,3,42433,90.34095182544706,79.59909913206329,88.28295186174655,79.09278254967441
exog-future+L720,6,3,42457,91.03467322856866,80.97148529579812,98.14933118285774,80.3066177676956
exog-future+L720,6,3,42481,88.99760363252238,75.48476002615442,104.78180782521554,74.399722196194
exog-future+L720,6,3,42505,87.14285003624501,76.46907958195574,102.82014350065158,75.56346054209702
exog-future+L720,6,3,42529,69.04468475400073,59.9259491676194,94.0842725078083,58.782945071970914
exog-future+L720,6,3,42553,58.08806795071154,48.56310615399579,85.24307455475892,32.724418754254486
exog-future+L720,6,3,42577,61.2056712964154,48.36729250881311,86.65903256761503,16.49811437609548
exog-future+L720,6,3,42601,56.36301029659323,40.69905309010547,85.65847980828958,7.494375527656527
exog-future+L720,6,3,42625,51.45692983069278,37.49274317425525,76.94368063306216,2.992089272405983
exog-future+L720,6,3,42649,72.18875155628496,53.95380726215314,56.68491115833076,-14.13268239659149
exog-future+L720,6,3,42673,84.99777508111275,67.10159393915843,53.117529672908105,-36.16885315104586
exog-future+L720,6,3,42697,92.1991219218971,75.41440068324343,55.29178516679022,-45.13719346728345
exog-future+L720,6,3,42721,84.78093831802161,67.45685931197538,56.61790107709146,-32.75963623179556
exog-future+L720,6,3,42745,79.88294952112727,61.8333469946251,49.46988738714148,-24.777015596738963
exog-future+L720,6,3,42769,85.5349346886345,67.59944741974414,47.757128032563095,-29.3541891230462
exog-future+L720,6,3,42793,88.48604282324794,68.05253787982456,45.185798729428825,-38.43255404542285
exog-future+L720,6,3,42817,93.9029235762092,77.57715268291498,54.98686586692282,-28.356389616421406
exog-future+L720,6,3,42841,81.46745629796341,63.21798017013374,59.59789088421521,2.3218957512966263
exog-future+L720,6,3,42865,88.85900904804033,71.04159422763985,64.41565178146126,11.69771233780163
exog-future+L720,6,3,42889,104.70505617689888,82.60501705092459,58.964786315703975,-24.469763691164637
exog-future+L720,6,3,42913,96.09624320882456,72.97710551513092,56.15884037944002,-30.0262926299108
exog-future+L720,6,3,42937,80.61378466834427,54.60902350832841,74.20786852199736,-40.03097287640116
exog-future+L720,6,3,42961,78.59584429301736,52.16325863789639,76.5872799668911,-36.99778408817339
exog-future+L720,6,3,42985,65.58979119642883,45.65833980092685,77.9845048919312,-12.854506722516913
exog-future+L720,6,3,43009,57.49846265474273,41.03180533083759,81.97903617428585,-9.749596302048944
exog-future+L720,6,3,43033,58.66693196435648,42.26836634813259,93.68134159939429,-9.77753513026564
exog-future+L720,6,3,43057,41.81316500835048,33.84344359061798,95.43861540673464,17.686592605914704
exog-future+L720,6,3,43081,45.23168273478324,35.68561731510937,87.5932218719348,31.278964324555695
exog-future+L720,6,3,43105,44.31481938552853,36.07393165216691,77.83741457036388,32.548165917843164
exog-future+L720,6,3,43129,68.50326681500728,50.074671111920864,79.11468019442661,11.42679810903658
exog-future+L720,6,3,43153,77.42337533706295,55.645352566269096,73.24416884476803,1.3732087815105924
exog-future+L720,6,3,43177,75.8340340675171,53.60775736789689,64.7888116779448,-4.197450305583134
exog-future+L720,6,3,43201,76.94439304485282,53.0237575713012,62.96626559027951,-3.304067187450758
exog-future+L720,6,3,43225,86.24006921805753,63.86852403335739,72.61923056011157,8.822008001894293
exog-future+L720,6,3,43249,87.75647961837822,63.12748747830106,69.16467552964077,4.13253673093292
exog-future+L720,6,3,43273,87.61396900583007,64.88635959187779,71.9716507626755,-0.8846775930538906
exog-future+L720,6,3,43297,72.82825677501071,55.227891196004535,85.68255270852264,27.611441041303053
exog-future+L720,6,3,43321,68.68662965921605,53.91804195904907,87.77659902771191,37.08705285181437
exog-future+L720,6,3,43345,68.73700933235021,54.56140031096462,79.61671333073832,30.28139613035353
exog-future+L720,6,3,43369,67.97346698885649,54.95222211887629,77.61887236970495,26.856407836554816
exog-future+L720,6,3,43393,50.71848565885309,41.45917994859253,74.25312899399215,12.8396505759659
exog-future+L720,6,3,43417,50.07690866311778,39.76926575638221,81.9577185314087,11.729395556790964
exog-future+L720,6,3,43441,51.47141994789074,42.081468532139226,73.56469791230909,22.5958708765395
exog-future+L720,6,3,43465,50.32309880719839,40.6509644321438,62.27639455991986,14.830170816880642
exog-future+L720,6,3,43489,48.43220598619948,38.14916307208069,66.65061688154645,15.715573357341254
exog-future+L720,7,3,41641,85.24487718759758,51.53850327161527,44.90853843286134,-19.776316593226863
exog-future+L720,7,3,41665,131.73632497697776,85.57088159609626,54.363616457432,-59.95934694353466
exog-future+L720,7,3,41689,152.22822943466426,114.580036382171,68.16371357124876,-89.64088916279371
exog-future+L720,7,3,41713,155.66434763460668,123.58279552061796,75.83398628987956,-103.62764531070718
exog-future+L720,7,3,41737,159.65204510348116,128.0217987888781,99.37563195987808,-117.630270860539
exog-future+L720,7,3,41761,156.59060801135422,117.7664698309178,103.67761744963856,-113.629071865204
exog-future+L720,7,3,41785,156.63212369832073,118.51723101272364,110.59527779880692,-99.24216037139573
exog-future+L720,7,3,41809,132.87950833561075,95.04182357633373,107.99444463043083,-62.80351844008119
exog-future+L720,7,3,41833,91.3102359406088,68.44984669057388,104.70413804253648,-10.069341237756005
exog-future+L720,7,3,41857,63.87693391773152,51.96162796280221,98.57820404425594,26.023040213210727
exog-future+L720,7,3,41881,63.101354259401774,50.65090855320535,92.49175071457827,28.442374571792364
exog-future+L720,7,3,41905,85.27173456989189,65.79567011683356,76.15155889486202,8.400629930922642
exog-future+L720,7,3,41929,90.96170080202656,72.9722400624882,62.744642173171805,-5.300189121441522
exog-future+L720,7,3,41953,86.55578219722494,67.94666244633788,59.481955261874,-10.65321105599015
exog-future+L720,7,3,41977,88.61839862009732,71.38075364122521,54.66125046578176,-3.3318025481107663
exog-future+L720,7,3,42001,88.24115967387712,68.43584162097356,45.41385823504714,-10.14823379401991
exog-future+L720,7,3,42025,96.03667548436924,75.85215006673377,46.486982171977125,-25.07460230516762
exog-future+L720,7,3,42049,119.38552096731638,94.92596644277592,52.02223675484535,-40.62408437321267
exog-future+L720,7,3,42073,109.46014504034154,86.26422770058855,66.16709981175055,-24.60040913099277
exog-future+L720,7,3,42097,108.18149867355513,84.2513216458957,76.74936582537646,-11.337496322582007
exog-future+L720,7,3,42121,108.47039285873456,84.40557431767584,74.81553257839269,-10.651620076525974
exog-future+L720,7,3,42145,102.73152604437354,75.72536262217123,69.1550208836087,-22.46881534611133
exog-future+L720,7,3,42169,100.0886870045199,71.65780775048086,66.92184605944782,-28.91491993951642
exog-future+L720,7,3,42193,90.74378827200316,63.6053908523376,60.95277562490211,-12.104918486987994
exog-future+L720,7,3,42217,69.69238163202294,53.23122110777829,71.14447010562152,34.56489876000564
exog-future+L720,7,3,42241,54.77629405323838,44.09104216359723,64.5681737110023,37.84549809044889
exog-future+L720,7,3,42265,74.15864972193168,58.22282098786394,73.41146353674065,52.63710136804719
exog-future+L720,7,3,42289,77.52043233882752,58.57303396202519,72.30648765325769,51.22567131057677
exog-future+L720,7,3,42313,79.44576673854328,60.54242379597664,83.66884972130416,54.822324732472616
exog-future+L720,7,3,42337,84.13535511669507,65.03550362756856,93.77258177186609,63.07843018736003
exog-future+L720,7,3,42361,99.22928320143023,82.6035053970785,109.0036251053107,82.17249009831296
exog-future+L720,7,3,42385,98.9316371508734,83.84766911379641,101.32125246240906,83.58860261341364
exog-future+L720,7,3,42409,99.90980018876826,88.7810367176073,100.41911802824988,88.454043194602
exog-future+L720,7,3,42433,90.70667730515729,79.93965333279097,88.39809334381495,79.44316997675496
exog-future+L720,7,3,42457,91.33871768691974,81.26724742894878,98.1410008379124,80.62966501764612
exog-future+L720,7,3,42481,88.5678499113842,75.36735790386165,106.4047974191418,74.07267587994393
exog-future+L720,7,3,42505,87.77060393731446,76.82003431367278,102.87432890958196,75.77484108895294
exog-future+L720,7,3,42529,70.11125856019967,60.93852870105225,96.95190755298545,59.758708467473056
exog-future+L720,7,3,42553,59.023244359463966,49.50825254564612,85.27762883243281,33.310967840680185
exog-future+L720,7,3,42577,60.8257519776107,48.2022229468937,86.54819770571703,16.868023640023942
exog-future+L720,7,3,42601,55.79777310268557,40.4385903271664,85.97777975475455,7.590580391218034
exog-future+L720,7,3,42625,51.32099517703598,37.81778516690807,78.01474205801132,3.6308015293533606
exog-future+L720,7,3,42649,70.8194900511303,53.39812351161947,58.91320968845213,-13.027213048991005
exog-future+L720,7,3,42673,85.0706086722107,67.37090966690477,55.514521597310086,-35.80013282089377
exog-future+L720,7,3,42697,92.89749826319124,76.6790290887778,59.56006718821975,-43.85837830274564
exog-future+L720,7,3,42721,84.51480435684687,67.17876220697774,57.25246479465709,-32.67460192453404
exog-future+L720,7,3,42745,79.57729166062023,61.80789322448046,50.19976064540535,-24.274127927002876
exog-future+L720,7,3,42769,85.2685994836863,67.44897484033632,47.77916490208195,-28.93942717349636
exog-future+L720,7,3,42793,88.1330003480972,67.78701222125463,44.7953998371752,-38.007674095306
exog-future+L720,7,3,42817,93.98536434785612,77.24255790019524,54.64126724693704,-28.033920376697942
exog-future+L720,7,3,42841,82.04025621606958,64.19345011639469,60.21076266658496,2.762048428225933
exog-future+L720,7,3,42865,89.9349408641591,71.85572410528506,64.97112896526565,11.766004647254263
exog-future+L720,7,3,42889,105.50841110097112,83.19260132081438,59.38889186187184,-25.12516725500174
exog-future+L720,7,3,42913,94.27599605185746,71.60050918223347,55.67319613558691,-29.44461594739066
exog-future+L720,7,3,42937,80.96138625755232,54.781462286611735,73.39100763553272,-39.16700261583275
exog-future+L720,7,3,42961,79.18573746051162,52.03396632051082,75.42341314828404,-36.51348357192738
exog-future+L720,7,3,42985,65.31880669508202,45.47517434983079,74.70608077634456,-12.204611779003374
exog-future+L720,7,3,43009,57.94844045521017,41.56797854159986,82.101708998178,-9.04446754983024
exog-future+L720,7,3,43033,58.5871388619022,42.91372856289463,94.94594192118603,-8.638889533082772
exog-future+L720,7,3,43057,42.56793510429861,34.78063144828351,95.72689673641864,18.53692641676455
exog-future+L720,7,3,43081,45.30098764086612,35.97325096498202,86.33823097745338,31.79306002812332
exog-future+L720,7,3,43105,44.78016944110759,36.68817976862342,78.59597250091154,33.82901818684986
exog-future+L720,7,3,43129,68.11910636896636,50.24265761146603,76.95042634592933,12.286889513189342
exog-future+L720,7,3,43153,77.42651242598743,55.97938952269615,73.82342685730498,2.1441081223348366
exog-future+L720,7,3,43177,75.65906232584452,53.46082641187901,64.40372705643833,-3.663647337810143
exog-future+L720,7,3,43201,76.8885905979437,53.302004877865286,63.78574888808163,-2.5161574207632307
exog-future+L720,7,3,43225,86.55266644400206,64.11934521707865,73.649343105801,9.423228714352112
exog-future+L720,7,3,43249,87.82701703533509,63.42330281578277,69.39917247218395,4.947116169131938
exog-future+L720,7,3,43273,87.58038288980677,65.11473249462034,72.84055339787142,-0.9799814668645772
exog-future+L720,7,3,43297,72.97231186965038,55.55806091907522,86.253405837964,28.392926448175807
exog-future+L720,7,3,43321,69.15649750990589,54.66163458431724,89.31636754046333,38.375955576804095
exog-future+L720,7,3,43345,68.87362464260326,55.05579177484757,80.79421664951187,31.38457094775363
exog-future+L720,7,3,43369,69.05326442577166,56.22315814655905,78.85418362420987,28.443488654522632
exog-future+L720,7,3,43393,50.646072843230726,41.46790941464848,73.6489196777012,13.55587354595615
exog-future+L720,7,3,43417,50.34165443569136,40.30934919562412,83.03757500821479,12.552430256076956
exog-future+L720,7,3,43441,51.897578887027215,42.56623749256304,74.37787832692229,23.419188923837957
exog-future+L720,7,3,43465,50.60357713118157,40.983344149652304,63.04630622322725,15.60304534865674
exog-future+L720,7,3,43489,48.275763511141584,38.13446517744796,67.37346202959613,16.34766849597644
exog-future+L720,8,3,41641,85.22755402006669,51.507513604365634,44.85796167103175,-19.804587822650436
exog-future+L720,8,3,41665,131.05777015632592,85.20662431404814,54.130066999736016,-59.53984139746032
exog-future+L720,8,3,41689,151.59213479156273,114.08858852847165,67.75161843109431,-89.35906524412634
exog-future+L720,8,3,41713,156.01440376452263,123.99011740031716,76.10517163989913,-103.75347201967718
exog-future+L720,8,3,41737,159.66779754917093,128.03721998771556,99.79163457667724,-117.63339153729984
exog-future+L720,8,3,41761,156.760556793962,117.61347551341768,102.63527023412408,-113.7120346474371
exog-future+L720,8,3,41785,157.702386437644,119.76232992016509,113.06472548177938,-99.656892354542
exog-future+L720,8,3,41809,132.90618899166117,95.11181784015582,106.61896845126311,-62.73153626088056
exog-future+L720,8,3,41833,91.0640701249156,68.37049468933962,104.42100454434308,-9.92718276784004
exog-future+L720,8,3,41857,64.13517757368064,52.05317346058183,98.14572216564105,26.0380536402896
exog-future+L720,8,3,41881,63.00658587270599,50.58496353966856,91.89646170919346,28.195692739534657
exog-future+L720,8,3,41905,85.25348362075292,65.90427208912307,78.89974951892886,8.421155308149363
exog-future+L720,8,3,41929,90.77775932221446,72.81894257010464,62.79581411204012,-5.507273313085875
exog-future+L720,8,3,41953,86.30252914710542,67.79169621381023,59.408815309246485,-10.9797077223248
exog-future+L720,8,3,41977,88.57427296970131,71.32222948158575,54.61418419724493,-3.3744106069429582
exog-future+L720,8,3,42001,87.86855944297494,68.35021249240671,45.42792327471661,-9.932785727522498
exog-future+L720,8,3,42025,96.83436625441348,76.50407265461268,46.79409054963105,-25.552898803027823
exog-future+L720,8,3,42049,119.51462226550764,95.08878190006445,52.09649599556179,-40.883694962976286
exog-future+L720,8,3,42073,109.20629847597692,86.12928062017811,66.2200396555128,-24.370686600352403
exog-future+L720,8,3,42097,108.07976358268655,84.14719836843007,78.29194058136567,-10.915759557372146
exog-future+L720,8,3,42121,108.30315929899018,84.17183750732045,74.78889692359326,-11.144124155136003
exog-future+L720,8,3,42145,102.70601912280218,75.85902593399264,69.9814926998232,-22.557665294862797
exog-future+L720,8,3,42169,100.07701886960352,71.63572261872274,66.91145610679185,-28.967478296480028
exog-future+L720,8,3,42193,90.72444735612687,63.58340955998917,60.99831124104169,-12.16015182983481
exog-future+L720,8,3,42217,69.63397767200804,53.18284827411974,71.15773426684801,34.48067222953021
exog-future+L720,8,3,42241,54.66067210652196,44.367386481106095,65.20362292878174,37.31642787807979
exog-future+L720,8,3,42265,74.36807732122362,58.34064691516638,74.25723107121955,52.82105758852772
exog-future+L720,8,3,42289,77.4590611982032,58.495595859962,72.41260135235655,51.23084317310763
exog-future+L720,8,3,42313,79.2647653845095,60.5484894080376,84.19988216984092,54.59326913512253
exog-future+L720,8,3,42337,84.00839403931138,65.16687522380185,96.93508967259936,63.09857207796805
exog-future+L720,8,3,42361,99.1374966429008,81.93724938827265,106.5978577255881,81.68532293239753
exog-future+L720,8,3,42385,98.61953909064736,83.61974586429893,101.65629717831564,83.317472110549
exog-future+L720,8,3,42409,99.55268177081678,88.50325954743786,100.33111248375066,88.1131015317805
exog-future+L720,8,3,42433,90.68660939441789,79.82671266557468,88.47471950617725,79.30543052569874
exog-future+L720,8,3,42457,91.23905116641538,81.1580250272075,98.11275803722818,80.51484845455573
exog-future+L720,8,3,42481,88.47659553841383,75.25702773598303,106.3323450384512,73.9524600094411
exog-future+L720,8,3,42505,87.15220352306923,76.10156782406314,102.03778557618332,75.14295650340561
exog-future+L720,8,3,42529,69.1270322954902,60.0913664047139,94.19943872663788,58.95002297632906
exog-future+L720,8,3,42553,58.940693810578,49.39442155451483,85.09283998074227,33.160712672054785
exog-future+L720,8,3,42577,61.23682321272183,48.47417586922044,86.76841314955128,16.770632772975098
exog-future+L720,8,3,42601,56.590631356240245,40.95762523599934,86.20802646816783,7.464847082060105
exog-future+L720,8,3,42625,51.43669968386865,37.732779270883874,78.89397916832345,3.685520139246443
exog-future+L720,8,3,42649,71.3695877569957,54.04215712757663,57.74521262066502,-12.912706602046914
exog-future+L720,8,3,42673,85.12121762367637,67.42996769133669,54.002337786341215,-35.59135843576831
exog-future+L720,8,3,42697,92.83569508269902,76.53866916156524,59.02987780880993,-44.04700411465777
exog-future+L720,8,3,42721,84.22679206433197,67.23416324312605,58.250744280450725,-32.29902046501957
exog-future+L720,8,3,42745,79.74748350116825,61.81769001130953,49.49603268451527,-24.48059824565927
exog-future+L720,8,3,42769,85.28714074854203,67.43133917957724,47.74535779413119,-29.061552345426684
exog-future+L720,8,3,42793,88.18067078954834,67.87776909587318,45.07369950953245,-38.15917399313695
exog-future+L720,8,3,42817,95.16271245839472,77.13022128395382,54.48400263418729,-28.805102683889043
exog-future+L720,8,3,42841,81.49994159758081,63.480194408507984,59.70803480667973,3.2270197457655434
exog-future+L720,8,3,42865,89.78854008194803,71.64183561446974,64.69607993777379,11.835119470579198
exog-future+L720,8,3,42889,103.95737103852262,81.89536503639353,58.46816110948697,-24.0682443672194
exog-future+L720,8,3,42913,95.690326134385,72.70055660667143,56.179152551995415,-29.52161585326146
exog-future+L720,8,3,42937,80.98606102852948,54.784405913601134,73.52770162966519,-39.27580850542368
exog-future+L720,8,3,42961,78.57990774067652,52.132558143553794,76.94673182293266,-36.72138158128779
exog-future+L720,8,3,42985,65.29169482218009,45.3936120082476,75.01016051434341,-12.41932216031623
exog-future+L720,8,3,43009,57.866071598364464,41.483635562638746,82.6830620844983,-9.366015164203269
exog-future+L720,8,3,43033,58.70285951077797,42.4523929066941,93.4376130001499,-9.372422143069894
exog-future+L720,8,3,43057,42.42410976237524,34.6288251092691,95.89551949368268,18.28305271946877
exog-future+L720,8,3,43081,45.146057072498174,35.8046311964582,86.53039746495078,31.52150166077527
exog-future+L720,8,3,43105,44.34919571482051,36.23755690180508,78.42588516673058,33.23091467224828
exog-future+L720,8,3,43129,68.05694618069754,50.12334388251249,76.91886755113666,12.06644788819489
exog-future+L720,8,3,43153,77.40346244438757,55.86926082792026,73.67804916931759,1.9398943946599512
exog-future+L720,8,3,43177,75.74331893151587,53.710762345781326,64.95914919015992,-3.582861964669321
exog-future+L720,8,3,43201,76.8781448171496,53.18909532235325,63.51901524508906,-2.735454983532672
exog-future+L720,8,3,43225,86.2969889326976,64.06915346202345,72.89865453018568,9.39701012608634
exog-future+L720,8,3,43249,87.79197119881626,63.311837627349526,69.25510076054161,4.743474520275264
exog-future+L720,8,3,43273,87.57204756565247,65.00226445474594,71.93175236411793,-0.2730152594599503
exog-future+L720,8,3,43297,73.07328002694848,55.63189618575765,86.41631520472805,28.1792461641432
exog-future+L720,8,3,43321,69.07336959506415,54.50768008504084,88.96704666529193,37.94485914744719
exog-future+L720,8,3,43345,68.76677722191998,54.91288669119385,80.6040370046903,31.16723530182467
exog-future+L720,8,3,43369,68.94907066508439,56.08896998380035,78.68956069062261,28.217605538349435
exog-future+L720,8,3,43393,50.852354474642425,41.65938812669571,74.53785212785323,13.41555767333482
exog-future+L720,8,3,43417,50.215598008863765,40.027041326470616,82.48127974852699,12.289535411042344
exog-future+L720,8,3,43441,51.75078162027308,42.3935781046459,74.13483783292783,23.136853906164983
exog-future+L720,8,3,43465,50.2185741853136,40.45940511480188,61.83186377736576,15.040310510983115
exog-future+L720,8,3,43489,48.341179433530776,38.243280154520704,67.6847830903251,16.23207528407001
exog-future+L720,9,3,41641,85.21385873536393,51.50964239574902,44.85979291781852,-19.760697174175544
exog-future+L720,9,3,41665,131.74663327654275,85.5325682749022,54.22253411742221,-60.12326331156274
exog-future+L720,9,3,41689,151.9659809200634,114.5067252310077,67.87002898047557,-89.40025876729719
exog-future+L720,9,3,41713,155.96924664074433,123.95460648486548,76.07658165004979,-103.71982898120248
exog-future+L720,9,3,41737,159.55509327795096,127.95361524842426,99.46151536638033,-117.60957607168852
exog-future+L720,9,3,41761,156.53770974367163,117.71406522147832,103.62008072426454,-113.61926043240564
exog-future+L720,9,3,41785,156.60913065704943,118.49970062652076,110.60217530509624,-99.23620459685584
exog-future+L720,9,3,41809,132.87209418101452,95.02882538679128,107.94584677647462,-62.80914396792886
exog-future+L720,9,3,41833,91.2818437953863,68.40992499742238,104.64456182098036,-10.094195617887484
exog-future+L720,9,3,41857,63.87538561628167,51.958798110298645,98.5530532113126,26.022113524001107
exog-future+L720,9,3,41881,62.958973151163526,50.5343954516751,92.10013179857694,28.16725797496727
exog-future+L720,9,3,41905,85.25692478893004,65.80095153550731,76.25842913234389,8.43016468957353
exog-future+L720,9,3,41929,90.93584871949768,72.96992279780567,62.74262687102468,-5.272728948571003
exog-future+L720,9,3,41953,86.50068131200834,67.90922794160122,59.453960907591465,-10.669757754609144
exog-future+L720,9,3,41977,88.56731650746562,71.32148000116656,54.61301816001895,-3.329549016257346
exog-future+L720,9,3,42001,88.21696869271527,68.41981986396448,45.39392150151274,-10.129432066781124
exog-future+L720,9,3,42025,96.0061537311174,75.81580511648299,46.45136489519939,-25.05975852913713
exog-future+L720,9,3,42049,119.36737770469324,94.9047478181828,51.9929614321096,-40.60866768748968
exog-future+L720,9,3,42073,109.4695642800787,86.25662612706188,66.1322702231374,-24.606643141084152
exog-future+L720,9,3,42097,108.18583516592368,84.23865273302957,76.69672336214595,-11.332757266050088
exog-future+L720,9,3,42121,108.475255324171,84.41552871650983,74.87116219176504,-10.636793160485396
exog-future+L720,9,3,42145,102.56592776135254,75.68742067473889,69.46206417625508,-22.567467357102444
exog-future+L720,9,3,42169,100.07789776751044,71.63523341265852,66.85742048761223,-28.915096577826176
exog-future+L720,9,3,42193,91.06676177247483,63.56045967889202,59.46615421971987,-11.56528309932817
exog-future+L720,9,3,42217,69.67183972013449,53.22027114097748,71.16816890281376,34.53845723902255
exog-future+L720,9,3,42241,54.575992769812586,43.92920525209676,64.55836925109352,37.58308339932169
exog-future+L720,9,3,42265,74.0927348201822,58.15691431086727,73.38342471768394,52.602828328082026
exog-future+L720,9,3,42289,77.49415245956048,58.54778276443391,72.43667904005005,51.19609476968255
exog-future+L720,9,3,42313,78.91929757341771,60.59693782357086,83.71692781289654,54.868641474260976
exog-future+L720,9,3,42337,83.99231836684403,64.78933068642147,94.001584116374,62.824508403081296
exog-future+L720,9,3,42361,99.19612559659576,82.55308470385017,109.30231881102934,82.09877628239494
exog-future+L720,9,3,42385,98.92847748940568,83.82351270385323,101.37920569270138,83.55004531524376
exog-future+L720,9,3,42409,99.62858204548962,88.5775194028122,100.3812787075846,88.18690977318317
exog-future+L720,9,3,42433,90.76974557114568,79.9056847708523,88.52661164153591,79.38687925655385
exog-future+L720,9,3,42457,91.31187451290128,81.22601382503797,98.14113128877386,80.58836335360155
exog-future+L720,9,3,42481,88.57054188981853,75.32668422135204,106.14404818620255,74.02556503339224
exog-future+L720,9,3,42505,87.73904313948611,76.7489557288869,102.69773650556044,75.70299844965616
exog-future+L720,9,3,42529,70.09732586987427,60.891802942507965,96.8535663423483,59.71420579460613
exog-future+L720,9,3,42553,58.98704944488429,49.44979299741576,85.18005131522435,33.24221295687104
exog-future+L720,9,3,42577,60.90883494399437,48.21160585035791,86.29392797186074,16.87875798334283
exog-future+L720,9,3,42601,56.06782861428867,40.71841825881086,86.74981543139869,7.845174466103627
exog-future+L720,9,3,42625,51.317409172504746,37.78747619839511,78.14744903863887,3.553771505283184
exog-future+L720,9,3,42649,70.7960176833811,53.353160850442585,58.91962631884133,-13.07812481783605
exog-future+L720,9,3,42673,85.07375777928915,67.35235997286107,55.565914733742815,-35.84185850116184
exog-future+L720,9,3,42697,92.86471467123324,76.640599476905,59.57563866644011,-43.88142366877228
exog-future+L720,9,3,42721,84.47225671269123,67.13861122432424,57.33346017279786,-32.72515847473999
exog-future+L720,9,3,42745,79.54348861299952,61.773522340122064,50.29478886190295,-24.309602387347837
exog-future+L720,9,3,42769,85.2483682735616,67.43098802983691,47.75192448472345,-28.97341772017621
exog-future+L720,9,3,42793,88.09899803174208,67.7535191754678,44.7451055930125,-38.02089861063377
exog-future+L720,9,3,42817,94.06598782482956,77.74961874257163,55.0006341897423,-28.06690628106463
exog-future+L720,9,3,42841,86.16938749432923,68.6883905054822,62.84011027369012,4.391506657899187
exog-future+L720,9,3,42865,89.82170804304394,71.75952115790254,64.92386186115142,11.699480108340005
exog-future+L720,9,3,42889,105.38118407105594,83.05548316334121,59.29341449406383,-25.08592223939386
exog-future+L720,9,3,42913,94.26193781742153,71.58786981509829,55.68673127357402,-29.50112652690295
exog-future+L720,9,3,42937,80.95038795834407,54.759726073722426,73.5070001292596,-39.199528292731
exog-future+L720,9,3,42961,78.53674474048738,52.09474134719259,76.89406186808763,-36.658027974738985
exog-future+L720,9,3,42985,65.27247093452603,45.37146435419255,74.70806059947493,-12.33788505772578
exog-future+L720,9,3,43009,57.90367774437565,41.45261605618907,82.04576492197985,-9.19535656025504
exog-future+L720,9,3,43033,58.524337454416624,42.7946284992914,95.17815065090602,-8.787532362671497
exog-future+L720,9,3,43057,42.46105661222702,34.655522424246705,95.7456787777453,18.37664207820556
exog-future+L720,9,3,43081,45.22225604583733,35.8588812532441,86.49184842680646,31.6137815894492
exog-future+L720,9,3,43105,44.68900457133841,36.56543812175668,78.60528891299596,33.66549121859581
exog-future+L720,9,3,43129,68.08080078051668,50.18232102567479,77.09112710364876,12.174879241949316
exog-future+L720,9,3,43153,77.40611629983222,55.90563520066229,73.76536539384074,2.041987378126077
exog-future+L720,9,3,43177,75.65005608199449,53.43229234463518,64.45039271724183,-3.7699341314591863
exog-future+L720,9,3,43201,76.8660903709513,53.212392763317474,63.62744800534676,-2.6260282940522948
exog-future+L720,9,3,43225,86.53625248891179,64.04223117115598,73.5539157307262,9.315244470356044
exog-future+L720,9,3,43249,87.79948108155172,63.34043522538938,69.27712622351315,4.850163906312467
exog-future+L720,9,3,43273,87.54873278033303,65.05144461658917,72.88727118601452,-1.076280322583936
exog-future+L720,9,3,43297,72.90722131822534,55.444838942901306,86.06958394674906,28.26817470369807
exog-future+L720,9,3,43321,69.07339696122649,54.53136463789317,89.1064365909505,38.22133382583556
exog-future+L720,9,3,43345,68.81120750613151,54.966676825265125,80.68276703741407,31.28179380092426
exog-future+L720,9,3,43369,68.56567152717486,56.01512054518883,78.81082441408083,28.35553936592144
exog-future+L720,9,3,43393,50.552717547368346,41.35070976054703,73.47837284448381,13.415473134856764
exog-future+L720,9,3,43417,50.2270488430229,40.1405134196606,82.73463711683272,12.369583538288614
exog-future+L720,9,3,43441,51.79882697743013,42.44833427121615,74.22820043942971,23.238067856429275
exog-future+L720,9,3,43465,50.257634924914576,40.49195009922494,61.889887418746405,15.13567493525509
exog-future+L720,9,3,43489,48.20901667253997,38.04832844708765,67.22139215962733,16.20024728850812
exog-future+L720,10,3,41641,85.20852580010651,51.51109958627049,44.86196645814663,-19.749021740488484
exog-future+L720,10,3,41665,131.74055993121158,85.52285884881951,54.2163227541156,-60.1200418131417
exog-future+L720,10,3,41689,151.74751351691597,114.71278781820564,69.49836562384984,-88.97635009667646
exog-future+L720,10,3,41713,155.28439498209167,123.2398840420508,75.49755750204389,-103.5626065420049
exog-future+L720,10,3,41737,159.34348054943726,127.74069445500304,103.11868619392132,-117.75796850544566
exog-future+L720,10,3,41761,156.5258553764399,117.70159088029013,103.60968399785702,-113.60968185908597
exog-future+L720,10,3,41785,156.59692135512165,118.48725269838914,110.58356160201583,-99.23368723060946
exog-future+L720,10,3,41809,132.19091593401802,94.40961888569636,105.79673669518657,-62.750849429015815
exog-future+L720,10,3,41833,91.2829311376043,68.41084916816851,104.65791173445966,-10.093338664474372
exog-future+L720,10,3,41857,63.32842574103705,51.624954117961934,97.9792988328058,25.77994822340808
exog-future+L720,10,3,41881,62.95360120674788,50.53154977876837,92.15112300630518,28.17316384934369
exog-future+L720,10,3,41905,85.25204496729732,65.79633453798745,76.30171345756163,8.437424360314955
exog-future+L720,10,3,41929,90.7399393891728,72.75313847076394,62.52726191512692,-5.230362914675316
exog-future+L720,10,3,41953,85.37002605080858,67.4886475322354,58.99215576659964,-10.792381463043752
exog-future+L720,10,3,41977,88.3249513705895,71.04087610101058,54.481082102519096,-3.859628202219735
exog-future+L720,10,3,42001,88.21419927486943,68.41307921932602,45.38495097685454,-10.123029297771629
exog-future+L720,10,3,42025,95.9987450530422,75.80601157729808,46.44085544424059,-25.05441706886292
exog-future+L720,10,3,42049,119.3608099899567,94.89375293415212,51.982110591808976,-40.60372142521993
exog-future+L720,10,3,42073,109.45951557444022,86.24324744479735,66.1183736081621,-24.60866500411371
exog-future+L720,10,3,42097,108.04440409142966,84.11091383227554,76.08725948163078,-11.468916035673969
exog-future+L720,10,3,42121,108.467830556576,84.40994204495581,74.8518427401036,-10.62785956824634
exog-future+L720,10,3,42145,102.72413900414924,75.7163153233933,69.16134692854732,-22.46156545503867
exog-future+L720,10,3,42169,100.07142933109432,71.63413300115013,66.86494943511885,-28.91517834539808
exog-future+L720,10,3,42193,91.06597219524888,63.55854988450561,59.47955573056871,-11.566948386093877
exog-future+L720,10,3,42217,69.66503059321312,53.20536332004309,71.16411620652129,34.528488993608775
exog-future+L720,10,3,42241,55.796389142079896,44.68942429780388,65.41282732590949,38.334235505786125
exog-future+L720,10,3,42265,74.19797665468025,58.21017880229233,72.64067500230492,52.70344107953685
exog-future+L720,10,3,42289,77.489000012516,58.53308020920549,72.41120797504627,51.18797464710993
exog-future+L720,10,3,42313,78.91069111253144,60.59002139254088,83.70788275830714,54.85955713200602
exog-future+L720,10,3,42337,83.97589089256644,64.77029955439187,93.99811642987012,62.81263223572988
exog-future+L720,10,3,42361,99.1792075650106,82.53793803239614,109.32649778923071,82.08092049957942
exog-future+L720,10,3,42385,98.92101051534624,83.817272201811,101.39684832998417,83.53876747279719
exog-future+L720,10,3,42409,99.90056012471108,88.75368386666263,100.41688936586696,88.42590657078992
exog-future+L720,10,3,42433,90.7667929057676,79.90255967372704,88.52448170876205,79.38378596322941
exog-future+L720,10,3,42457,91.37290472361155,81.17589259333123,97.97829011560223,80.56232434152165
exog-future+L720,10,3,42481,88.55983330022059,75.31472661241767,106.17120137471548,74.01284909463112
exog-future+L720,10,3,42505,87.74749537164887,76.72920676121996,102.73711232446732,75.68006744810953
exog-future+L720,10,3,42529,70.08847583148811,60.87927428042798,96.82792140037368,59.70173043569631
exog-future+L720,10,3,42553,60.05908182529068,50.24008402862679,87.30333773142357,33.62003209964356
exog-future+L720,10,3,42577,61.502675572024366,48.60407209842677,86.1727032482101,16.845826642735798
exog-future+L720,10,3,42601,55.80795678432806,40.397506773628,86.20386020452698,7.347262544736122
exog-future+L720,10,3,42625,51.30754050931726,37.775913437623416,78.15531741150859,3.5345754506689726
exog-future+L720,10,3,42649,70.6061556168467,53.126693328818526,59.51616345428332,-13.278712307945186
exog-future+L720,10,3,42673,85.27590111773141,67.51787056531197,55.773051672632,-36.09551348769484
exog-future+L720,10,3,42697,92.79101732467193,76.46432848965833,59.4468176323465,-44.253723542911175
exog-future+L720,10,3,42721,84.47617260671777,67.13016456020216,57.32401942738539,-32.74120029994739
exog-future+L720,10,3,42745,79.5413449375004,61.76863404823028,50.29515710244278,-24.322188646111115
exog-future+L720,10,3,42769,85.05766103294354,67.28274795997018,47.74290268891222,-28.86572872477732
exog-future+L720,10,3,42793,88.0585333222983,67.86173809971012,45.074370950287246,-38.07952660769519
exog-future+L720,10,3,42817,94.05183701130107,77.72934794609178,54.98783938582707,-28.077586856082757
exog-future+L720,10,3,42841,87.28859265635383,69.14215250323544,63.16095966958064,3.631307256632287
exog-future+L720,10,3,42865,89.79744002150859,71.72565826372823,64.9028282552884,11.68159804365859
exog-future+L720,10,3,42889,105.39335919048315,83.08351814418667,59.32916474718175,-25.15479620458423
exog-future+L720,10,3,42913,94.24665780942658,71.74734535421766,56.34300171361394,-30.00295769822863
exog-future+L720,10,3,42937,82.32972279085989,55.86619989408091,74.3777873393537,-40.09281665478652
exog-future+L720,10,3,42961,78.68573973189613,51.91745788276618,75.36667433247352,-36.978085497363054
exog-future+L720,10,3,42985,65.26757958916737,45.36808449669629,74.7729554691145,-12.369154622275492
exog-future+L720,10,3,43009,57.88952747159971,41.43714427435663,82.0774689225386,-9.229353579008365
exog-future+L720,10,3,43033,58.50919787162319,42.767184570212144,95.11963862887602,-8.81981422232395
exog-future+L720,10,3,43057,42.43432307333916,34.63368416551699,95.78210778185203,18.33750897619729
exog-future+L720,10,3,43081,45.192683116738245,35.83021648358919,86.465878502931,31.576178775023116
exog-future+L720,10,3,43105,44.63818787891242,36.68180911331485,79.41357440128444,33.53411650155491
exog-future+L720,10,3,43129,68.05749014535364,50.15175540247695,77.01402529193899,12.143137418785749
exog-future+L720,10,3,43153,77.39627526953429,55.88858235647968,73.72751408680173,2.0136049626148416
exog-future+L720,10,3,43177,75.4105732600374,52.730670895699774,62.38215820973305,-4.595500047546777
exog-future+L720,10,3,43201,76.8633527889377,53.19982645547599,63.58523894151508,-2.6584912743626807
exog-future+L720,10,3,43225,86.52521247791891,64.0261346394357,73.5193012342529,9.28448190212163
exog-future+L720,10,3,43249,87.78781665831919,63.32220160546916,69.25808558136006,4.823753890969561
exog-future+L720,10,3,43273,87.55797216107003,64.9220772913618,71.79388926106294,-0.5464432132392235
exog-future+L720,10,3,43297,72.89716864801456,55.42572286689522,86.03745545197734,28.237131025643688
exog-future+L720,10,3,43321,69.04581078471031,54.497443049804446,89.06721047098544,38.18470652939203
exog-future+L720,10,3,43345,68.79039513999632,54.94168239709674,80.6588921836548,31.247749807957128
exog-future+L720,10,3,43369,68.55118418193054,55.997362606766536,78.79252448421585,28.323422297662947
exog-future+L720,10,3,43393,50.5418561133802,41.247246626383166,73.81271204474257,13.97821738247995
exog-future+L720,10,3,43417,50.20881055213035,40.11844752522651,82.70720936962945,12.33157821495934
exog-future+L720,10,3,43441,51.77038241122128,42.422238139509965,74.2155890448627,23.19586189106312
exog-future+L720,10,3,43465,50.23025039502589,40.463059578240845,61.84995827502093,15.099992163990231
exog-future+L720,10,3,43489,48.18728563421379,38.02715915347986,67.21408702409644,16.169119755757396
exog-future+L720,1,4,41641,88.78997327429973,57.30176417207018,51.92400142597493,-22.05401991370228
exog-future+L720,1,4,41665,133.01907895568775,94.19563600523264,66.37804834437738,-63.0949699213093
exog-future+L720,1,4,41689,161.4936039824425,119.17843993443432,74.45235227264865,-91.73757949312656
exog-future+L720,1,4,41713,168.89949971185277,136.3269803023674,86.62187384091278,-106.69159716211354
exog-future+L720,1,4,41737,169.11486976790593,134.4188443639292,99.36522137163932,-123.35024628164666
exog-future+L720,1,4,41761,161.99677140898294,125.24862892872736,97.24105743047782,-116.13418454161896
exog-future+L720,1,4,41785,163.44282810989824,123.4714952675705,95.77264977994328,-103.4284838496406
exog-future+L720,1,4,41809,132.72940275193858,94.53285100648024,106.3496975214494,-63.82933473917564
exog-future+L720,1,4,41833,91.11295499925136,67.33144665854441,103.51722485429688,-12.775827675158045
exog-future+L720,1,4,41857,60.61145062547362,48.00841758390154,95.16772761736992,22.695786126710907
exog-future+L720,1,4,41881,60.05040344298968,46.8331120170316,87.00095817216449,23.38904575383991
exog-future+L720,1,4,41905,84.65693868414287,62.736712834770415,69.6945678728938,2.113715480901276
exog-future+L720,1,4,41929,89.58170437684088,69.86330543413766,60.76227673802307,-9.803377463593533
exog-future+L720,1,4,41953,87.64665283220295,67.50202694957427,59.02597389245449,-12.04867164637427
exog-future+L720,1,4,41977,91.97640808885714,73.8126633522247,56.05489246659273,-4.826759383366509
exog-future+L720,1,4,42001,88.60747780641938,67.09747076937856,45.0213547932382,-13.447747526830426
exog-future+L720,1,4,42025,97.81384945398617,77.10025979680124,47.88924897202893,-26.07109707989087
exog-future+L720,1,4,42049,118.62076622823264,95.63321909233134,53.39907086022136,-41.162732752409134
exog-future+L720,1,4,42073,109.5886994460532,86.69349888503636,66.59983819116736,-23.564026147187047
exog-future+L720,1,4,42097,106.35588470623766,82.35358194278375,74.37407453317361,-10.243627165019651
exog-future+L720,1,4,42121,108.01049928183986,82.44161683530919,72.24358870989039,-12.408197134921831
exog-future+L720,1,4,42145,101.60653321393936,74.17223927949611,65.76624676834625,-23.462305874079195
exog-future+L720,1,4,42169,99.89334783479686,72.22161925306406,64.29118291485955,-29.16112749252728
exog-future+L720,1,4,42193,90.38359491016826,64.26217696360551,61.29341722468046,-13.445181022830043
exog-future+L720,1,4,42217,75.77298419630384,62.196999712188486,70.48001072805977,44.26166768318269
exog-future+L720,1,4,42241,67.29423612607636,52.94676880326796,68.65659536569068,43.79348663851959
exog-future+L720,1,4,42265,76.72986414402178,64.64576681998543,79.62665654756645,56.8166434201222
exog-future+L720,1,4,42289,71.0846926108294,57.8573779167622,72.27026223645669,51.26395786480968
exog-future+L720,1,4,42313,79.4201372030989,66.51512865579696,85.81478635450642,41.92928043549512
exog-future+L720,1,4,42337,79.12656529183859,64.2944164396173,95.08397905063572,59.164572620724186
exog-future+L720,1,4,42361,103.1103177257451,91.75139881061912,117.72325550409045,89.94093028885734
exog-future+L720,1,4,42385,93.01710531308996,79.29509821606557,101.2163884910628,79.09877351020519
exog-future+L720,1,4,42409,92.42698563464594,82.42533172824042,94.66160626038352,82.34775297066128
exog-future+L720,1,4,42433,83.85409213092376,73.90343501470542,80.75533167497197,73.52247308659618
exog-future+L720,1,4,42457,84.61773012873223,74.67644896807404,92.43911401390628,73.1497805494126
exog-future+L720,1,4,42481,85.87090053364501,72.8876592257205,95.9875603223977,72.16908222096933
exog-future+L720,1,4,42505,84.3723914491799,72.53360965223142,96.27600367791123,71.60347545833676
exog-future+L720,1,4,42529,68.42673344279022,59.39305904486227,93.27742552759896,58.02261208056031
exog-future+L720,1,4,42553,57.86996715393487,46.689621409339,83.65507537680249,28.94520919772628
exog-future+L720,1,4,42577,60.38903525110328,46.24895356050551,85.61491520726608,12.542373399767492
exog-future+L720,1,4,42601,54.97908571557053,39.23069317979895,82.38009876951325,4.3677596698907015
exog-future+L720,1,4,42625,50.501125083092624,35.54942337977651,71.08893035930993,-0.0626666431715656
exog-future+L720,1,4,42649,71.73061871839427,52.545420248220026,54.32258479449461,-17.532400684672652
exog-future+L720,1,4,42673,87.13568258386525,68.20225869580844,53.8360390284357,-40.029935062704496
exog-future+L720,1,4,42697,94.95498271812266,77.73137440989505,57.75182795314903,-47.974780726763726
exog-future+L720,1,4,42721,85.91786716491511,67.67370498738248,56.00588242713924,-34.99756851173622
exog-future+L720,1,4,42745,82.15524382632537,63.46862238221653,48.92042639163071,-25.54990781666377
exog-future+L720,1,4,42769,87.01742169519949,68.36577937191718,48.77510164412363,-31.022065291603493
exog-future+L720,1,4,42793,90.59319410317212,69.63763141348277,46.7238429332919,-39.89970816994069
exog-future+L720,1,4,42817,85.10828129842533,61.81527339082018,42.73064830259475,-30.10569972110323
exog-future+L720,1,4,42841,94.50858113204885,69.15229169089855,58.28382112671753,-9.202002864914338
exog-future+L720,1,4,42865,70.82834258326208,48.4272974463017,45.07330635203624,1.6325373711149116
exog-future+L720,1,4,42889,97.07906740893668,65.58867577680347,44.98192485318087,-32.441518750123855
exog-future+L720,1,4,42913,82.77992357159043,58.40367680806472,53.19111386284868,-32.783131880312425
exog-future+L720,1,4,42937,86.46822321167296,56.21124216266247,82.07344248133043,-43.01519420093052
exog-future+L720,1,4,42961,81.57072571743886,52.87626729524553,79.70219680378786,-37.90230793696987
exog-future+L720,1,4,42985,69.18762078915316,46.01691816732061,78.23402795407708,-17.25193824141026
exog-future+L720,1,4,43009,59.31727295101695,40.59399027211367,80.3180241374354,-10.705448417367244
exog-future+L720,1,4,43033,60.0571189015614,41.909209632963936,94.7195357314092,-10.997762300259703
exog-future+L720,1,4,43057,41.5639763427508,31.903307748156056,87.13625313796192,15.73820401774879
exog-future+L720,1,4,43081,41.94929430649388,32.6396321615337,87.74858668397056,26.836012227542348
exog-future+L720,1,4,43105,42.41224961711898,34.01856716078431,74.55521874328005,30.188875992696715
exog-future+L720,1,4,43129,67.94715432897307,48.018308267453925,72.3326269039676,7.982039953532088
exog-future+L720,1,4,43153,77.52051701697303,55.25615877293566,70.11660134225357,-3.46639048037083
exog-future+L720,1,4,43177,77.367939736603,54.49578442700671,64.42317702128747,-7.498765591525582
exog-future+L720,1,4,43201,78.91051689060693,54.64161365117435,63.25759545000128,-5.6557885053339465
exog-future+L720,1,4,43225,86.76002592837276,63.34815115100268,71.36880985619203,5.324628052308329
exog-future+L720,1,4,43249,85.56543854786386,61.42515240898532,67.50925109491122,-0.4602301677876913
exog-future+L720,1,4,43273,91.25425843533084,70.00512017232485,81.33962142934014,-2.7734609157340118
exog-future+L720,1,4,43297,72.26669463954636,54.72401979857911,86.08656388789878,26.022699981447424
exog-future+L720,1,4,43321,67.6155931704085,52.65962989604933,86.5455212398406,35.49716626675889
exog-future+L720,1,4,43345,70.29884123123959,55.60826878027012,79.62034655112046,29.70147559507644
exog-future+L720,1,4,43369,69.32395993007498,56.407447754479605,76.33023127223007,23.9281558511371
exog-future+L720,1,4,43393,52.52766724465837,42.05794930350765,73.33391937093643,10.160151093373278
exog-future+L720,1,4,43417,53.18487709999531,42.01851193077872,83.61265123059218,10.788769279614582
exog-future+L720,1,4,43441,51.4256739525861,42.00823001798548,73.92957922772393,20.55195505770251
exog-future+L720,1,4,43465,50.107887159376375,40.13646542212189,63.95612427503031,12.29724640759872
exog-future+L720,1,4,43489,45.9086346613902,35.810798112550565,68.169690586893,13.262067508135807
exog-future+L720,2,4,41641,85.46557438035897,52.60376730668579,47.9733377732818,-20.311259642150432
exog-future+L720,2,4,41665,130.62226609210592,86.51610502643746,57.74280365596661,-58.66852200278655
exog-future+L720,2,4,41689,152.95338290902808,111.3108670972922,66.3216719421109,-87.46932002741684
exog-future+L720,2,4,41713,161.42528811510397,130.35312271297147,82.6228819009915,-104.34483835526068
exog-future+L720,2,4,41737,164.03941540069502,129.70543801069957,97.42872968653327,-121.26304878204812
exog-future+L720,2,4,41761,157.6578668631808,119.47573309183096,103.43175214145606,-113.34295315186736
exog-future+L720,2,4,41785,156.64003606150132,119.89533113201956,112.88216770257596,-98.58701188795534
exog-future+L720,2,4,41809,131.84680227862165,94.12305570959,106.15463396364102,-62.82278287946038
exog-future+L720,2,4,41833,91.44148514271014,68.24074911429823,104.7340745802806,-11.445660710616352
exog-future+L720,2,4,41857,61.73082919015008,49.06767035969266,96.79578604147362,23.806170944538728
exog-future+L720,2,4,41881,60.38082645560325,47.539216008276505,89.97752756115318,24.706783342434544
exog-future+L720,2,4,41905,84.39180510215013,65.07787650838054,74.50961542403964,7.399212669356267
exog-future+L720,2,4,41929,89.59877193379349,70.64183001354243,61.21087356286807,-8.512568653335657
exog-future+L720,2,4,41953,86.55247864348907,67.45194971086357,59.0346805511964,-10.299252578889227
exog-future+L720,2,4,41977,90.1388391394504,73.5737952172785,56.1969316499069,-3.0248268827803884
exog-future+L720,2,4,42001,88.65983189409539,69.13506509978845,46.31836419651179,-9.445595483610202
exog-future+L720,2,4,42025,97.58798377373158,77.59720140254613,48.09448586436038,-24.07162969477472
exog-future+L720,2,4,42049,118.39787133542262,95.04473798212402,53.03839291406446,-41.09439245102106
exog-future+L720,2,4,42073,110.04544229975808,87.33698707364135,66.8791170602054,-23.15111750847336
exog-future+L720,2,4,42097,107.04669823911009,83.48628358320705,75.58267719863206,-9.29495179743592
exog-future+L720,2,4,42121,108.89290621173876,84.6396572044315,73.28610896241491,-9.05104468947276
exog-future+L720,2,4,42145,102.07997359993232,75.53799148548758,68.16993157099178,-21.98733900846983
exog-future+L720,2,4,42169,99.9893132161312,71.77558272165986,64.51206642010861,-28.73797829667012
exog-future+L720,2,4,42193,91.21757588993106,64.61723984935713,61.99685506593959,-13.180151451391596
exog-future+L720,2,4,42217,70.04773926020304,57.35232670952237,67.41050080183679,40.71904477459066
exog-future+L720,2,4,42241,60.70249195247146,47.56383118649801,65.09387743277335,40.6599999647824
exog-future+L720,2,4,42265,78.21773695533182,60.205019878027954,78.51436447186832,51.34813890068205
exog-future+L720,2,4,42289,78.31187700683147,59.054311440044046,74.91264466424231,50.20899524077073
exog-future+L720,2,4,42313,78.26760941760273,60.25566458234954,84.90228047391773,52.7261258516319
exog-future+L720,2,4,42337,82.04281600469308,64.61795997782875,96.6322420985914,61.69811808287044
exog-future+L720,2,4,42361,100.27118932371322,83.1028908093673,110.19490642949732,82.71930668408342
exog-future+L720,2,4,42385,97.8339838601801,82.87702151300107,100.61535111634544,82.79759575755072
exog-future+L720,2,4,42409,95.83970854006034,85.0578171582475,93.09095377497816,85.05070138367236
exog-future+L720,2,4,42433,86.7078337538361,75.85969499189326,81.41304265679217,75.7318743239134
exog-future+L720,2,4,42457,88.75515460367284,78.41650335486513,94.41304339567009,77.8198947395994
exog-future+L720,2,4,42481,88.1821333010434,75.5493982354246,99.76428467890098,74.72572208672541
exog-future+L720,2,4,42505,86.5348291329537,75.787484426677,98.49895622833942,75.12149126929964
exog-future+L720,2,4,42529,68.6423912222353,59.7277262986788,95.0229511864562,58.4705659335602
exog-future+L720,2,4,42553,57.208191180040885,46.36038706356394,82.83969996896798,29.766980307158963
exog-future+L720,2,4,42577,61.042813447796505,47.06805963219238,83.61610578232104,14.175090745528822
exog-future+L720,2,4,42601,56.225414301080136,39.638099984199584,81.1785840247676,4.890097549345913
exog-future+L720,2,4,42625,49.62961130272901,35.294849944570785,71.12193452667445,1.0332117277246806
exog-future+L720,2,4,42649,69.76943328313658,51.93914241325818,55.44067482090605,-15.232819266237646
exog-future+L720,2,4,42673,85.438566180247,67.29384737700214,56.19760574555398,-38.68045758130557
exog-future+L720,2,4,42697,93.0000344760092,76.16511043370572,58.51790895002485,-47.01190490221544
exog-future+L720,2,4,42721,83.62699292501301,66.4402551532968,55.12535940829293,-32.36992061322318
exog-future+L720,2,4,42745,80.01409541641907,62.57874462333374,49.95480669097483,-23.514182625450346
exog-future+L720,2,4,42769,84.4776892276902,66.94641855465025,48.3055785347794,-29.005013819318297
exog-future+L720,2,4,42793,89.02992157093523,68.45993095033761,46.54996898486696,-38.75476694154236
exog-future+L720,2,4,42817,82.19611094334749,60.60200882821356,42.240006205236405,-28.03346285517029
exog-future+L720,2,4,42841,71.38533838404473,51.44552194693649,46.56793757918719,-0.9496038102859304
exog-future+L720,2,4,42865,64.28852910631107,44.58719181501986,41.80409212137813,4.185662632367739
exog-future+L720,2,4,42889,79.4879769725479,57.04677917152187,39.10080369570132,-18.07632021500748
exog-future+L720,2,4,42913,81.41945231385495,58.41792742635244,52.31331936646523,-31.86026340947156
exog-future+L720,2,4,42937,89.52025006029007,57.15590812174731,70.37524143567221,-42.82611848772154
exog-future+L720,2,4,42961,84.64486464972663,53.99477036522225,76.64121212221502,-38.68830540707328
exog-future+L720,2,4,42985,71.07273109626534,46.63962709955666,73.39133579648094,-16.953757025528137
exog-future+L720,2,4,43009,60.38754591927126,40.68503805494223,70.51190371938213,-10.62293086015342
exog-future+L720,2,4,43033,58.6473918316518,39.107482374867935,76.9315897959134,-11.373800180795792
exog-future+L720,2,4,43057,43.81075125497894,32.68915924639231,83.01150026125693,15.583127422273426
exog-future+L720,2,4,43081,41.13486101039378,31.17996568352207,72.14014765212016,26.882815318679384
exog-future+L720,2,4,43105,41.71782784308924,33.44093391645744,72.50000136727168,30.459194528624536
exog-future+L720,2,4,43129,66.48819547755463,46.98909485523621,73.10491493855785,9.875121148067532
exog-future+L720,2,4,43153,78.36235037262715,55.009681048866256,71.50911971268383,-3.083016056031822
exog-future+L720,2,4,43177,79.23659497969011,53.388233813984286,59.978256705730985,-7.28972771923128
exog-future+L720,2,4,43201,81.47106144975118,56.30422157826634,65.8820706498432,-3.651443382963924
exog-future+L720,2,4,43225,89.0947446991087,64.33167460192159,70.72436668024037,7.922160970585397
exog-future+L720,2,4,43249,89.96898279884607,63.70896139409293,66.79391276252584,2.2004150745216458
exog-future+L720,2,4,43273,88.56291109297449,66.25390151471221,73.88061043726589,-1.06553878763059
exog-future+L720,2,4,43297,73.96834109391492,56.31861784142448,88.35798256156457,27.866307377594914
exog-future+L720,2,4,43321,71.5080651449357,55.088479954882175,87.60084461957611,39.07013451747331
exog-future+L720,2,4,43345,72.60933425897568,57.49753066388456,81.6418060838008,32.77895306926419
exog-future+L720,2,4,43369,69.42574021629605,56.60216641824852,78.41663249696418,26.46960427834176
exog-future+L720,2,4,43393,55.06474643076116,44.864447157883646,77.13658795077139,12.56058141605902
exog-future+L720,2,4,43417,55.69898203923064,45.07004064662184,88.0466478798626,15.878206605540004
exog-future+L720,2,4,43441,55.45526751634552,46.10993877225065,79.97323239767896,25.70909235225964
exog-future+L720,2,4,43465,54.3968729333428,44.494935657207925,68.22353621556164,14.83210425341749
exog-future+L720,2,4,43489,47.96844511259006,38.3301059606604,69.96108479722591,16.16355959565297
exog-future+L720,3,4,41641,85.92690573126814,52.23269307043637,46.59967650704135,-21.51548759588371
exog-future+L720,3,4,41665,131.3066729761497,86.04845458973962,55.54465718685081,-60.12847382366255
exog-future+L720,3,4,41689,155.76667161133994,112.95971805836672,67.30710165301019,-89.71844248660258
exog-future+L720,3,4,41713,160.20088526723805,128.55388834547233,80.55385979024553,-105.6262676333047
exog-future+L720,3,4,41737,162.1298966626944,127.5926723555444,98.3446836337878,-119.98379233318072
exog-future+L720,3,4,41761,158.4518731676731,120.27396818084786,96.0873963346513,-116.41548897431542
exog-future+L720,3,4,41785,156.72941538154956,119.93166572850934,112.67127451487752,-98.93330956725316
exog-future+L720,3,4,41809,133.05079814177532,93.4148408683916,106.93261358423196,-66.913807812905
exog-future+L720,3,4,41833,92.24386494802484,68.18166942123337,104.31030648974146,-12.605511855388333
exog-future+L720,3,4,41857,61.6853865654264,48.70541084047035,96.8312054597247,22.524307152035348
exog-future+L720,3,4,41881,59.0889063655112,46.43050796853839,92.89021481196836,22.926464028593564
exog-future+L720,3,4,41905,84.95736287629184,63.39327617645571,72.95787619703506,3.164240058701669
exog-future+L720,3,4,41929,89.8259750972521,70.64624421018873,60.98728180222659,-9.782448956561751
exog-future+L720,3,4,41953,86.64589032240328,67.22915807229344,58.660370116635406,-11.815471710017317
exog-future+L720,3,4,41977,90.90504655749794,73.25200978836605,55.64170311987036,-6.059666325041411
exog-future+L720,3,4,42001,89.6031831577975,69.52029246071358,46.38550779102434,-10.13597917336516
exog-future+L720,3,4,42025,97.55454058473808,77.57915546698881,47.96840619112516,-25.944584061794952
exog-future+L720,3,4,42049,118.06219080113571,94.64705044108992,52.71006156650048,-41.1995277751411
exog-future+L720,3,4,42073,109.7702874640746,86.6549145162651,66.70344718645865,-24.54948767192716
exog-future+L720,3,4,42097,107.59155692092531,83.03879028085478,76.00679999136766,-11.191416606655483
exog-future+L720,3,4,42121,109.21166117251768,83.80173110689454,72.88135336492626,-12.164274229808024
exog-future+L720,3,4,42145,102.43934481386472,75.6453623464001,69.26929422992478,-23.562550751697707
exog-future+L720,3,4,42169,100.57258630244006,72.0818058372891,67.60427378216886,-30.46807264564087
exog-future+L720,3,4,42193,91.89335075281916,65.25504464813355,65.10335323664043,-16.32813324765342
exog-future+L720,3,4,42217,66.58051540803562,54.41572867979091,65.36107640859095,37.275383530720944
exog-future+L720,3,4,42241,58.62080853311246,46.20799719932996,65.21073347735764,38.825557476874415
exog-future+L720,3,4,42265,70.02929205379628,58.51160184507928,76.69946288982058,51.97077311948264
exog-future+L720,3,4,42289,76.65410367053143,57.68238029904766,74.28165508826451,48.26407750002026
exog-future+L720,3,4,42313,77.214028327004,59.3207232597423,84.1691121468223,51.42564329951973
exog-future+L720,3,4,42337,80.70102965050631,63.42884950306719,96.12604381197352,60.30644685337033
exog-future+L720,3,4,42361,97.42540871772408,85.36867834042066,115.76973335854392,83.80855816793125
exog-future+L720,3,4,42385,97.09443211633848,81.7894697642419,100.64145495648832,81.46579296477995
exog-future+L720,3,4,42409,94.60977052194798,83.6479198464014,92.1729041580312,83.57110064392357
exog-future+L720,3,4,42433,86.20227544092253,75.27611211852388,82.94869382131778,75.04926919510892
exog-future+L720,3,4,42457,87.65674856770056,77.38594100298232,94.98770763172097,76.64719382666631
exog-future+L720,3,4,42481,86.99420383475656,74.59315209047544,101.08457488259327,73.65624127763243
exog-future+L720,3,4,42505,85.4455249038186,74.94586366000124,100.55497738475212,74.01345732101372
exog-future+L720,3,4,42529,66.96616880974274,57.9619466540165,92.55953497821989,56.75598674355849
exog-future+L720,3,4,42553,56.7233404093596,46.0369908147554,82.32308813585738,29.167298287795436
exog-future+L720,3,4,42577,61.33896940228208,47.21110365942402,83.98835800856325,13.678483579065446
exog-future+L720,3,4,42601,57.50725970189886,40.67193652583734,83.32490263756371,4.837527933206823
exog-future+L720,3,4,42625,50.53304996335015,36.16083537299383,76.8486680504155,0.7993820998665593
exog-future+L720,3,4,42649,71.54287796173756,53.37706181160657,57.83065162968508,-15.666804234061589
exog-future+L720,3,4,42673,85.7010652156653,67.41324653404638,58.38968519446978,-39.03235415856271
exog-future+L720,3,4,42697,91.62593714596294,74.88425279962192,58.436971918894606,-46.07890607701869
exog-future+L720,3,4,42721,84.48465900684445,67.11590292609692,55.98757400924518,-33.63741388714805
exog-future+L720,3,4,42745,79.93518885345694,61.97752150492944,52.149696078187326,-25.27106993499032
exog-future+L720,3,4,42769,84.84608819560647,67.9409631382664,49.96469801193588,-27.893961700370976
exog-future+L720,3,4,42793,89.23362142602232,68.27767448169433,46.20267581380058,-38.69998164702991
exog-future+L720,3,4,42817,94.09824618169544,71.10178809396427,49.01494566830149,-32.5934963408928
exog-future+L720,3,4,42841,90.14912657122458,65.92337174560228,57.70292897957398,-8.496168171511433
exog-future+L720,3,4,42865,74.31399306679286,50.7545877100685,46.597707642595765,-0.0454888685309188
exog-future+L720,3,4,42889,94.32957201764694,64.43320329061551,44.91082669606092,-30.72612071597725
exog-future+L720,3,4,42913,83.71155158506102,59.86979415851017,52.938641969927424,-34.2073850804321
exog-future+L720,3,4,42937,90.88033092363256,58.73249904331239,78.0843426352095,-44.85830921358811
exog-future+L720,3,4,42961,84.91726570439849,54.89770908801787,81.67968088640497,-40.57785876311276
exog-future+L720,3,4,42985,70.36475329703983,45.96941121626,72.28841104181329,-18.078720432435905
exog-future+L720,3,4,43009,60.419660402543904,40.537618772451296,72.62501167983709,-11.49557943776585
exog-future+L720,3,4,43033,58.56107200135352,38.759044622325305,75.86784855300345,-12.551912724120251
exog-future+L720,3,4,43057,43.06624125986054,31.541280199632254,81.87990808913922,14.152154596650488
exog-future+L720,3,4,43081,39.77703843933588,29.537283313721456,70.56956511838823,25.17827169495517
exog-future+L720,3,4,43105,40.102285241177306,31.52082749531376,70.72792755469663,28.32042655655858
exog-future+L720,3,4,43129,68.41198552660792,48.31699792271402,72.62252127538424,12.161504535159898
exog-future+L720,3,4,43153,78.38503498387216,54.943025535146,71.77352183606394,-3.626938353902136
exog-future+L720,3,4,43177,78.22489720747181,52.76364884283253,60.20803540514002,-7.875638855204053
exog-future+L720,3,4,43201,78.9357422741581,53.87651570253231,62.10801287081176,-4.05260985964096
exog-future+L720,3,4,43225,89.07097644367211,63.7283948686827,69.45449252674015,6.742121922825737
exog-future+L720,3,4,43249,89.88040934615799,62.57201078205856,64.82726380043053,-0.1516470151241183
exog-future+L720,3,4,43273,99.43029945215238,76.98248618172035,89.83344879449656,-4.860298570429842
exog-future+L720,3,4,43297,72.17898144855748,54.47187438839414,86.17182500085241,25.87574297032946
exog-future+L720,3,4,43321,67.31526947664045,51.92058733070208,85.94204703536302,35.924576874129215
exog-future+L720,3,4,43345,69.91355378770686,55.89613827215219,81.3690433759516,31.353542197608256
exog-future+L720,3,4,43369,68.72748689918336,55.789169522683984,77.97465214729876,26.845836284965905
exog-future+L720,3,4,43393,52.92280629160607,42.40691388782093,73.66701111335607,10.206682789100425
exog-future+L720,3,4,43417,55.33603027361417,44.03403172443393,85.91436896728753,13.530734450367325
exog-future+L720,3,4,43441,55.27257598603924,45.71084452687885,78.9745212717743,24.295454332314275
exog-future+L720,3,4,43465,53.782652515639285,43.98883373673591,67.2519376686848,13.70150567651108
exog-future+L720,3,4,43489,47.52161268371736,37.90226326625376,68.77846529326837,14.64683186708699
exog-future+L720,4,4,41641,85.07654783607903,52.00229133693375,46.16973963834511,-20.23745479842121
exog-future+L720,4,4,41665,130.70282131396067,85.68751956766121,55.128862417558345,-59.43207271664461
exog-future+L720,4,4,41689,152.2267508344295,110.85931474599762,65.46471255540493,-87.17685793416106
exog-future+L720,4,4,41713,159.2089015336985,127.26919082506048,79.25281199719859,-104.30813696391225
exog-future+L720,4,4,41737,161.024012493557,127.20862957057622,100.414082870098,-119.8902245752857
exog-future+L720,4,4,41761,157.0910804202138,119.1777139212925,99.49140699801576,-115.36979788784026
exog-future+L720,4,4,41785,154.7710053856533,117.08087397924858,109.3508536469844,-100.10624431554628
exog-future+L720,4,4,41809,131.57796180470268,91.44561391425334,104.0818655519688,-67.19496020352896
exog-future+L720,4,4,41833,91.55962243188196,68.17621057100196,104.51972148237611,-11.398546538579756
exog-future+L720,4,4,41857,62.07973016011943,49.186372960346034,97.02869033007244,23.14143419123102
exog-future+L720,4,4,41881,59.351266202678616,46.83467712265202,94.0017796471856,23.482065857046365
exog-future+L720,4,4,41905,84.9066149974828,63.75261582373146,73.9718232947178,4.041356838660179
exog-future+L720,4,4,41929,89.84238613761032,70.79534878049476,61.05538478210446,-8.889559765004194
exog-future+L720,4,4,41953,86.34897361219262,67.0518813221595,58.581264830065294,-11.113166727293043
exog-future+L720,4,4,41977,90.46115813063832,72.89681376176762,55.31997034892596,-5.765132884029739
exog-future+L720,4,4,42001,88.86726336119142,69.46361153275589,46.29008755801728,-8.467475608247485
exog-future+L720,4,4,42025,97.14599157163882,77.17218968624914,47.63872540406475,-25.01620387986696
exog-future+L720,4,4,42049,118.07512790661752,94.5794760178558,52.61233875083187,-40.44480965558324
exog-future+L720,4,4,42073,109.3409477977934,86.53816229826948,66.61645734412596,-23.748006877563224
exog-future+L720,4,4,42097,107.06100736369436,82.81587915872453,75.38350938319765,-10.402414331704076
exog-future+L720,4,4,42121,109.2739206987115,84.17242694228426,72.53241468501446,-11.1261312935996
exog-future+L720,4,4,42145,102.67445357772124,76.27871475560173,70.31286909691023,-22.797485560091967
exog-future+L720,4,4,42169,100.3468594804593,71.90334508943864,67.6426162305391,-29.603056162005227
exog-future+L720,4,4,42193,91.76753227331244,65.15412431747265,65.40947575174967,-14.469008045696
exog-future+L720,4,4,42217,64.51298310191156,52.16818401113935,63.45256752325642,35.96435498498543
exog-future+L720,4,4,42241,57.51680030768103,45.82081010156015,65.04203877737794,38.88170857405055
exog-future+L720,4,4,42265,69.46533511693038,58.83615491466426,77.29058792412903,53.24280130829906
exog-future+L720,4,4,42289,64.8415285456703,52.91076156648309,69.23197150166493,48.93726035385588
exog-future+L720,4,4,42313,69.39365385097601,55.93945300506357,76.4891263721359,46.24868229630543
exog-future+L720,4,4,42337,81.89807389295751,64.29225528863496,96.43246259451966,61.50154679226692
exog-future+L720,4,4,42361,97.99622312333932,86.51281482910666,116.10290766422727,84.32101232156727
exog-future+L720,4,4,42385,98.31129262025084,83.33079481615862,102.41766414497332,83.01978362552198
exog-future+L720,4,4,42409,95.96879659549212,84.8420140285886,94.30720133543412,84.70327490996169
exog-future+L720,4,4,42433,86.92041157016494,75.81119821682744,84.39576125915652,75.51189651650753
exog-future+L720,4,4,42457,88.28399124235735,77.87950067219383,95.89562374939705,77.13539537108483
exog-future+L720,4,4,42481,87.90015371625636,75.3874528597924,102.8016193977683,74.39666407038398
exog-future+L720,4,4,42505,86.66775186902234,76.46775410651149,102.45289855019836,75.4946226189278
exog-future+L720,4,4,42529,68.05084345498544,59.15633381142559,93.08743668830786,58.09701474556899
exog-future+L720,4,4,42553,56.97779259145598,46.61992484801707,81.58405925872343,29.774076150923023
exog-future+L720,4,4,42577,60.685319004382826,46.99830555090044,83.10310968605961,14.712283426000855
exog-future+L720,4,4,42601,58.0085354463718,41.47315671199369,83.97871004302738,5.795474554710673
exog-future+L720,4,4,42625,50.360662722228106,36.29213471986597,76.8883121049332,1.499240801814794
exog-future+L720,4,4,42649,72.07810160922048,53.4579804646992,57.96739763472587,-16.698215430447316
exog-future+L720,4,4,42673,85.05805716015786,67.07651231674977,59.23637577187496,-38.30568995143356
exog-future+L720,4,4,42697,91.20852934701442,74.87097309057279,59.07282059826274,-44.89278143173722
exog-future+L720,4,4,42721,84.64972130349292,67.73364691381197,60.713561513601256,-33.275255969886906
exog-future+L720,4,4,42745,80.06984464114699,61.8454858300008,52.99146377652684,-26.338336437612725
exog-future+L720,4,4,42769,84.10362957727192,66.80156382751919,48.63291791004714,-28.168692742336447
exog-future+L720,4,4,42793,88.54606000532463,67.89651285811472,45.74651197174435,-37.99631494879424
exog-future+L720,4,4,42817,106.17705144656485,83.64559111346838,56.05520075756972,-32.94936091320054
exog-future+L720,4,4,42841,97.70648798967444,72.11163960411407,62.3880068477961,-9.94399375943502
exog-future+L720,4,4,42865,81.17120958276647,56.721041770410814,52.91396606759255,-0.4824909745997816
exog-future+L720,4,4,42889,97.10103361612276,68.04027682478615,44.22814167008096,-30.86541878772893
exog-future+L720,4,4,42913,84.3790535592994,60.28073738572533,53.53110905007669,-33.416966647461614
exog-future+L720,4,4,42937,89.7407821829928,58.323637873157416,74.83280979804876,-44.14077781499085
exog-future+L720,4,4,42961,83.08340404341064,54.14463592270388,78.80173339193959,-39.78792666084636
exog-future+L720,4,4,42985,72.48565262275217,47.509739197514776,75.02244153471578,-17.714457982770437
exog-future+L720,4,4,43009,61.27581435079058,41.52939109432687,73.64989575448995,-10.452959693203857
exog-future+L720,4,4,43033,58.41685288505014,39.08878851554881,77.17883151967638,-11.562062485930989
exog-future+L720,4,4,43057,43.20870730472084,32.12781787685386,84.23681616240056,15.166930225271392
exog-future+L720,4,4,43081,41.22384037143144,31.11158991001881,73.89832097818376,26.92994763839595
exog-future+L720,4,4,43105,40.60437717763244,31.92969050693343,71.33485865479825,28.822856446361136
exog-future+L720,4,4,43129,66.79728503893656,47.79454543143992,72.49630778053361,12.319216705184388
exog-future+L720,4,4,43153,77.84723620417394,54.706198317246965,71.74108772524497,-2.9463682035834444
exog-future+L720,4,4,43177,77.69539555115259,52.34966473850123,59.94180339067334,-7.770182882182532
exog-future+L720,4,4,43201,78.58087307587797,53.82791341087105,62.55853786105933,-3.2247743517744074
exog-future+L720,4,4,43225,89.06248663566227,63.83444268171596,69.96565800142685,7.48678869612295
exog-future+L720,4,4,43249,88.97544128092127,62.28649034422659,64.75584487288376,1.4573017593663111
exog-future+L720,4,4,43273,104.21919339006482,80.51372321415997,90.4140122481026,-4.3302690036321865
exog-future+L720,4,4,43297,72.25238666836246,55.1842329326567,87.71350817460097,27.18028522629906
exog-future+L720,4,4,43321,67.84407868717126,52.70737977321628,87.22985992723117,36.93613483930482
exog-future+L720,4,4,43345,70.48668927644462,56.75839447948159,83.04721542047695,31.64898182829217
exog-future+L720,4,4,43369,68.4223839716224,55.95067508310037,78.36268201081457,26.77471742861725
exog-future+L720,4,4,43393,54.2021021245878,43.84590083524569,76.23237097019482,11.761058494483526
exog-future+L720,4,4,43417,56.26555409342574,45.58021618465028,88.28494061655681,15.335611627104395
exog-future+L720,4,4,43441,55.418373607014935,46.4269029297388,80.62822895264985,25.700317302961544
exog-future+L720,4,4,43465,54.43687072107554,44.71949277750884,68.7441421989256,14.14679171548262
exog-future+L720,4,4,43489,47.95547666837149,38.65250349472315,70.12672252477304,15.48775116045043
exog-future+L720,5,4,41641,84.88071453668108,51.956213030005095,45.812095770455535,-19.889168552055608
exog-future+L720,5,4,41665,130.13955853380767,85.45984142194307,54.7285861819411,-58.65832567243971
exog-future+L720,5,4,41689,151.6757196548778,110.62268443777,65.33131985023175,-86.50401439835134
exog-future+L720,5,4,41713,158.24334241138422,126.4436241685407,78.63213872871225,-103.67393656970016
exog-future+L720,5,4,41737,159.74994262031066,126.03741994382683,99.07254496626253,-118.205859954419
exog-future+L720,5,4,41761,156.36209369133337,118.39484644976676,98.92719677864456,-114.83273025544068
exog-future+L720,5,4,41785,154.23979072848985,116.9249462727824,109.38314167382428,-99.32967713986832
exog-future+L720,5,4,41809,131.2023644189735,91.41228302146064,104.31286207659728,-66.57195959827915
exog-future+L720,5,4,41833,91.5227827419859,68.33871609378927,104.758296679974,-10.900542851320454
exog-future+L720,5,4,41857,62.68768355101054,49.75575321276402,97.2439576379836,23.39952649735953
exog-future+L720,5,4,41881,59.67789110596953,47.20127794216734,94.30493094236842,24.104873016041573
exog-future+L720,5,4,41905,85.04356892184046,64.07341121416091,74.06435261404589,4.805050068331316
exog-future+L720,5,4,41929,89.8894437539531,70.96555062751595,61.11924369786502,-8.222402738842458
exog-future+L720,5,4,41953,86.18033275207476,67.02407584598848,58.5199070888584,-10.67203972104823
exog-future+L720,5,4,41977,90.88205524626126,73.41077300463843,55.59647935129477,-4.90685993122748
exog-future+L720,5,4,42001,89.45712936004838,69.89958046910878,46.55045402526595,-8.4336675020833
exog-future+L720,5,4,42025,97.1123242268782,77.27799909595593,47.66422198075703,-24.321921274708963
exog-future+L720,5,4,42049,118.03565487147088,94.71512821491636,52.662434039218674,-39.86730254676207
exog-future+L720,5,4,42073,109.37444049344413,86.71850985104365,66.7756203987893,-23.17927716655205
exog-future+L720,5,4,42097,107.22405102811662,83.06048258341525,75.06388758004961,-9.7524282753683
exog-future+L720,5,4,42121,109.68015926587086,84.81868736777781,72.80803600770139,-10.13195650576545
exog-future+L720,5,4,42145,102.77391621675125,76.60553671921305,70.07625476529475,-21.902915918942785
exog-future+L720,5,4,42169,100.3510657367407,72.08360877417557,67.69704074215927,-28.675891604829573
exog-future+L720,5,4,42193,92.20360419369328,65.73950036818754,66.52662966675035,-14.869839725385653
exog-future+L720,5,4,42217,64.8387714309258,52.6427060901256,63.77713164714846,36.63779155633038
exog-future+L720,5,4,42241,57.17024349178292,45.587447786434346,64.76809328848138,39.02977818945905
exog-future+L720,5,4,42265,69.46169748826831,58.81882106643502,77.1349329789427,53.5324007633081
exog-future+L720,5,4,42289,63.37029182485293,52.72286828749855,70.32562615129444,49.953503514832846
exog-future+L720,5,4,42313,69.88789510426226,56.49592061443772,77.04553476477939,47.47909653707232
exog-future+L720,5,4,42337,82.56981701680427,64.82586967577099,96.79847287064123,62.14074235603736
exog-future+L720,5,4,42361,98.22977942273822,86.63597699775428,116.14961351700642,84.46706553028578
exog-future+L720,5,4,42385,99.64465614199048,84.46982723826763,102.90699148966132,84.14958811121535
exog-future+L720,5,4,42409,97.37581967301668,86.271201116584,95.44148380077856,86.10990915950413
exog-future+L720,5,4,42433,88.70825489955355,77.54768199672483,85.4528110907377,77.26704709204326
exog-future+L720,5,4,42457,89.8174791817227,79.53111021097592,97.12568917715468,78.87048458449618
exog-future+L720,5,4,42481,89.21794738504144,76.4987799338089,103.43468300359328,75.52155291553456
exog-future+L720,5,4,42505,88.0205368731737,77.66669225133082,103.25410438081902,76.69873765922948
exog-future+L720,5,4,42529,69.26681349429509,60.2933847300227,94.57567663880694,59.22168251951847
exog-future+L720,5,4,42553,57.56564601546791,47.37131823610471,82.46282640371805,30.95267543366246
exog-future+L720,5,4,42577,60.80429012491045,47.50098446847588,84.03066930166396,15.860340588054331
exog-future+L720,5,4,42601,58.13003355494009,41.91789011792394,85.8634827726586,6.076450039408074
exog-future+L720,5,4,42625,51.06036329053291,36.97130471060521,76.70579316627494,2.3487349370302115
exog-future+L720,5,4,42649,71.4160669477003,53.55278590200811,57.923640086528415,-15.050589213214655
exog-future+L720,5,4,42673,82.85876754238248,66.12981953405831,59.01545809487922,-35.07767182591087
exog-future+L720,5,4,42697,90.0804717191092,74.10678763934177,57.49852801156867,-43.3063389219173
exog-future+L720,5,4,42721,83.47840117118722,67.52256274731444,62.71996963120722,-31.19179836297792
exog-future+L720,5,4,42745,79.38150579384673,61.75047499393333,53.040478668958336,-24.67244605166683
exog-future+L720,5,4,42769,83.47083220292208,66.66555836369324,48.72548106238774,-26.919689482623053
exog-future+L720,5,4,42793,88.36172529119736,67.62378042947107,44.7632847265414,-37.3243933267877
exog-future+L720,5,4,42817,105.69265415172168,83.45207435067104,55.98435069141083,-31.761717751088696
exog-future+L720,5,4,42841,97.61345395844351,72.19404927525117,62.53413048993666,-8.866791421557387
exog-future+L720,5,4,42865,83.72449537783604,61.19338116827798,54.17725795385812,2.8152705789711323
exog-future+L720,5,4,42889,95.3436233655641,67.30001900199507,44.41985402391113,-28.340830430307577
exog-future+L720,5,4,42913,83.43252115708026,59.72775175586625,53.38111389906695,-32.05323404197611
exog-future+L720,5,4,42937,94.9410088970176,60.347764164698674,71.7448793882683,-43.50430456603082
exog-future+L720,5,4,42961,82.57749115700388,53.92607439927502,79.1433032671638,-38.95656724377932
exog-future+L720,5,4,42985,72.20126229123198,47.70995285192568,75.05308983199374,-16.675318244879616
exog-future+L720,5,4,43009,61.828471108050586,42.40874455636024,75.07203047106876,-9.327975898072028
exog-future+L720,5,4,43033,58.69777926274524,39.5986190771868,78.77277627502556,-10.3191672819613
exog-future+L720,5,4,43057,44.08967270972025,33.061378524878215,85.63777845781246,16.446762675224836
exog-future+L720,5,4,43081,42.00245422422391,31.5921195232514,73.51550026903736,27.79185446926321
exog-future+L720,5,4,43105,42.26454067525468,33.5255339849993,73.58031969880079,30.709641242050544
exog-future+L720,5,4,43129,65.39951150328982,47.34558543606208,73.37949322007088,12.593179626721792
exog-future+L720,5,4,43153,77.58184330439701,55.117815357638015,72.9551596413511,-1.2034172937223848
exog-future+L720,5,4,43177,77.42927799843316,52.75165652998447,61.08291578462332,-5.786206176071251
exog-future+L720,5,4,43201,78.03911462914289,53.8757168605918,63.15931911608486,-2.6864957812106702
exog-future+L720,5,4,43225,89.20380296831127,64.46038505003747,71.15524532193588,9.456909424428895
exog-future+L720,5,4,43249,89.41013429351233,62.91235932366124,65.42010158637669,3.029868385085414
exog-future+L720,5,4,43273,105.49068000239964,82.02377937403895,90.86190911907651,-2.9157550443984954
exog-future+L720,5,4,43297,72.48542526708619,55.80724703880616,88.38247774300693,28.487276553828213
exog-future+L720,5,4,43321,68.76753872807066,53.604855573265056,88.20104747106747,38.34353136184838
exog-future+L720,5,4,43345,71.06749856575993,57.3776545309406,83.96304160974282,34.635657834113125
exog-future+L720,5,4,43369,68.94498674466725,56.19933593496823,78.46082467362162,28.309327222858517
exog-future+L720,5,4,43393,55.47802750182832,44.81286972323771,76.77434241548039,13.199109564148936
exog-future+L720,5,4,43417,55.43686773024356,44.71831013827431,87.25799579548107,15.583043758862212
exog-future+L720,5,4,43441,55.90383535739422,47.0717461017727,81.64515012553021,27.94702352751515
exog-future+L720,5,4,43465,54.66682266278999,44.984118757910686,68.70993721597989,15.462262484926065
exog-future+L720,5,4,43489,48.019410759461216,38.79224445103092,70.21297409799911,16.541955174098305
exog-future+L720,6,4,41641,84.77981283396802,51.99012430769913,45.83882649374376,-19.64517138433912
exog-future+L720,6,4,41665,130.02320554477674,85.42994991952301,54.65902949776185,-58.47524940873121
exog-future+L720,6,4,41689,151.49262063186367,110.56399804893032,65.32725976560917,-86.25543902778877
exog-future+L720,6,4,41713,157.84119894065233,126.07820688139104,78.33990502034892,-103.45260889876576
exog-future+L720,6,4,41737,159.0701797974828,125.42737603337268,99.3603009603299,-117.7091452636444
exog-future+L720,6,4,41761,156.1150906032302,118.1540559142646,99.23724509699842,-114.6799535143832
exog-future+L720,6,4,41785,154.05077781442876,116.80484007407514,109.34520147619207,-99.16306465667073
exog-future+L720,6,4,41809,131.05930573884442,91.3424178590139,104.22224840064054,-66.43331511477783
exog-future+L720,6,4,41833,91.50981355551872,68.36949143522519,104.7777872358211,-10.766327198151414
exog-future+L720,6,4,41857,62.93319624491203,50.0392094869852,97.11370323429216,23.844472518284903
exog-future+L720,6,4,41881,59.903689570211625,47.4963964840298,94.39694015237563,24.572318821976925
exog-future+L720,6,4,41905,85.01772967312019,64.1245085302148,74.08639285127924,4.992037621109104
exog-future+L720,6,4,41929,89.84578886143014,70.97494428359899,61.11391084979601,-8.06178456211334
exog-future+L720,6,4,41953,86.03286631577095,66.9287109287576,58.4490386424424,-10.564740499118036
exog-future+L720,6,4,41977,90.7737133555538,73.3314792993269,55.52292037970016,-4.787912340644723
exog-future+L720,6,4,42001,89.53357850559065,70.06693740061931,46.62019666306658,-8.315187725533232
exog-future+L720,6,4,42025,96.99309975472065,77.32380718857232,47.70683414051427,-24.74793223059673
exog-future+L720,6,4,42049,117.87957425581487,94.57468708371071,52.56364410890133,-39.76091405847216
exog-future+L720,6,4,42073,109.74113347388992,86.849101141221,66.55820768536991,-23.2895474455221
exog-future+L720,6,4,42097,107.09925358564696,82.99451687916452,75.06431982229623,-9.640798938128077
exog-future+L720,6,4,42121,109.64205953029676,84.84482430773592,72.87055909586397,-9.99763267196792
exog-future+L720,6,4,42145,102.85946948361548,76.95505484542103,71.71877269224139,-21.92868979141397
exog-future+L720,6,4,42169,100.38363137975,72.10279240976945,68.09770886950784,-28.462640342507484
exog-future+L720,6,4,42193,91.98424850689396,65.54322826064157,66.62431496709466,-13.911131737519824
exog-future+L720,6,4,42217,64.74867864776351,52.94408388396608,63.93591072377358,36.84195425083137
exog-future+L720,6,4,42241,57.08420495963333,45.39885032525902,64.51104942463554,38.918216880548776
exog-future+L720,6,4,42265,69.50303587352694,58.94952521424977,77.26134428094257,53.74826881092176
exog-future+L720,6,4,42289,62.17868349196266,52.29105268341259,70.21800021228212,49.47797495542696
exog-future+L720,6,4,42313,66.87046161360732,55.29505894010707,79.47392574453825,44.24868718053511
exog-future+L720,6,4,42337,82.64472669760268,64.68666565369983,97.12879628567256,62.01121624883331
exog-future+L720,6,4,42361,98.25483307829172,86.46717000621824,116.41324754266915,84.19685409166948
exog-future+L720,6,4,42385,99.73796130661998,84.54501567716545,102.88329338282576,84.22943886009826
exog-future+L720,6,4,42409,97.42222129277572,86.29270603967731,95.41717540241848,86.13232736054181
exog-future+L720,6,4,42433,88.77799523398683,77.60224793681142,85.49190884166433,77.32039392883681
exog-future+L720,6,4,42457,89.9825574756026,79.92614422925764,97.15749743301022,79.19238615420332
exog-future+L720,6,4,42481,89.19665506737164,76.39587228766995,102.80745462182954,75.45073253026955
exog-future+L720,6,4,42505,87.60951959632946,77.17936370379363,102.84471786173764,76.17332305225457
exog-future+L720,6,4,42529,69.29646793907956,60.31599906510005,94.61372503731954,59.241698611284
exog-future+L720,6,4,42553,57.68558404068027,47.46681444765778,82.87487014419312,31.16604377856261
exog-future+L720,6,4,42577,60.7852055795719,47.48587129835054,83.9733320450829,15.882270560994668
exog-future+L720,6,4,42601,58.08157344852705,41.885959719092746,85.76857939906132,6.103286866727333
exog-future+L720,6,4,42625,51.028620250052775,36.93914787169378,76.81309879355466,2.3135269607323257
exog-future+L720,6,4,42649,71.35233708085424,53.530283108823454,58.20260662580552,-15.041046210458449
exog-future+L720,6,4,42673,82.741622799849,66.06578909765548,59.07516599625433,-34.97689695419983
exog-future+L720,6,4,42697,93.62554812386338,76.00075270416508,58.56942299076648,-47.788623497262265
exog-future+L720,6,4,42721,83.37164277089838,67.43347141942336,62.72202991111683,-31.17442150962349
exog-future+L720,6,4,42745,79.30397970046405,61.7110242256238,53.12139951303507,-24.647041531376505
exog-future+L720,6,4,42769,84.23756434983217,67.38176033721172,49.43303747075885,-26.70289837143305
exog-future+L720,6,4,42793,87.59329504785866,67.48912099496368,45.23561174166248,-36.3034598968062
exog-future+L720,6,4,42817,105.54749167907757,83.33516447830642,55.90553866838817,-31.71184271956118
exog-future+L720,6,4,42841,97.49641896537898,72.08363437012073,62.393218283164,-8.994852371387859
exog-future+L720,6,4,42865,83.58812874403841,61.08785729016623,54.02060720794891,2.8178734616624
exog-future+L720,6,4,42889,96.09196153206982,67.58926174686651,44.56135440973023,-29.136564186427343
exog-future+L720,6,4,42913,83.42263408698962,59.639383210896646,53.26146765030233,-32.14337236829814
exog-future+L720,6,4,42937,94.99133357895175,60.43248717383691,72.05281788219872,-43.55627607727397
exog-future+L720,6,4,42961,82.6188175689412,53.90814744750422,79.09809112222493,-39.02802104980726
exog-future+L720,6,4,42985,72.21853922004246,47.71124591098206,75.07887861791484,-16.76364304095709
exog-future+L720,6,4,43009,61.85872452504325,42.42219065111996,75.15952487212795,-9.393815892341312
exog-future+L720,6,4,43033,58.68702202692788,39.60284165982287,79.05418257583602,-10.38721116036318
exog-future+L720,6,4,43057,44.036282430314834,33.00218722485988,85.50848354824355,16.3678938070724
exog-future+L720,6,4,43081,41.977664379544606,31.552066768483822,73.59993570142957,27.681784746685004
exog-future+L720,6,4,43105,42.24753920188689,33.45233539264228,73.47096486351083,30.582235488283988
exog-future+L720,6,4,43129,66.87831577908777,48.56636923060648,73.62200879408472,14.291002096106451
exog-future+L720,6,4,43153,77.79277879892742,55.20457124483919,72.68899369220415,-1.2124959868272098
exog-future+L720,6,4,43177,77.38256258406244,52.67486537738747,60.96925847362401,-5.906291885543745
exog-future+L720,6,4,43201,78.12655402973012,53.904388634039975,63.1391886306212,-2.760901507699069
exog-future+L720,6,4,43225,88.99174562309065,64.30019859051075,71.00752645434808,9.525434175935308
exog-future+L720,6,4,43249,89.40304582126706,62.87928538836162,65.44758002132494,2.87232079774244
exog-future+L720,6,4,43273,107.23423045116768,83.04676314664009,90.35446144744694,-3.5401268029376123
exog-future+L720,6,4,43297,72.1965861071127,55.75988194310133,88.67503712196581,28.66779790491577
exog-future+L720,6,4,43321,68.63267202430926,53.450614041456205,88.00970765304173,38.14011395041026
exog-future+L720,6,4,43345,70.08195173468728,56.10016987279375,82.28630542399364,33.05599398848558
exog-future+L720,6,4,43369,69.39164526055569,56.66266259372146,79.23834136279001,29.57532245726138
exog-future+L720,6,4,43393,54.72718206663478,43.802859971643606,75.59532917971819,13.250306636940191
exog-future+L720,6,4,43417,55.33021879877569,44.59185620514978,87.07872313566189,15.363308441372732
exog-future+L720,6,4,43441,55.911167997442334,47.01292237536993,81.69189408476836,28.21319750393028
exog-future+L720,6,4,43465,54.07699891788688,44.45877405668385,68.31802047900096,14.8976085721194
exog-future+L720,6,4,43489,47.94342715798816,38.61583171732646,69.86481406991389,15.937866738761098
exog-future+L720,7,4,41641,84.70401334822014,51.861283391518654,45.61234861230894,-19.73371415770421
exog-future+L720,7,4,41665,130.02444844652862,85.33334300821343,54.43744071296332,-58.583200032134336
exog-future+L720,7,4,41689,151.50477805545108,110.52138439064144,65.21664339749505,-86.34287282845983
exog-future+L720,7,4,41713,157.76273273381523,125.950257990265,78.17046519785131,-103.51059829339634
exog-future+L720,7,4,41737,158.99882899385204,125.37231031878515,99.67387176925742,-117.70681106181408
exog-future+L720,7,4,41761,156.12060706621833,118.1444693885039,99.5890235651734,-114.74819798147767
exog-future+L720,7,4,41785,154.0509931726069,116.81305520255174,109.35400155155536,-99.17741247230478
exog-future+L720,7,4,41809,131.06021147287433,91.33351964254004,104.26714350088795,-66.47699960505257
exog-future+L720,7,4,41833,91.51475347247276,68.34348995958119,104.72932540543378,-10.827947602905589
exog-future+L720,7,4,41857,62.92512764969258,50.00855401009911,97.05451853930376,23.77612083908709
exog-future+L720,7,4,41881,59.8518142420321,47.456327598912615,94.3976211099904,24.517119628461234
exog-future+L720,7,4,41905,85.00384461067264,64.10278469162174,74.10618804077126,4.903957982642512
exog-future+L720,7,4,41929,89.84775511710673,70.96345288708528,61.08053333096114,-8.150707249768868
exog-future+L720,7,4,41953,86.00822339318188,66.87794202059808,58.38139188608938,-10.713408105491458
exog-future+L720,7,4,41977,90.78569943747328,73.31886294224162,55.493449328928016,-4.855517532956112
exog-future+L720,7,4,42001,89.39298058546072,70.10465228277066,46.64903499408566,-7.445869529369436
exog-future+L720,7,4,42025,97.3400509709166,77.25890545753131,47.61954603764893,-24.258080014518978
exog-future+L720,7,4,42049,117.84952449831334,94.539560713978,52.53432871281063,-39.850589385061845
exog-future+L720,7,4,42073,109.6997007110172,86.78719619431314,66.63804144967852,-23.388338703491893
exog-future+L720,7,4,42097,107.07154746711043,82.92655238341338,74.94828860226822,-9.768554674833023
exog-future+L720,7,4,42121,109.66912430478791,84.85661432654186,72.8876431758756,-10.064082674699485
exog-future+L720,7,4,42145,102.8636697088908,76.93887776262423,71.66988981860825,-21.97816001521981
exog-future+L720,7,4,42169,100.37764803497636,72.07284137116962,68.13998979573755,-28.530112455789816
exog-future+L720,7,4,42193,92.00494103864996,65.53859887789292,66.61925185726678,-13.953851921015684
exog-future+L720,7,4,42217,64.50428314294929,52.68029934151768,63.70586252547324,36.58360990753231
exog-future+L720,7,4,42241,56.87431102794076,45.20512970509832,64.36385515856287,38.72615848603796
exog-future+L720,7,4,42265,69.7417653926255,59.196613949446224,77.42760310295695,54.060004633612046
exog-future+L720,7,4,42289,61.961426831545815,52.095563334624,70.08275918577066,49.30029859743989
exog-future+L720,7,4,42313,66.70846852870392,55.13452257178004,79.35175715492004,44.07939395659024
exog-future+L720,7,4,42337,82.62812185766488,64.63743117556757,97.08805623337408,61.948900485778
exog-future+L720,7,4,42361,98.07852999811664,86.25346066543811,116.27423084140666,83.96687799727613
exog-future+L720,7,4,42385,98.18476601423018,84.60066890088281,104.90648869490322,84.47042748999563
exog-future+L720,7,4,42409,96.01196238625062,85.21077925160183,94.3447372073476,85.01320960390201
exog-future+L720,7,4,42433,88.78738862692371,77.59275402092962,85.67210644425423,77.29671663881362
exog-future+L720,7,4,42457,90.04023979701851,79.84693132348983,97.33320219366908,79.09965637865642
exog-future+L720,7,4,42481,89.32847795889435,76.37071603452716,104.2164917290007,75.3152343057466
exog-future+L720,7,4,42505,87.58522143184202,77.15893294893134,102.92858547724852,76.15448654855345
exog-future+L720,7,4,42529,69.25870612064341,60.27353856994044,94.64405385515263,59.19769626786061
exog-future+L720,7,4,42553,57.60101930769829,47.39102203619579,82.72214907423113,31.104001231524517
exog-future+L720,7,4,42577,60.642884571667096,47.40278277129068,84.82357921187426,15.401691450316791
exog-future+L720,7,4,42601,58.03820127181368,41.844766776838206,85.7554172389068,6.098222370349498
exog-future+L720,7,4,42625,51.04030270363553,36.94273411001679,77.04975594539488,2.2843786122981946
exog-future+L720,7,4,42649,71.31801816091183,53.506653656056045,58.332176511515165,-15.051995666735124
exog-future+L720,7,4,42673,82.69029548757136,66.02387587161631,59.07821091087927,-34.93627092090659
exog-future+L720,7,4,42697,93.58663652004262,75.95796004091642,58.58830567713808,-47.80215395248211
exog-future+L720,7,4,42721,87.3437543411899,69.79762772480933,63.79365535038001,-35.73530497975124
exog-future+L720,7,4,42745,79.28095804005156,61.6949036084876,53.247865980729394,-24.64229068557316
exog-future+L720,7,4,42769,84.38403918471717,67.31123239747005,49.22942036339845,-27.659946851250123
exog-future+L720,7,4,42793,87.55559870687281,67.44794381288592,45.19636586831837,-36.31487812719281
exog-future+L720,7,4,42817,105.51545499975327,83.28951708129787,55.863232833487686,-31.70625690869752
exog-future+L720,7,4,42841,97.46340191943064,72.03505385565511,62.363576621111214,-9.038694592612789
exog-future+L720,7,4,42865,83.51556303175308,61.01230069245784,53.945123498989766,2.809781081942788
exog-future+L720,7,4,42889,94.99051923919588,69.97691817176771,48.61096670538142,-27.22919595259343
exog-future+L720,7,4,42913,83.4491252805792,59.64646912234865,53.25274406150919,-32.22126912743791
exog-future+L720,7,4,42937,92.59628388133464,59.61834927398421,75.61843271280321,-43.68118528743668
exog-future+L720,7,4,42961,82.6516570674845,53.927573150040494,79.1266144815433,-39.07266790520521
exog-future+L720,7,4,42985,71.97613674198115,47.58394473737377,74.66589420613671,-16.670145014785312
exog-future+L720,7,4,43009,61.88682338933212,42.4572790630164,75.21932179191472,-9.380011068961856
exog-future+L720,7,4,43033,58.72840437304591,39.64080319690548,79.20760183720571,-10.376227347666786
exog-future+L720,7,4,43057,44.03074457396208,33.01847576805214,85.64731727482709,16.39149477556069
exog-future+L720,7,4,43081,41.9894638208082,31.5691225584935,73.73764217612462,27.70566459872721
exog-future+L720,7,4,43105,42.25437024856674,33.457148818386955,73.59381578304892,30.583779793391376
exog-future+L720,7,4,43129,65.44431912825614,47.36821736229535,73.66398494370866,12.73890988374488
exog-future+L720,7,4,43153,77.80181226367525,55.18885795090654,72.71646565111325,-1.22409594015623
exog-future+L720,7,4,43177,77.3928299528605,52.65443159040389,60.909243488563845,-5.946030217857095
exog-future+L720,7,4,43201,78.12776967776311,53.89392214730095,63.08780186763224,-2.798733012324297
exog-future+L720,7,4,43225,88.98564701814293,64.27891049443076,70.97104133388102,9.50213480686567
exog-future+L720,7,4,43249,88.93555713680209,62.82278399816003,65.6837919148464,3.37471863527698
exog-future+L720,7,4,43273,107.10506393343434,82.92748821742511,90.210522954258,-3.54052082221371
exog-future+L720,7,4,43297,72.15169523016668,55.71640229116896,88.64648750713128,28.628480416396776
exog-future+L720,7,4,43321,68.60983060643774,53.43669314041544,88.00175074073525,38.10336636428955
exog-future+L720,7,4,43345,70.07400881086856,56.09447913324024,82.29503142975003,33.06615849316648
exog-future+L720,7,4,43369,68.7497198846446,56.52975732472931,79.13608740454737,28.660163349887466
exog-future+L720,7,4,43393,54.97048010262345,44.10373852336162,76.08036336499741,13.309832775324509
exog-future+L720,7,4,43417,55.31789043556131,44.5930112985728,87.11434675826575,15.358796550693716
exog-future+L720,7,4,43441,55.87929917142287,47.0043068061009,81.7017760419843,28.206191200155835
exog-future+L720,7,4,43465,54.035253061258686,44.44005215499739,68.33471533955742,14.867849451567889
exog-future+L720,7,4,43489,48.32011241108315,38.9604911393254,70.6250821372814,16.12899931469135
exog-future+L720,8,4,41641,84.70470493131425,51.827378723051964,45.56437818232688,-19.801853822827077
exog-future+L720,8,4,41665,130.03875886820728,85.31174920442939,54.40035071298885,-58.651616313796445
exog-future+L720,8,4,41689,151.51026607047956,110.499526528844,65.16616304094104,-86.3924198981994
exog-future+L720,8,4,41713,157.72899929293055,125.88010753977396,78.08089915378828,-103.56179898983316
exog-future+L720,8,4,41737,158.97938126237926,125.35362830502812,99.75205857661769,-117.72198428944178
exog-future+L720,8,4,41761,156.1342896083422,118.14843977784685,99.76219923862236,-114.79936090182314
exog-future+L720,8,4,41785,154.0690165449913,116.8187634828953,109.35075748666546,-99.21307143544315
exog-future+L720,8,4,41809,131.09224007270296,91.3237720439454,104.27491579307647,-66.55063642794431
exog-future+L720,8,4,41833,91.52222398153694,68.31953078885974,104.68858687705676,-10.899015859407134
exog-future+L720,8,4,41857,62.89603652217696,49.96945719622757,97.12517402211084,23.697253714180484
exog-future+L720,8,4,41881,59.78916849182535,47.39929499181366,94.36614658907224,24.452084405882747
exog-future+L720,8,4,41905,85.2255100021027,64.21861326358066,74.42076707743924,4.649970177648743
exog-future+L720,8,4,41929,89.84757204847872,70.94448541135691,61.05674497256922,-8.231051870929898
exog-future+L720,8,4,41953,85.99358383604313,66.84132626098331,58.34283057830001,-10.791507629763364
exog-future+L720,8,4,41977,90.76687472228568,73.27984937978809,55.45446025943646,-4.938135760132086
exog-future+L720,8,4,42001,89.85348102514064,70.34132554931873,46.78827105920075,-8.32343853787437
exog-future+L720,8,4,42025,97.32805035688877,77.23028521319755,47.59296202663051,-24.336234583219145
exog-future+L720,8,4,42049,117.83291771518354,94.50312795740862,52.506406717948174,-39.91676015837315
exog-future+L720,8,4,42073,109.6819378223928,86.75250452525712,66.60726926174283,-23.457791307398264
exog-future+L720,8,4,42097,107.04327881820032,82.87493261809121,74.91007770692642,-9.84445436200598
exog-future+L720,8,4,42121,109.6610436366642,84.83391018150647,72.89608958741431,-10.120590952411687
exog-future+L720,8,4,42145,102.85622663158402,76.90188429709545,71.61889330690731,-22.0314464088899
exog-future+L720,8,4,42169,100.37140378136787,72.0482824403968,68.15105568579152,-28.59126331320416
exog-future+L720,8,4,42193,91.99667427356466,65.51364167607339,66.5709609589876,-14.024665464851942
exog-future+L720,8,4,42217,64.3671670773828,52.531122424108574,63.576453269008425,36.42347340036048
exog-future+L720,8,4,42241,56.740993352073815,45.08450471447722,64.26859421868889,38.58991961022688
exog-future+L720,8,4,42265,69.61996473949407,59.0706222224802,77.34863586921821,53.9298524606379
exog-future+L720,8,4,42289,61.92121792018653,52.00263013352783,69.89574456659896,49.239891948964754
exog-future+L720,8,4,42313,65.00648305658432,53.97611932091314,79.74852670459191,40.72370354342742
exog-future+L720,8,4,42337,82.56109382973197,64.55801114555918,97.03125344526882,61.86145877391147
exog-future+L720,8,4,42361,97.92283946471083,86.09451609813182,116.18768023665687,83.79071326201563
exog-future+L720,8,4,42385,98.10339185288446,84.50895216186476,104.8694352737172,84.37045690137344
exog-future+L720,8,4,42409,95.89838591911337,85.08450406128433,94.35315958471767,84.87536599973745
exog-future+L720,8,4,42433,88.6848986086243,77.47200988201251,85.6094816191741,77.17193837791694
exog-future+L720,8,4,42457,89.9237309079193,79.71930349272697,97.3048129924912,78.9692273963325
exog-future+L720,8,4,42481,89.36289255782457,76.609117756003,104.54927857136649,75.56321616345083
exog-future+L720,8,4,42505,87.48927405770984,77.06038451812249,102.88635886590254,76.05264554361963
exog-future+L720,8,4,42529,69.17320565657228,60.18361866218377,94.57200821782654,59.10669261378718
exog-future+L720,8,4,42553,57.54040404312486,47.31697882384025,82.69860752601303,30.99659500520953
exog-future+L720,8,4,42577,60.61176653657795,47.34583383204073,84.75925501663694,15.299984107812994
exog-future+L720,8,4,42601,57.72357449724866,41.47650524632106,84.63879945060808,6.000190032067592
exog-future+L720,8,4,42625,51.04626535646067,36.898345331893815,77.08382554448241,2.150869079671383
exog-future+L720,8,4,42649,71.33958000732237,53.48458217210396,58.42955169063146,-15.183036783770524
exog-future+L720,8,4,42673,82.70607628083152,66.00505131670255,59.05506124692528,-35.02544739941412
exog-future+L720,8,4,42697,93.64583831264436,75.97622654795443,58.6288902211495,-47.9360213878237
exog-future+L720,8,4,42721,87.37451658114487,69.78417048914453,63.80809556698456,-35.85601848233777
exog-future+L720,8,4,42745,79.30465558336122,61.67512681683428,53.27008677118529,-24.7752451196298
exog-future+L720,8,4,42769,84.40900388784632,67.28376276992587,49.199568162400936,-27.810172399604404
exog-future+L720,8,4,42793,87.48518992909813,67.07839744026352,45.08201830516089,-36.76841132901935
exog-future+L720,8,4,42817,105.51512893943396,83.2513699358705,55.82465869778648,-31.83354234967945
exog-future+L720,8,4,42841,97.46087404831684,71.98601436165633,62.346645054623295,-9.188891537423707
exog-future+L720,8,4,42865,88.74862912627108,67.07443349599397,59.14577874219829,3.4717628684075628
exog-future+L720,8,4,42889,94.95959712019555,69.91784886914158,48.51633683785474,-27.33428983139166
exog-future+L720,8,4,42913,83.49290539483646,59.63744971174607,53.21938608959347,-32.37489004758004
exog-future+L720,8,4,42937,92.66652537462252,59.661371630991006,75.7981919401483,-43.79261281763426
exog-future+L720,8,4,42961,82.71908223434677,53.96172725571701,79.27771547667612,-39.1894060658676
exog-future+L720,8,4,42985,72.0097361029433,47.56975272123624,74.70262509236713,-16.79784639481919
exog-future+L720,8,4,43009,61.90671922678451,42.42077327796325,75.20878010047906,-9.506991209357809
exog-future+L720,8,4,43033,58.73950896004629,39.59852059666965,79.18171673874814,-10.5126504155542
exog-future+L720,8,4,43057,43.9547665596829,32.9194285190708,85.48410336897835,16.24422059308809
exog-future+L720,8,4,43081,41.86625523105009,31.44009099244127,73.5919032855696,27.53280381721685
exog-future+L720,8,4,43105,42.12933113929878,33.311433455481335,73.37700335865671,30.399659408914204
exog-future+L720,8,4,43129,65.40195609353245,47.27465741909272,73.55886503405644,12.573899513668142
exog-future+L720,8,4,43153,77.83257619205662,55.14616905277587,72.66358118262627,-1.4118232652430016
exog-future+L720,8,4,43177,77.42190540721349,52.6078997813757,60.79743668217804,-6.142835029491994
exog-future+L720,8,4,43201,78.16595219658421,53.853460086702256,62.94816910123605,-2.951165096453075
exog-future+L720,8,4,43225,88.97677881550487,64.20860433943734,70.81823244763615,9.326408942191382
exog-future+L720,8,4,43249,88.93177572203605,62.765855890399614,65.59981612427715,3.191765724597693
exog-future+L720,8,4,43273,107.33706709668128,83.11994747864385,90.42754368181882,-4.172463732950139
exog-future+L720,8,4,43297,72.08844368371564,55.61468431426928,88.5154862629421,28.48204104791643
exog-future+L720,8,4,43321,68.51215697208583,53.32146295845976,87.8543890246348,37.94915585385832
exog-future+L720,8,4,43345,70.00991246951813,56.04100437758431,82.25462613421054,32.93467688553877
exog-future+L720,8,4,43369,68.69929166467283,56.478250397445336,79.07526706612322,28.515245813153754
exog-future+L720,8,4,43393,54.62263354099325,43.74936477508857,75.71020539352678,13.207458231815858
exog-future+L720,8,4,43417,55.30395145068945,44.56129805567974,87.04375338877148,15.248574566922136
exog-future+L720,8,4,43441,55.821554952374015,46.96156270523797,81.65606320159927,28.09241987593649
exog-future+L720,8,4,43465,53.993715249300166,44.39894219233772,68.30699971361747,14.735540348797578
exog-future+L720,8,4,43489,48.27972172366806,38.92234251403285,70.58879080923039,16.00388925467941
exog-future+L720,9,4,41641,84.6940419476798,51.82326356565621,45.5483763508194,-19.760436279646463
exog-future+L720,9,4,41665,130.01152471506612,85.30025587036098,54.39153536373378,-58.61642739692007
exog-future+L720,9,4,41689,151.48299773441622,110.49172923870252,65.15788448586794,-86.35389437997749
exog-future+L720,9,4,41713,157.67218152926654,125.82919523622752,78.03608434746384,-103.52713603526992
exog-future+L720,9,4,41737,158.91857283976088,125.30470310693242,99.74936932558494,-117.66965724549702
exog-future+L720,9,4,41761,156.10002610060886,118.1172610857009,99.81393792344105,-114.77267061647936
exog-future+L720,9,4,41785,154.04326372429497,116.80525940718891,109.35172978541227,-99.18972452664832
exog-future+L720,9,4,41809,131.07584937264508,91.30848955436,104.27865392754552,-66.5308620967462
exog-future+L720,9,4,41833,91.51164567703891,68.32290494552471,104.70099895338387,-10.875734765596544
exog-future+L720,9,4,41857,62.80157467420232,49.93540080349322,97.008414796764,23.982550456465496
exog-future+L720,9,4,41881,59.78900833255283,47.40543322475889,94.3727759774438,24.469948922817064
exog-future+L720,9,4,41905,85.21571133343602,64.2214777762639,74.46867834924595,4.677564880596735
exog-future+L720,9,4,41929,89.83466399696903,70.94067020256378,61.058602116648686,-8.204676001936518
exog-future+L720,9,4,41953,85.97084570955116,66.82406709759383,58.33084927161016,-10.771963418941567
exog-future+L720,9,4,41977,90.75464586821256,73.27922716923496,55.45605516097131,-4.915580314761309
exog-future+L720,9,4,42001,89.83553801155985,70.32921083159604,46.77937959253825,-8.301947864871558
exog-future+L720,9,4,42025,97.29835965304252,77.20960458896484,47.57952790186777,-24.31297498082696
exog-future+L720,9,4,42049,117.80201171668482,94.48259065302884,52.49334475147575,-39.89093079694825
exog-future+L720,9,4,42073,109.65368802566002,86.73200031670756,66.58591766154723,-23.43910852637454
exog-future+L720,9,4,42097,107.02973947058572,82.86332476350542,74.8977233676238,-9.826392355395
exog-future+L720,9,4,42121,109.65492346676832,84.82843274010636,72.89255130027472,-10.08847677829906
exog-future+L720,9,4,42145,102.834840393595,76.89624892597142,71.61814866770064,-22.01213074415628
exog-future+L720,9,4,42169,100.3524216562835,72.04689682035362,68.1759356178474,-28.568218207571125
exog-future+L720,9,4,42193,91.97522922559676,65.5002912832897,66.56300265611813,-14.008913217226493
exog-future+L720,9,4,42217,64.32609880811366,52.49308400594294,63.54204771107449,36.399303029542594
exog-future+L720,9,4,42241,56.714494464046496,45.06524974332199,64.24936831056657,38.58299382771289
exog-future+L720,9,4,42265,69.60420018586733,59.06054552213016,77.33576161543996,53.92862440457492
exog-future+L720,9,4,42289,61.905241640303714,52.0004755929922,69.88477283631204,49.239118297656944
exog-future+L720,9,4,42313,64.96458742701961,53.94022617247519,79.7192628333,40.71491286256122
exog-future+L720,9,4,42337,82.56601822272131,64.57269473777137,97.03781184397326,61.87297368984032
exog-future+L720,9,4,42361,97.89287404561756,86.06079699291652,116.16246754477962,83.75619925260261
exog-future+L720,9,4,42385,96.91921031465692,84.59259671995584,106.59718182635108,84.09756957642884
exog-future+L720,9,4,42409,95.88699657185772,85.07239895029724,94.37796038404,84.86301638112965
exog-future+L720,9,4,42433,88.68054856824932,77.46793242735433,85.58778039297643,77.167129945369
exog-future+L720,9,4,42457,89.80373775261376,79.73599063792425,97.1699688826736,78.9899425565113
exog-future+L720,9,4,42481,89.36016307244017,76.61200933358768,104.59108808650532,75.56012643924221
exog-future+L720,9,4,42505,87.48957265307111,77.05363528049459,102.85598985646922,76.04648963769985
exog-future+L720,9,4,42529,69.17231408386738,60.18471610798773,94.60921150223888,59.1071449512953
exog-future+L720,9,4,42553,57.54089335011541,47.31987723241809,82.757625056934,30.996243701419537
exog-future+L720,9,4,42577,60.61621870150723,47.34689452457737,84.74041808487772,15.297689761744431
exog-future+L720,9,4,42601,57.72717370084457,41.469437639478194,84.6324340618069,5.987606417740658
exog-future+L720,9,4,42625,51.04665182082674,36.88600263061269,77.00939946956238,2.1374519028814443
exog-future+L720,9,4,42649,71.33447734359314,53.47503759903508,58.3906061120813,-15.187811629517062
exog-future+L720,9,4,42673,82.69495857776329,65.99327772530512,59.031401101981885,-35.0194395891352
exog-future+L720,9,4,42697,93.65338754074902,75.98238642214376,58.6366132362572,-47.94981250699508
exog-future+L720,9,4,42721,87.37644513870613,69.7807472910187,63.80521821209353,-35.87168406063051
exog-future+L720,9,4,42745,79.30206078623478,61.66887326131956,53.26568896794183,-24.784977374878263
exog-future+L720,9,4,42769,84.41206777614056,67.28654132063325,49.20181498410947,-27.818651685481296
exog-future+L720,9,4,42793,87.48192972265628,67.07924477302687,45.084803262911,-36.77460731369139
exog-future+L720,9,4,42817,105.50771058383448,83.24135904354758,55.81900885514911,-31.836894368911302
exog-future+L720,9,4,42841,97.4402254535862,71.97072145732,62.361802949909816,-9.196958109352826
exog-future+L720,9,4,42865,88.70624447250599,67.02670645043753,59.10482579499159,3.460631868084848
exog-future+L720,9,4,42889,94.91980348267258,69.87630353630155,48.48281762436337,-27.331055428578445
exog-future+L720,9,4,42913,83.4724501768778,59.61860211845715,53.22550095479114,-32.38701212291326
exog-future+L720,9,4,42937,92.64738874971069,59.64289008851698,75.76268392481059,-43.79759689064771
exog-future+L720,9,4,42961,82.71989185235117,53.95570175730701,79.19651731566952,-39.202425061059
exog-future+L720,9,4,42985,71.98393640511337,47.5457176229158,74.69524995607556,-16.79997661737361
exog-future+L720,9,4,43009,61.88131542609731,42.39534262389346,75.20189235764072,-9.518176082337504
exog-future+L720,9,4,43033,58.71616598825918,39.57412607166971,79.12770565654819,-10.52704165927829
exog-future+L720,9,4,43057,43.93122339360129,32.89628184799985,85.43547510581591,16.227295890394444
exog-future+L720,9,4,43081,41.83427028976826,31.41449941610867,73.57082209884129,27.51261817143821
exog-future+L720,9,4,43105,42.09593502871921,33.28224110947038,73.34449682501925,30.37143782621758
exog-future+L720,9,4,43129,65.37664520372653,47.247248157150224,73.4972490263105,12.544399064361258
exog-future+L720,9,4,43153,77.83828756431905,55.137731758848616,72.666535357614,-1.4395479662268449
exog-future+L720,9,4,43177,77.4278670160965,52.602896009883125,60.7746577716514,-6.174825963876439
exog-future+L720,9,4,43201,78.16340005730939,53.83212775587892,62.90443975504694,-2.982451460366703
exog-future+L720,9,4,43225,88.97147468095133,64.18928737472336,70.77263493759428,9.292904516607068
exog-future+L720,9,4,43249,88.91862755317956,62.73318839972353,65.5503021926602,3.153683247235368
exog-future+L720,9,4,43273,107.32439198310183,83.0945375387871,90.39922510285488,-4.211818430922227
exog-future+L720,9,4,43297,72.0788943849018,55.59628755277729,88.47874195934938,28.458388740142667
exog-future+L720,9,4,43321,68.49579226524519,53.30419324888021,87.82829323016618,37.92436187386548
exog-future+L720,9,4,43345,69.98837607080925,56.02352233315866,82.23264253455801,32.908453232517715
exog-future+L720,9,4,43369,68.50057447373166,56.245737806819456,78.79425318990715,28.285788693182184
exog-future+L720,9,4,43393,54.60077277173082,43.72755122493048,75.68719979577342,13.180008094038364
exog-future+L720,9,4,43417,55.28445511418559,44.53795640817778,87.00191307135096,15.226310893347096
exog-future+L720,9,4,43441,55.79407223170359,46.93598207040674,81.61969207693551,28.06494801218756
exog-future+L720,9,4,43465,53.987083290536255,44.396407922371246,68.29528424305369,14.708547914425724
exog-future+L720,9,4,43489,48.26413022201441,38.910569404910255,70.56671752307186,15.979184251037177
exog-future+L720,10,4,41641,84.68576864281758,51.82207598788072,45.54793362003745,-19.75680796688271
exog-future+L720,10,4,41665,130.0087799261111,85.29798386248703,54.384123389670606,-58.61473637292856
exog-future+L720,10,4,41689,151.4749765468674,110.4882033341774,65.15622704073328,-86.3452197899414
exog-future+L720,10,4,41713,157.65351351771264,125.81140515807677,78.0212618896341,-103.51951464201214
exog-future+L720,10,4,41737,158.89848685213252,125.2882921032051,99.75397789060766,-117.65698468314474
exog-future+L720,10,4,41761,156.08767926997558,118.10535579203116,99.82452187938097,-114.76779140258498
exog-future+L720,10,4,41785,154.03553086749633,116.79936488279394,109.34050140299937,-99.1838099102022
exog-future+L720,10,4,41809,131.06968466962277,91.30703930899354,104.27136295873846,-66.52751371308634
exog-future+L720,10,4,41833,91.5127362160269,68.32193506874131,104.69495379159272,-10.874923383054542
exog-future+L720,10,4,41857,62.80686757653415,49.93599180557292,96.971104083035,23.983101528873267
exog-future+L720,10,4,41881,59.7861169829426,47.40570494450667,94.38000617769434,24.4727736608719
exog-future+L720,10,4,41905,85.21537794769311,64.222921935178,74.46065518864528,4.680953253560666
exog-future+L720,10,4,41929,89.83506705661853,70.94223110527972,61.05686399720046,-8.204106336231694
exog-future+L720,10,4,41953,85.96575890723472,66.82036845867549,58.32748454861694,-10.774398874498896
exog-future+L720,10,4,41977,90.74962649849388,73.27260139197412,55.44841999051601,-4.914692253255525
exog-future+L720,10,4,42001,89.83073045336091,70.32505549009795,46.775127167501005,-8.301294646606504
exog-future+L720,10,4,42025,97.2938258511907,77.20206327966524,47.57272101436452,-24.31421077316449
exog-future+L720,10,4,42049,117.79789322527536,94.47757892661058,52.48905068970574,-39.890150446964896
exog-future+L720,10,4,42073,109.64667162719098,86.7250993451337,66.57911063092955,-23.438402426339675
exog-future+L720,10,4,42097,107.0234015390862,82.85747517390548,74.89822702580815,-9.83172678702924
exog-future+L720,10,4,42121,109.6531012359363,84.83179643729633,72.90199400276278,-10.085357461514594
exog-future+L720,10,4,42145,102.83733519294276,76.89423157908156,71.60500560340385,-22.007831760791785
exog-future+L720,10,4,42169,100.34997702695624,72.03935910885899,68.1676491660947,-28.565559652326524
exog-future+L720,10,4,42193,91.9784105475721,65.50081312402904,66.55021144232184,-14.003867222212849
exog-future+L720,10,4,42217,64.30715813148683,52.47310912395233,63.523088066175816,36.38054928628829
exog-future+L720,10,4,42241,56.69337429160422,45.048400499121264,64.23127915396788,38.56802275696962
exog-future+L720,10,4,42265,69.59007774788232,59.0447160429499,77.32581959251773,53.91656787389358
exog-future+L720,10,4,42289,61.88701144683976,51.98287677296089,69.87238162232966,49.227704012929365
exog-future+L720,10,4,42313,64.94533656505641,53.923669296639936,79.70782955523885,40.70254912704133
exog-future+L720,10,4,42337,82.57004803705922,64.5678698149527,97.01956262549557,61.87504179559627
exog-future+L720,10,4,42361,97.87885292831218,86.0470920791896,116.1626057449266,83.73820756817071
exog-future+L720,10,4,42385,96.9166374496911,84.58998386677301,106.59970040172328,84.0924789527317
exog-future+L720,10,4,42409,95.88571762315466,85.06903192563462,94.37561822729508,84.85864143041142
exog-future+L720,10,4,42433,88.68531646079498,77.4695480127303,85.59320414581086,77.16888126936689
exog-future+L720,10,4,42457,89.80236266083938,79.73092585481527,97.16363855287167,78.98538370826576
exog-future+L720,10,4,42481,89.36134187639519,76.61074180665625,104.5718976031537,75.56148154191465
exog-future+L720,10,4,42505,87.49036653929602,77.05992421177453,102.87756897022724,76.0525278278141
exog-future+L720,10,4,42529,69.17684338927398,60.1900966471822,94.6069585626506,59.11269455949493
exog-future+L720,10,4,42553,57.538389992695976,47.32048351622407,82.73034692916616,31.00022131532769
exog-future+L720,10,4,42577,60.61045741713134,47.34158133788209,84.72646419894599,15.300386592863324
exog-future+L720,10,4,42601,57.71940717834941,41.46675450610724,84.61530483019189,5.994074537846092
exog-future+L720,10,4,42625,51.04546489333039,36.88553515399845,77.02650267335999,2.135323552278856
exog-future+L720,10,4,42649,71.32743568788857,53.47339243612435,58.43373861042633,-15.186570327171042
exog-future+L720,10,4,42673,82.68593545346977,65.989522406299,59.0394124787912,-35.00912385713293
exog-future+L720,10,4,42697,93.64982596537465,75.97654506401351,58.63340717425073,-47.95102626898886
exog-future+L720,10,4,42721,87.36869218636157,69.77407899803937,63.81035180015122,-35.87219008096666
exog-future+L720,10,4,42745,79.29710288129074,61.666942245847046,53.26658686889277,-24.78189985623903
exog-future+L720,10,4,42769,84.40474150623861,67.2786748930043,49.19194638615381,-27.821994734053572
exog-future+L720,10,4,42793,87.47891736448051,67.07659089592259,45.07091222195098,-36.77534624220578
exog-future+L720,10,4,42817,105.49940309971078,83.23442479029002,55.813543584274136,-31.834708782896737
exog-future+L720,10,4,42841,97.897203442305,72.25761530336112,62.262374354575165,-9.48104814026457
exog-future+L720,10,4,42865,88.69511388552738,67.01551833048853,59.08850017919177,3.4601458463761867
exog-future+L720,10,4,42889,94.91321740510791,69.87272566436589,48.47293441235903,-27.323622776964363
exog-future+L720,10,4,42913,83.47870479328361,59.61716173462056,53.21053237681204,-32.39333769054788
exog-future+L720,10,4,42937,92.66108833602696,59.65491157538528,75.76488682265517,-43.79829972284204
exog-future+L720,10,4,42961,82.724614933729,53.95684516755411,79.2003450579367,-39.20237937489912
exog-future+L720,10,4,42985,71.99118463473994,47.55284080367052,74.70723268760932,-16.802811429282368
exog-future+L720,10,4,43009,61.88984955973864,42.404626660226015,75.21747222289288,-9.51614664404014
exog-future+L720,10,4,43033,58.723334877946456,39.584815237689526,79.19219493106144,-10.523336083155929
exog-future+L720,10,4,43057,43.93560211269752,32.90488765436575,85.4779573203434,16.23179018089978
exog-future+L720,10,4,43081,41.843793610693965,31.422606427564407,73.60581787885889,27.514213625008264
exog-future+L720,10,4,43105,42.10627238175642,33.28753122747751,73.35787819973658,30.37158563537577
exog-future+L720,10,4,43129,65.38321241830228,47.25162052380965,73.5198893801584,12.54722020063566
exog-future+L720,10,4,43153,77.8424048036089,55.14251829447969,72.66818598073789,-1.4403455896495203
exog-future+L720,10,4,43177,77.4300982263598,52.60484121183853,60.78468193050066,-6.178582980658895
exog-future+L720,10,4,43201,78.17118227609194,53.84105396764844,62.91808048654461,-2.9781310631055637
exog-future+L720,10,4,43225,88.97255854966153,64.19153955093978,70.77794058207094,9.290839680679383
exog-future+L720,10,4,43249,88.92090723850595,62.74042195358127,65.56639808242848,3.1532460264713302
exog-future+L720,10,4,43273,107.30434765386336,83.0780406608221,90.39350171541612,-4.214538641810198
exog-future+L720,10,4,43297,72.07685897884832,55.59550010657088,88.48949631636329,28.4557580410521
exog-future+L720,10,4,43321,68.49260643965101,53.30263039445446,87.82936553930887,37.922691792925264
exog-future+L720,10,4,43345,70.34271731819962,56.446250374504416,82.93505270779785,33.51578075874714
exog-future+L720,10,4,43369,69.28404442245433,56.55777992793996,79.13377980133285,29.367210267387627
exog-future+L720,10,4,43393,54.60836254835896,43.73437222584719,75.69293408457283,13.177885222137402
exog-future+L720,10,4,43417,55.29219855729629,44.54835180671338,87.01908898752644,15.225862467954942
exog-future+L720,10,4,43441,55.796105821051626,46.94350036568095,81.64116156582512,28.064039651905905
exog-future+L720,10,4,43465,53.98066353524137,44.39330129927878,68.31038050206828,14.705204329164294
exog-future+L720,10,4,43489,48.261233262286304,38.91034648014388,70.57626438051796,15.977298186261644
