arm,epoch,seed,origin,rmse,mae,smape,bias
exog-none,1,0,41641,104.8983818673992,71.15481525230845,67.02048074668936,-33.67113046101926
exog-none,1,0,41665,153.78638784518515,107.91744980700972,77.6999336426381,-77.09815984101584
exog-none,1,0,41689,176.21470254344032,133.91326666643732,87.23908200903801,-104.3000325887163
exog-none,1,0,41713,187.69600908035875,153.0204681390743,101.38142926097682,-126.62560507685971
exog-none,1,0,41737,190.98928019629287,155.39172174355895,109.74508967158629,-126.45127468508817
exog-none,1,0,41761,195.9554560660728,164.7131661881208,126.89027724450628,-128.24362709630216
exog-none,1,0,41785,189.68164203160825,152.4841425244785,119.64948528511124,-107.07081140841449
exog-none,1,0,41809,156.50207953545657,128.65388930095096,116.36514214464886,-50.33731704357575
exog-none,1,0,41833,115.57873577595744,103.245375986761,114.1516597482684,14.865878849851548
exog-none,1,0,41857,93.18776055913077,85.2841157280661,106.46308685304967,59.40315601047661
exog-none,1,0,41881,99.13999549819444,89.77965914421756,105.52634977262518,67.12491954092566
exog-none,1,0,41905,108.09577412684256,90.90793831528865,88.27862958022389,23.16773267192414
exog-none,1,0,41929,111.68458040750316,92.27132344901136,74.0719087184455,-4.845010166346198
exog-none,1,0,41953,110.0710638642008,91.5617498072367,73.71126863546132,-4.166384954746366
exog-none,1,0,41977,99.57097603638796,77.42052292738643,58.794833277706296,-14.998941823792068
exog-none,1,0,42001,99.3737098378396,72.68918639556341,48.97940791219696,-29.596165172338644
exog-none,1,0,42025,112.40658206122424,85.92689537606852,53.613407998043336,-49.03417263343173
exog-none,1,0,42049,128.65789806089634,101.48272656693486,57.0958608917134,-63.15335654372424
exog-none,1,0,42073,125.54509434028571,102.82943017269235,69.4705202963115,-22.636560372211143
exog-none,1,0,42097,128.45039961951346,111.77399444855386,83.45587827093317,17.337017653739778
exog-none,1,0,42121,125.13667373377594,105.24440018119904,77.12053486339262,5.170918399867728
exog-none,1,0,42145,125.76745412372236,102.16133397303348,75.02650110889229,-14.85472906861642
exog-none,1,0,42169,133.8228787465993,109.84482364376431,81.5828681221892,-39.487626015745086
exog-none,1,0,42193,116.71841885061944,92.7022861273342,73.02395699988001,-29.76028167932079
exog-none,1,0,42217,89.68950685232141,78.2839677800413,79.6148557941939,25.761473317570264
exog-none,1,0,42241,89.65050426934197,78.10351122973888,83.93751930779823,45.07098274747322
exog-none,1,0,42265,90.5381857736841,78.72397383792362,85.06934837763166,47.62753672207696
exog-none,1,0,42289,89.37832946765641,76.89166316123064,81.56700110187649,39.43526691320079
exog-none,1,0,42313,96.62688804424344,82.87297239546986,91.61177733733965,54.75107688643048
exog-none,1,0,42337,117.2609717879584,102.89335449590293,113.1652364773132,91.49092014534958
exog-none,1,0,42361,128.48131789693582,119.74696112034508,127.34402699085226,113.62005147737668
exog-none,1,0,42385,114.91842047955464,107.05375373173632,116.56638180294264,100.16836718369277
exog-none,1,0,42409,88.55590153847389,80.58295497251622,94.84166413299936,70.28368078124915
exog-none,1,0,42433,72.76886100324845,65.35668087968045,80.35681780713043,49.0667517557716
exog-none,1,0,42457,81.92378925328282,73.64919894952016,93.86314449387692,65.75113835855726
exog-none,1,0,42481,85.4599833445987,79.1943542855591,105.7971387485905,73.62850261136397
exog-none,1,0,42505,74.6025862394259,67.55579756146975,94.89024954769468,63.18127334677834
exog-none,1,0,42529,65.92471785672969,57.617442808890246,90.22886102707508,48.35965624496992
exog-none,1,0,42553,67.31336010010129,57.23097387788065,89.77389279024906,17.355062586082866
exog-none,1,0,42577,83.06205293309877,68.80314601494257,100.51066843263872,8.414322865991574
exog-none,1,0,42601,84.70842916609851,72.75203676959804,110.3119888018046,19.702328377663704
exog-none,1,0,42625,77.56845315407703,63.4230308917317,95.69799063258957,10.261308475862595
exog-none,1,0,42649,120.08523932568052,84.42618917980468,83.84667853274395,-42.301294551036726
exog-none,1,0,42673,164.07828699018694,120.55862315875348,93.24357126053452,-98.76194286484356
exog-none,1,0,42697,184.05272625069296,141.8674228615355,106.26929761088554,-127.1480725310252
exog-none,1,0,42721,171.20177537711936,126.39104073842353,100.4158499860915,-99.28544179603225
exog-none,1,0,42745,161.33327765380446,118.5647884036028,91.4344160789809,-92.21103972416874
exog-none,1,0,42769,164.85706583756522,122.71991896605834,88.03291908470644,-102.51832673305526
exog-none,1,0,42793,172.29395819120046,133.68842605803945,94.35057081055194,-118.39220933843497
exog-none,1,0,42817,152.79702856184366,118.60234523658325,82.24797679300406,-95.86406481358571
exog-none,1,0,42841,121.51845381576612,92.38146976803375,77.253476415338,-36.60761189439921
exog-none,1,0,42865,110.76596589588164,83.18978921439822,71.41811129801452,-19.955747869106712
exog-none,1,0,42889,130.85426537193388,102.0652621356596,71.20054024578427,-57.59133359859638
exog-none,1,0,42913,133.2687145997833,109.59938736634685,81.32391958001173,-47.11453699112861
exog-none,1,0,42937,133.24794149104076,112.4110269351128,92.11544512072604,-35.36877367220233
exog-none,1,0,42961,130.4796479766859,110.56883624464028,96.94289854726972,-7.8856711207180865
exog-none,1,0,42985,122.6116267321118,113.3920389970318,111.48947847659142,52.2162471193916
exog-none,1,0,43009,122.4314379271686,114.46249143599678,117.80011853212292,62.45332439310822
exog-none,1,0,43033,129.51108172508145,122.94902680620768,129.15230400506837,76.5819486730092
exog-none,1,0,43057,129.84443934323886,123.23788226854916,135.11855188403547,117.45173875880056
exog-none,1,0,43081,129.50594109780883,122.4143827167429,135.08691162161978,122.34184022551078
exog-none,1,0,43105,120.42039178088451,111.98547111448856,124.15950321655676,111.93456805654984
exog-none,1,0,43129,128.4781467080164,117.6368250400976,117.06414800210683,73.21627703397354
exog-none,1,0,43153,121.20347178497282,107.52164451065966,106.82708426201484,38.85088057959869
exog-none,1,0,43177,115.0868185847915,95.85566586078632,99.66721313157922,12.37656863701769
exog-none,1,0,43201,117.12799427760362,94.76915959230917,102.24224920921708,5.705281501413936
exog-none,1,0,43225,115.3589289147741,94.44785792958062,104.7504810775354,9.270501732461836
exog-none,1,0,43249,114.39404664732994,90.14210150406146,97.82145507320398,-3.239517524179037
exog-none,1,0,43273,118.86039392509574,96.52197245984335,104.30521831418936,-4.799862877648176
exog-none,1,0,43297,97.6706281450698,86.66156269131699,116.60455761270798,46.07155197652878
exog-none,1,0,43321,78.70197858617276,68.52223061053871,106.5279958685158,39.281638821233074
exog-none,1,0,43345,80.28790945844435,68.66249977779383,96.17182819761632,16.036290925695432
exog-none,1,0,43369,80.170735559881,66.94103731213917,90.73961507087424,0.8419773068771325
exog-none,1,0,43393,84.70665301556635,69.75965849427192,104.05574120957606,-10.304171176564973
exog-none,1,0,43417,83.52623443307237,71.19367631733269,115.88834137657062,1.7694744976772607
exog-none,1,0,43441,73.36713751811183,64.20593514426632,104.01970916319664,5.124873113498733
exog-none,1,0,43465,74.70914773202415,62.20649890188584,90.7469129780315,-12.20935024093969
exog-none,1,0,43489,72.81523086475981,61.83822799679235,98.33276890574292,7.080426379094585
exog-none,2,0,41641,104.16768211092138,70.67397758183716,66.44233877019003,-32.60259614867449
exog-none,2,0,41665,154.37663074009765,108.18021392227072,77.6923880713948,-75.83282982683737
exog-none,2,0,41689,175.52475569322905,133.69529841048666,86.93950947528974,-102.6625526334547
exog-none,2,0,41713,186.89369579089453,152.5731762320481,100.81219449407098,-125.42863346043195
exog-none,2,0,41737,189.77417953633085,154.834959623048,110.19836166414298,-124.58981353659908
exog-none,2,0,41761,194.4033923027993,160.91520731539367,121.73285834028329,-127.13300935863576
exog-none,2,0,41785,187.38625948776036,149.60397065153046,117.94295301014976,-103.99099119171817
exog-none,2,0,41809,154.89535645100386,127.94254246386193,115.9655346435806,-49.02596601525087
exog-none,2,0,41833,115.14831889341296,103.47579168422185,114.23148971037472,16.211980572469045
exog-none,2,0,41857,95.52114209255475,87.58536465704107,107.6038974286557,60.357619143423086
exog-none,2,0,41881,102.9623417469126,93.32072313103204,106.64694032579683,70.2312517598032
exog-none,2,0,41905,108.74630446839616,92.2339040527686,88.50270052323766,24.70121563364949
exog-none,2,0,41929,111.67030809581064,92.66513745379082,74.53272566660326,-6.04128263982049
exog-none,2,0,41953,108.78000484577646,90.4936307321146,73.2538998904278,-5.317586258438583
exog-none,2,0,41977,101.39547632195467,77.93245638921282,58.38174831098437,-15.08285948469875
exog-none,2,0,42001,98.97971329081662,75.07811372687188,50.88280889872895,-29.92105771856752
exog-none,2,0,42025,106.38798427671964,82.75523338480203,51.8130532608185,-46.8067321292211
exog-none,2,0,42049,128.17227268322657,101.26439329335832,57.35173099637245,-61.918964400330296
exog-none,2,0,42073,124.05406427609834,101.72616510955298,68.83972054070483,-19.593449454083263
exog-none,2,0,42097,130.29794995526706,114.14693627345476,84.35957396665799,20.35094225565856
exog-none,2,0,42121,125.38265232933333,105.34435984444076,76.98147299249662,5.932864676575868
exog-none,2,0,42145,126.1357958253114,103.3449235345197,75.63130201071327,-12.092023794560223
exog-none,2,0,42169,133.28266686207766,109.36065420875993,80.19615132073613,-35.11398735138901
exog-none,2,0,42193,116.8059769824721,92.8328555502732,72.89301009045981,-27.77823907563845
exog-none,2,0,42217,90.96881176010656,79.67656727776482,79.98724088054978,27.326081224012043
exog-none,2,0,42241,89.7039745660918,79.00324391871136,84.58162906199443,46.56691557776854
exog-none,2,0,42265,89.67288689642207,78.80204220876107,85.50970111921227,48.33575894506095
exog-none,2,0,42289,88.99938827090986,76.92634542428381,81.71435689701285,40.55058940302441
exog-none,2,0,42313,99.91108979705474,84.94914649003132,91.62893410543616,52.87827664137443
exog-none,2,0,42337,116.0597329092988,102.80491803564728,113.44434014424634,87.72333853780995
exog-none,2,0,42361,128.778376397904,119.54919190316708,127.07363849285244,114.02234023465064
exog-none,2,0,42385,115.9112873580968,107.37749660323531,116.13988400329684,101.33672837918569
exog-none,2,0,42409,87.31277904360246,79.0618473722648,93.77812207411723,68.89672448148643
exog-none,2,0,42433,72.50104692316994,63.98731813443227,78.96008546389461,49.56789591133064
exog-none,2,0,42457,83.43620286417975,75.64626840251208,95.02958280956678,64.99250059546918
exog-none,2,0,42481,87.89319740115094,80.90756194098978,105.78410262268308,75.39542033479736
exog-none,2,0,42505,76.32416755844282,69.94827583473153,96.96397370693086,65.46703320309598
exog-none,2,0,42529,68.92237640823062,60.24854151834676,91.6579789121481,51.91422773021687
exog-none,2,0,42553,66.6529459122858,56.998277413909406,89.16842159816922,20.06343858207306
exog-none,2,0,42577,81.20459104944717,66.88506002551374,98.59058506369368,9.532661200921444
exog-none,2,0,42601,85.22360660156976,73.68889897551139,111.29466378521144,21.047300215594284
exog-none,2,0,42625,76.84904154411697,63.08894485596554,95.29473197333785,11.605641858454913
exog-none,2,0,42649,118.2832991837488,83.35733797716337,81.42029518628834,-41.28013085507713
exog-none,2,0,42673,161.99207969387962,118.7448216015986,90.84192639339037,-96.14433048970334
exog-none,2,0,42697,183.30590082458733,141.55086231720057,105.95964455912086,-124.60993418874712
exog-none,2,0,42721,169.8302156473716,123.96302804059708,97.42312456654676,-96.64427252452067
exog-none,2,0,42745,161.49236799604006,119.11753963441288,91.96506645940804,-91.74225916999347
exog-none,2,0,42769,164.76396376883466,122.32406592979628,87.66518244121373,-102.32855088540288
exog-none,2,0,42793,171.77171143531896,133.65772499194688,94.48068234871008,-117.47760019828672
exog-none,2,0,42817,152.34124502992185,118.52932087774782,82.83579097834094,-95.474501097917
exog-none,2,0,42841,121.32482596277944,92.64724960499832,77.7246030961727,-35.13092219828201
exog-none,2,0,42865,114.00699091835764,84.52756444111537,72.00739775888792,-20.35343311069076
exog-none,2,0,42889,133.71808815134253,103.51717772985953,71.90560254101817,-58.30484133896896
exog-none,2,0,42913,135.5607302794823,111.31085450565028,82.25862959072849,-46.64779570063742
exog-none,2,0,42937,136.10664259806043,114.68698292893056,93.17711677184909,-34.45901602297289
exog-none,2,0,42961,128.01940506487355,108.72586988256587,96.4274908474241,-8.202878262576807
exog-none,2,0,42985,124.6156054637248,115.38787848705752,112.0757764230176,54.741543818385786
exog-none,2,0,43009,123.22730883038037,115.70640954922386,118.7067930536062,62.07862330219133
exog-none,2,0,43033,129.01554965562434,122.5630454160006,129.0946307806147,77.38364714848782
exog-none,2,0,43057,129.69364011978615,123.04662212956156,135.08641765447828,117.35301826627536
exog-none,2,0,43081,130.31622693873928,123.02305335027866,135.21526734019744,122.91171073090644
exog-none,2,0,43105,120.62145814579908,111.6947182230842,123.82697642535167,111.5365200180773
exog-none,2,0,43129,123.5309553101196,113.69253602904406,115.73405145372855,72.07351394651879
exog-none,2,0,43153,120.43327932365624,107.35497676308474,106.7050654378826,40.39618194104673
exog-none,2,0,43177,115.80550595810342,97.25111568762377,100.14061212401312,14.814443796699903
exog-none,2,0,43201,117.98839205897082,96.13534697353096,103.1341687137213,6.083901485490119
exog-none,2,0,43225,113.857323690743,93.78344300021428,104.4927266787302,9.6600788723161
exog-none,2,0,43249,113.3084940290674,88.41282744431892,95.7733430166848,-2.7959423895561355
exog-none,2,0,43273,120.49286764856524,98.1246686521397,105.46066404669448,-3.840534566222153
exog-none,2,0,43297,96.90421652441522,86.98328463112416,116.57375371964892,48.20904540955522
exog-none,2,0,43321,79.74078194116228,70.2795803450903,107.75381504601856,41.47962851690056
exog-none,2,0,43345,80.80860160603558,69.24457201349075,96.16757447993142,18.033320468229924
exog-none,2,0,43369,83.04750822065029,71.2651536615227,94.215527651657,5.549708775626203
exog-none,2,0,43393,84.92989367379728,70.32044757592045,104.10990563329212,-8.107999855258447
exog-none,2,0,43417,84.86267186914577,72.30053759693962,116.1190839479738,2.8924268356003604
exog-none,2,0,43441,73.55372926561836,63.38468847066092,102.68611218281065,5.804765013609513
exog-none,2,0,43465,74.36224856465128,61.72902179455265,90.16289069477224,-12.157952315219829
exog-none,2,0,43489,73.44687577909515,61.045270007752734,97.63447826602626,9.91963479359146
exog-none,3,0,41641,104.12424440529728,70.40853985509872,66.03969710848028,-32.33857239592596
exog-none,3,0,41665,154.13903493853442,107.80677464709343,77.12904443222642,-75.29600675821204
exog-none,3,0,41689,175.02311066671956,132.65392622539736,85.73046803617311,-102.6707676764586
exog-none,3,0,41713,185.7274579506136,151.04071858421494,98.9969497754672,-123.39703073950076
exog-none,3,0,41737,188.56673154720048,153.9617234709432,109.29592681528572,-124.15122420332744
exog-none,3,0,41761,194.79053400216844,160.41581119382946,120.5311748554573,-126.09148724672504
exog-none,3,0,41785,186.45844898624784,149.5057625709115,117.81898570434365,-104.05844532492046
exog-none,3,0,41809,154.54744334483075,128.16968323649184,116.03656658787996,-49.01055734309181
exog-none,3,0,41833,116.62072491456072,104.39074008247049,115.00389095176897,14.806460796684313
exog-none,3,0,41857,97.23928618268744,89.46647032162372,109.16296506934071,59.07985641128074
exog-none,3,0,41881,105.50748068709638,94.91383258503856,106.86384110437974,70.70263554651154
exog-none,3,0,41905,110.59150381004936,94.34496276585598,89.78519975098067,24.915893308728677
exog-none,3,0,41929,111.94923735905046,92.5214718935538,74.55419603758416,-7.7502828551518546
exog-none,3,0,41953,108.48485979087762,90.42411109027836,73.70415711958829,-6.911254983291428
exog-none,3,0,41977,100.66051959746838,79.58121419635245,60.23066937611675,-13.05359161893352
exog-none,3,0,42001,99.7615556210562,76.30092722301275,51.71625136517923,-28.4612987619029
exog-none,3,0,42025,112.57388054650842,85.41796600910357,53.258273173973336,-46.28350068918418
exog-none,3,0,42049,125.2643240231687,98.6164779774593,55.91505488992886,-59.53906549533959
exog-none,3,0,42073,123.83638144191592,101.1410329351818,68.48105811324972,-19.027264102794383
exog-none,3,0,42097,129.71733205170057,113.18038675330968,83.81092148004467,20.10720190164596
exog-none,3,0,42121,124.52828704183158,104.17640580770453,76.15552432049108,6.713357693549716
exog-none,3,0,42145,125.34454615381809,102.12192138857162,74.93727115211546,-12.47188700113689
exog-none,3,0,42169,134.8548027985263,110.76500675428248,81.52851312716108,-37.55346363665038
exog-none,3,0,42193,115.90507498329876,92.7427564758046,73.002250838429,-28.46414872595825
exog-none,3,0,42217,94.43005274831611,82.1871532027472,80.46375202113136,31.115774392268275
exog-none,3,0,42241,89.94181485236287,78.66874840529373,84.20484192245658,46.77577605144347
exog-none,3,0,42265,91.64106928345969,80.64703096268423,86.43453512870497,49.932131438236745
exog-none,3,0,42289,89.11290497905354,76.71872544353937,81.54754208670147,41.30121758957604
exog-none,3,0,42313,98.5686931935536,83.83286184336887,91.25188345573324,54.63421333530789
exog-none,3,0,42337,117.18483926348128,103.12659715559774,113.13457275166505,91.36688331851047
exog-none,3,0,42361,130.2506478620727,120.75809340870232,127.25105678617248,115.39511062000284
exog-none,3,0,42385,111.28867496158632,103.80579218682844,116.37524318539408,98.36271766258533
exog-none,3,0,42409,88.01615074308324,79.84440649182018,94.20024719779478,70.42850489034247
exog-none,3,0,42433,74.82388174042603,66.22569556819754,80.00001209796217,51.988689960208376
exog-none,3,0,42457,81.99880003765857,74.39970912674397,94.47061635334704,64.81482109288132
exog-none,3,0,42481,84.45535263482614,79.12263063223216,106.48143115438324,73.7787948512947
exog-none,3,0,42505,78.37857198934859,70.77762300227201,96.1088985733717,64.61135509954367
exog-none,3,0,42529,68.99191664706004,61.24785097606055,93.09415997450336,50.89890098284026
exog-none,3,0,42553,66.53495660369002,57.31394587992692,89.51984669929959,20.314459840833468
exog-none,3,0,42577,83.89804839291271,69.6093410000165,99.8888147770268,12.513925976880133
exog-none,3,0,42601,86.04396525761402,74.32300496511009,111.32332931267956,21.8078899369577
exog-none,3,0,42625,77.01639951158558,63.76850128429338,96.5505168766446,12.899892416405454
exog-none,3,0,42649,117.78168442001312,83.43695555648054,82.77372652095974,-40.90072923395753
exog-none,3,0,42673,165.14402610009572,120.69521432005162,94.17767441699483,-98.4939854828434
exog-none,3,0,42697,181.48205332232536,139.82325472173883,104.56382865503838,-124.71093310556314
exog-none,3,0,42721,169.56867144429896,125.35532202393266,99.19769546258784,-95.01164256142374
exog-none,3,0,42745,161.92151124293042,119.5744240230156,92.34865642304555,-92.11772894684978
exog-none,3,0,42769,165.5618304921362,122.66057038125234,87.82304324723326,-103.29530114050084
exog-none,3,0,42793,171.60977795899038,134.45619528691455,95.7932328995356,-117.2165270272574
exog-none,3,0,42817,151.9260041920995,118.29644057382916,82.88836096400244,-95.8664833435578
exog-none,3,0,42841,121.63969212715132,92.87684210926425,78.0399493648227,-35.386569671701295
exog-none,3,0,42865,115.30333640667794,85.24703615470865,72.32699712925569,-21.476176531434007
exog-none,3,0,42889,136.61333886243355,104.53638058862296,72.36995578301017,-60.2634945290706
exog-none,3,0,42913,136.26046450866187,111.8759689792353,82.66335937265899,-47.42669127630366
exog-none,3,0,42937,136.46771053462638,114.66728258529956,93.30139845818104,-35.11250440963028
exog-none,3,0,42961,125.79079398350736,105.73777619363288,94.4730035360376,-3.778689158320008
exog-none,3,0,42985,127.68051412414384,116.8065571778615,111.8869966442841,54.927889693702745
exog-none,3,0,43009,121.8669088782418,113.98510674913062,117.77680523159208,61.33718940363408
exog-none,3,0,43033,128.10972684616775,121.36144031973323,128.50277770217525,77.55271469067435
exog-none,3,0,43057,129.37214131847924,122.75519135604463,135.02931683832574,116.85019513440209
exog-none,3,0,43081,127.5521172624086,120.09837787817798,134.3276518180691,119.95304221155207
exog-none,3,0,43105,120.43714719119372,109.95661872629648,122.33295771779534,109.57649985291066
exog-none,3,0,43129,126.51118786003752,115.87861650526013,116.22445495876951,72.18592656366752
exog-none,3,0,43153,120.90049324356696,107.67717532230792,106.99657306887826,40.32604354022072
exog-none,3,0,43177,114.36036560662964,95.8754858797253,99.57155655997587,13.942085304270254
exog-none,3,0,43201,117.72630503299976,95.92961721594727,103.15724659706775,6.513431089667058
exog-none,3,0,43225,113.83395324968198,93.76157846051557,104.33226975940768,9.209322971187753
exog-none,3,0,43249,112.39291050758804,89.33794247015219,97.12270021930368,-0.7169781928508612
exog-none,3,0,43273,117.13907177528353,95.47477513900864,103.7890964414915,-3.1969096267339383
exog-none,3,0,43297,96.3431396947454,86.77040418558352,116.80124208901012,48.946063232098176
exog-none,3,0,43321,80.43410423921345,71.54055175589185,108.79142699001054,42.53838886629369
exog-none,3,0,43345,79.59345483984825,68.49202544078312,96.08737981858464,18.057670939002517
exog-none,3,0,43369,81.5343908089916,69.57798034410403,92.82552144363083,5.045591060101846
exog-none,3,0,43393,85.63051855236152,71.21505254211237,104.76257635790024,-7.160760850318243
exog-none,3,0,43417,85.91464199603838,72.80462814489222,115.89448351071512,3.3983001924885547
exog-none,3,0,43441,73.46898613153253,63.45565393036633,102.84136797367267,5.576204450734023
exog-none,3,0,43465,74.50116335341922,61.63718403962663,91.09444712171752,-12.953505473456625
exog-none,3,0,43489,70.11806428993087,58.98020040643173,95.8688639899306,11.932069909402164
exog-none,4,0,41641,104.8566711403167,70.89274784204885,66.55921682867474,-33.04648940578444
exog-none,4,0,41665,154.8001309724221,108.32315441195222,77.61726768038825,-75.96138487256644
exog-none,4,0,41689,175.7891056171704,133.08428545308706,86.00154180901427,-103.256994923328
exog-none,4,0,41713,188.45343545216545,153.7337067488806,101.7748296929243,-125.91986485429553
exog-none,4,0,41737,190.30409713552189,154.942606546452,110.51512072698505,-124.75069324194556
exog-none,4,0,41761,194.70661198724332,159.93143859466826,119.9264818685077,-126.99893265229704
exog-none,4,0,41785,187.39871477157584,151.0924700311412,118.93992589011786,-105.6230475851937
exog-none,4,0,41809,154.87466409390672,127.86787025332644,115.97835148422466,-50.02493419144129
exog-none,4,0,41833,116.12979270981668,103.69681606119126,114.57755758046346,14.395087228049354
exog-none,4,0,41857,96.27654752667908,88.16385004471495,108.03546643129376,58.43292784875224
exog-none,4,0,41881,105.47793432935192,95.18965126218642,107.2248250004324,70.113035863364
exog-none,4,0,41905,109.67190321343492,92.80702887413224,89.14056120541134,23.48462963528893
exog-none,4,0,41929,113.9565966370132,93.80273927791151,74.88679148467119,-6.988547763632108
exog-none,4,0,41953,110.62215845348744,92.26502064604108,74.47395945859547,-6.118931743531936
exog-none,4,0,41977,99.17678403191506,77.07654974527209,58.55319102431096,-15.8851286227326
exog-none,4,0,42001,99.09565916800224,75.05033547923428,50.81366302329342,-29.68832370590484
exog-none,4,0,42025,108.86944431537026,83.57810323152613,52.168703864867474,-46.61581786451838
exog-none,4,0,42049,124.88958736564564,98.1231884455684,55.630317116737714,-59.714199076837325
exog-none,4,0,42073,125.0232434483589,102.95020808100296,69.69558322933896,-21.62276702421984
exog-none,4,0,42097,129.143350975869,112.42834683469434,83.47155947138398,18.95724986715186
exog-none,4,0,42121,124.8525611852447,104.24963563040008,76.15041373953291,5.328949396038359
exog-none,4,0,42145,126.8614225142015,103.687584157272,75.8119295180432,-11.045765675306988
exog-none,4,0,42169,134.07128565964106,108.23382011100216,78.94248417638575,-35.12623281254912
exog-none,4,0,42193,117.7376061629062,92.61114750230496,72.69358539076283,-28.12990104401234
exog-none,4,0,42217,93.20310686529648,81.4375323141261,80.52827105351925,28.45757082614093
exog-none,4,0,42241,89.01926562917792,78.56001221375786,84.49840662716893,45.26487928638268
exog-none,4,0,42265,89.02015927214977,78.62730296067643,85.72875833714758,47.64310506422416
exog-none,4,0,42289,88.23055659215085,76.87442621311878,82.18900454648083,39.64996768579032
exog-none,4,0,42313,99.58049849742528,85.28819850848342,92.10357316218098,49.2295805831531
exog-none,4,0,42337,114.6168111931492,101.64469973753864,113.20999009889567,85.66485966515363
exog-none,4,0,42361,126.76827468470536,117.6388092547614,126.74082967405052,112.1005043249722
exog-none,4,0,42385,109.5103748746442,101.8724678736646,115.54622117343702,96.36134269319844
exog-none,4,0,42409,87.08859070525443,78.90852415060638,93.54015312195143,68.9806012576133
exog-none,4,0,42433,72.83016871059208,64.93512840001765,79.89950929433724,50.11801832366386
exog-none,4,0,42457,81.0998941580037,73.7798770288198,94.37974641202604,62.79647836242996
exog-none,4,0,42481,86.0553977008803,79.42325382030083,105.8063826954152,75.41618671300964
exog-none,4,0,42505,78.21084964057131,71.51440504120013,97.21200008222714,66.60113797312806
exog-none,4,0,42529,68.73939279485758,59.84256181848229,91.2135205113878,51.88113342756444
exog-none,4,0,42553,66.13445643694226,57.034747673116605,89.47389391602081,20.349133348295357
exog-none,4,0,42577,82.4988264379642,68.09444130719633,99.22644571652155,10.600667831560086
exog-none,4,0,42601,83.97957052438963,72.9740482633212,110.34809172155218,22.206173005518327
exog-none,4,0,42625,77.23205146574205,63.17148335323351,95.42869397373762,11.356005326249669
exog-none,4,0,42649,118.15188587198628,83.41762082486112,82.17670093053559,-41.57155166307185
exog-none,4,0,42673,161.6807998982908,119.0824452298114,91.63828514791338,-95.40973230927165
exog-none,4,0,42697,182.4416054213096,141.62663839975374,106.87384906804893,-124.4140899930264
exog-none,4,0,42721,169.7006680043273,125.45884778163058,99.48501328524316,-95.40923027168324
exog-none,4,0,42745,162.3401136735842,119.83856537665784,92.53451963775608,-92.96310615810296
exog-none,4,0,42769,166.10524594889966,122.9804325336263,88.07969875890895,-104.7566582341812
exog-none,4,0,42793,171.9021003426705,134.51397027820963,95.77996237199584,-118.00306700026812
exog-none,4,0,42817,151.111920435626,117.79391356825548,82.83389160899658,-96.75005502329468
exog-none,4,0,42841,124.7494691562144,95.17229997133713,79.50502926098353,-38.510437896115775
exog-none,4,0,42865,114.69211648721296,84.45621626527911,72.00218335412436,-22.73153059374022
exog-none,4,0,42889,135.62478146865263,104.58105998558138,72.75239663381396,-60.89610872958803
exog-none,4,0,42913,136.16101479607624,111.48498142827512,82.44354230474704,-47.956678658607245
exog-none,4,0,42937,136.6026960126253,114.97648913519558,93.41977397080858,-35.00497000654398
exog-none,4,0,42961,124.8451336172566,105.55752079275317,94.83601435780626,-8.039692948640804
exog-none,4,0,42985,126.467129966217,116.23857841421984,112.1578081461879,52.9671654043124
exog-none,4,0,43009,122.1470405187578,114.25799008667371,118.20973809351356,60.38413757826319
exog-none,4,0,43033,127.33903027070518,120.29607241177048,128.1270256010678,76.3739968816294
exog-none,4,0,43057,128.5499732465708,121.77644209141462,134.70471662190232,115.68782420864652
exog-none,4,0,43081,127.0151895978658,119.49960094004184,134.17439938686903,119.279025039958
exog-none,4,0,43105,118.33631944911129,108.92912172115209,122.65251174636664,108.71158589280246
exog-none,4,0,43129,122.97182762852005,112.6374981127816,115.65654271865148,68.76534263075463
exog-none,4,0,43153,119.527216650458,106.39728861394944,106.562063430832,38.11731175303338
exog-none,4,0,43177,113.96732564913272,94.90407710174122,99.16549041599838,12.634077004491896
exog-none,4,0,43201,117.59344244647816,95.23628446247884,102.8026182650304,5.177721772797787
exog-none,4,0,43225,114.54300988927947,93.95712882588988,104.09087617757277,8.713217441105371
exog-none,4,0,43249,111.88156109033876,88.8839869307465,96.8048321318252,-0.6739481085143368
exog-none,4,0,43273,118.64107217626172,96.68809997544552,104.6028491376076,-4.374827830084942
exog-none,4,0,43297,96.74529683231869,86.51530719984729,116.3937827737697,46.83517829994781
exog-none,4,0,43321,80.31879123574151,70.89643824322063,108.29875284580308,42.82078990393628
exog-none,4,0,43345,80.95554863592051,69.87875588165286,97.16420664785684,17.359926294333068
exog-none,4,0,43369,82.47219106384632,70.75755152677577,93.82933475590728,5.78592524087111
exog-none,4,0,43393,85.80491754468314,71.24162830760388,104.8875511321733,-7.881486471237967
exog-none,4,0,43417,82.86716863218493,71.18952350807086,115.2981750498603,3.748589851703772
exog-none,4,0,43441,73.59640434981495,63.63848966317532,103.09851866748912,5.089943040800157
exog-none,4,0,43465,74.78591097969506,62.13054536032981,91.12980456588284,-13.25021714486006
exog-none,4,0,43489,69.31642323836918,56.94906641180855,93.83066063464284,10.577630450680406
exog-none,5,0,41641,104.62028787684018,70.72230038707796,66.38621437520881,-32.89468493885492
exog-none,5,0,41665,154.74281766424653,108.29746505880948,77.55914148374417,-75.80604904278451
exog-none,5,0,41689,175.61220959149884,133.21285909581752,86.22027648971104,-102.99436001274526
exog-none,5,0,41713,187.2573261061889,153.23123953298077,101.02780315297612,-124.3055832353793
exog-none,5,0,41737,190.49424399887863,155.7275273096795,111.0283685155925,-124.17235392903152
exog-none,5,0,41761,194.40335585791635,159.61296943994247,119.67556924920414,-127.67219059560692
exog-none,5,0,41785,187.02916034387428,150.8249353376976,118.78891479131173,-105.41428065146634
exog-none,5,0,41809,154.5262233371325,127.63604584328138,115.82937669847352,-49.764559883094414
exog-none,5,0,41833,115.9061753862385,103.61523876347133,114.5464779868604,14.645890816627604
exog-none,5,0,41857,96.11400139527238,88.1288802511542,108.019456069765,59.040723798255925
exog-none,5,0,41881,104.8818262360269,94.54955684450418,106.82923691975913,70.29409510020841
exog-none,5,0,41905,110.54280739526222,93.97681460956964,89.64641733543903,23.941554436177448
exog-none,5,0,41929,114.1022101118567,94.01876629284811,75.03332343281306,-6.956884615120825
exog-none,5,0,41953,109.71047084924474,91.38542394597027,74.08335966090024,-6.721687259711633
exog-none,5,0,41977,98.84267704165252,77.03220882132302,58.776739881356775,-15.624577697941076
exog-none,5,0,42001,99.10202205463038,75.05137518523784,50.80157231425236,-29.508054030219608
exog-none,5,0,42025,108.7259392704545,83.374702524289,52.030937187847535,-46.32097138664618
exog-none,5,0,42049,124.70120858395488,97.88910670808508,55.50628481065403,-59.43869110777256
exog-none,5,0,42073,124.8203624784972,101.63734239050537,68.66497913586394,-19.608715421594173
exog-none,5,0,42097,128.7303249363969,111.71656481473188,83.0810501323732,18.61378182604586
exog-none,5,0,42121,124.2191428512362,103.7238122461916,75.93559062281395,5.806217905607856
exog-none,5,0,42145,125.512935720049,102.14233528372976,74.86445793736407,-12.21913788560813
exog-none,5,0,42169,134.44074141594973,109.39140654054536,79.99351670418682,-36.02948451726373
exog-none,5,0,42193,117.68187383247104,92.58948082905616,72.67323562549429,-28.02786583215041
exog-none,5,0,42217,94.72954457618756,82.43719978135643,80.58801760838537,30.91287127139688
exog-none,5,0,42241,89.9960738987372,79.18675686270777,84.67597222170323,46.69981551962407
exog-none,5,0,42265,89.13192460933442,78.70532220817961,85.75977790329054,47.80268143788659
exog-none,5,0,42289,88.23259873002604,76.86229761104931,82.17267107365971,39.7980585222849
exog-none,5,0,42313,99.59583411061556,85.30540028553598,92.11153002828328,49.25803235877844
exog-none,5,0,42337,114.82760731602548,101.81177563030636,113.22101387412164,86.08772532253938
exog-none,5,0,42361,127.99384225563094,118.64223887067604,126.79908732268228,113.4059013478436
exog-none,5,0,42385,109.80417608196308,102.1315117475259,115.6114533751749,96.62496039887095
exog-none,5,0,42409,88.05751002881564,79.66484860109921,93.94730462943022,70.31208377779498
exog-none,5,0,42433,74.08917889683286,65.94154065830696,80.21699483596771,51.70466589833049
exog-none,5,0,42457,83.08269848731535,75.30532445415628,94.81805170074502,64.66920766115733
exog-none,5,0,42481,84.99002180974021,79.2076021826437,106.09425550695502,74.48820001665023
exog-none,5,0,42505,78.71200816690857,71.78204838054458,97.22571770481956,67.06888378269271
exog-none,5,0,42529,69.05423995366472,60.60525056893283,91.98073066239478,51.4906866326541
exog-none,5,0,42553,66.29671928523672,57.21704427161733,89.62767874711527,20.524625939047706
exog-none,5,0,42577,82.52663587490119,68.19691491909957,99.27443129554035,10.932711437556708
exog-none,5,0,42601,84.96291404707539,73.27317861842383,110.55446705658476,21.51840398971379
exog-none,5,0,42625,77.21533967578674,63.800595371679165,96.0765337116815,12.634788391905404
exog-none,5,0,42649,118.25621638489478,83.7777057151021,83.90164749722625,-41.57414132333294
exog-none,5,0,42673,164.36048025101246,120.47005426566092,97.75618451809252,-100.25893088959349
exog-none,5,0,42697,181.86704800832575,140.80627553895513,105.94430426238576,-124.4067518543574
exog-none,5,0,42721,169.63880168031474,125.46330876262394,99.45934546441654,-95.07095030211396
exog-none,5,0,42745,162.29902237644168,119.8334003271604,92.53855168322794,-92.87362475320106
exog-none,5,0,42769,165.49657402468995,122.74202830669768,87.76236209429238,-103.15636007065493
exog-none,5,0,42793,171.67875113360373,134.33050291254006,95.59276678302204,-117.73644829590116
exog-none,5,0,42817,150.6178856251691,117.85958526666296,82.79737133447479,-96.58838181311776
exog-none,5,0,42841,123.194011785017,94.29586712755724,79.02986222042905,-36.89133573734218
exog-none,5,0,42865,114.81803558960476,84.56294496027915,72.0993364881739,-22.83782361994036
exog-none,5,0,42889,135.5721508485719,103.9978285569108,72.21318503484606,-60.7138278928522
exog-none,5,0,42913,136.18567519619066,111.52890558602964,82.46054064803869,-47.9161111535008
exog-none,5,0,42937,136.56469581133084,114.86086724818723,93.40957045010664,-35.15796153443721
exog-none,5,0,42961,124.52236046821724,105.2751238689819,94.67138840141658,-7.730895332015745
exog-none,5,0,42985,126.7918700332035,116.3595868036353,111.97790238797572,54.12929538447295
exog-none,5,0,43009,121.53481454876236,113.5387198752626,117.6825323833683,60.509654840226666
exog-none,5,0,43033,127.38647054372328,120.33061763661404,128.12401890743374,76.54113545968855
exog-none,5,0,43057,128.60808925377506,121.86306627863011,134.7453128557903,115.77557361433504
exog-none,5,0,43081,126.99041172637604,119.49506659264937,134.17998367733014,119.27972120925608
exog-none,5,0,43105,118.80504952723952,108.50248486050091,122.00295385101454,108.2790370236168
exog-none,5,0,43129,123.52402690738198,113.50377880147532,115.5985214122132,70.95219765673589
exog-none,5,0,43153,119.50848660238935,106.37536463205008,106.5415867626016,38.15163123449869
exog-none,5,0,43177,114.52439037670275,95.83930896713588,99.5547777393052,14.212141635749935
exog-none,5,0,43201,116.53161624288028,94.12147015726944,102.17298521476089,4.30309802384477
exog-none,5,0,43225,114.5942116141702,94.04005258323552,104.12904469085366,8.825996702408641
exog-none,5,0,43249,111.87234189663108,88.9645000285669,96.8678563472886,-0.4098627686993863
exog-none,5,0,43273,116.84204769945678,95.19644330620886,103.6875668234196,-4.260246221051646
exog-none,5,0,43297,96.35180673067129,86.76713025561523,116.70292988651856,48.49069653220952
exog-none,5,0,43321,81.46824030768722,71.60328943246668,108.99719581403173,42.024331280806045
exog-none,5,0,43345,80.3468469349321,69.10203626737596,96.63915625738116,17.513386957110605
exog-none,5,0,43369,82.03084346509152,70.36157013704754,93.40863936603088,6.553223592371988
exog-none,5,0,43393,84.95533632749864,70.51936781935466,104.20704598177156,-7.572361227758755
exog-none,5,0,43417,82.86100567488964,71.378134966894,115.42057843378774,3.996843169028262
exog-none,5,0,43441,73.56193042126432,63.68555656849323,103.1485935087022,5.225819842265323
exog-none,5,0,43465,73.20685513799025,61.04576586826935,89.73960222902706,-12.965751526962528
exog-none,5,0,43489,68.61168020014101,56.14566716515411,93.10487330850772,11.284193930530725
exog-none,6,0,41641,104.72241482768472,70.75896906111845,66.44828248777499,-33.17768469174432
exog-none,6,0,41665,154.96442840233172,108.4431555749957,77.69931523963704,-76.08243498856858
exog-none,6,0,41689,175.6517472441948,133.0246784546497,86.08365285723497,-103.33347452398677
exog-none,6,0,41713,186.93693770950168,152.65711725726112,100.9348936638782,-125.779440556554
exog-none,6,0,41737,189.41168079947755,154.99891879624255,110.33784234998228,-123.7573363524571
exog-none,6,0,41761,194.5208851826934,159.6870157009905,119.77558925932364,-127.88580169842184
exog-none,6,0,41785,187.0058317423804,150.66121303944374,118.6932363801778,-105.51923985210068
exog-none,6,0,41809,154.466657073555,127.51432108319112,115.78549775806596,-49.95316737041794
exog-none,6,0,41833,115.67831924111027,103.3788727170002,114.43707770758331,14.475242689147914
exog-none,6,0,41857,95.94027245801588,87.94956986556215,107.94369077488,58.83722261486105
exog-none,6,0,41881,104.57165669486018,94.40214231583406,106.81046515788108,70.20835806411492
exog-none,6,0,41905,110.5049305631808,93.70408941642611,89.48713972870347,23.604026041108867
exog-none,6,0,41929,114.1284778441914,93.98139385322877,75.02713795490168,-7.262143395000261
exog-none,6,0,41953,109.74262449894704,91.32961915243034,74.05780016810384,-7.031264948036789
exog-none,6,0,41977,98.83441423628156,76.91571599518016,58.69211046578877,-15.932468548449997
exog-none,6,0,42001,99.17231182052195,75.04534500173044,50.79785840316076,-29.695537555320232
exog-none,6,0,42025,108.72810946079504,83.35662999857088,52.02182411594306,-46.462435440084725
exog-none,6,0,42049,124.64819056446945,97.7029142503278,55.40174318030724,-59.51460805248294
exog-none,6,0,42073,125.04371538471986,102.93195195194274,69.69610007977003,-21.733015329115133
exog-none,6,0,42097,129.0056234623039,112.43083368764118,83.49119051187799,19.33003258460707
exog-none,6,0,42121,124.74674288690063,104.16564100628314,76.1219396079834,5.299454170505761
exog-none,6,0,42145,125.47846661465964,102.06762934824512,74.83837223837529,-12.373099656028486
exog-none,6,0,42169,134.48970768899255,109.40075442102032,80.02756626049977,-36.29700582542442
exog-none,6,0,42193,116.75467871162172,92.56224729364634,72.78984019290279,-28.93759362158637
exog-none,6,0,42217,94.72675233153052,82.45870020818741,80.61593421162625,30.742955784223835
exog-none,6,0,42241,89.83912121421325,79.05417039501502,84.63069115162563,46.50832688622946
exog-none,6,0,42265,88.9896473525188,78.60526970886842,85.73689705758335,47.59959766347558
exog-none,6,0,42289,88.06457348758883,76.7510369434682,82.15332862282652,39.5566394322828
exog-none,6,0,42313,99.40982298714214,85.19879257002538,92.11138767280794,48.94757330762305
exog-none,6,0,42337,114.69232135642292,101.64936700891664,113.15572939730428,85.8592471672873
exog-none,6,0,42361,127.7702892680068,118.4412091129372,126.7514103581468,113.16655379840792
exog-none,6,0,42385,110.7919943962952,103.06157770184282,115.62457868487076,97.40578746309124
exog-none,6,0,42409,87.91642305830719,79.50130953746216,93.84832007006814,70.1320872331512
exog-none,6,0,42433,73.95501315536757,65.78875403037598,80.11825479294045,51.562900654947214
exog-none,6,0,42457,82.87638327164657,75.08820900184232,94.70029205696127,64.42673984082315
exog-none,6,0,42481,84.80662667301947,79.02383283659356,106.00959632291936,74.30051366678533
exog-none,6,0,42505,78.5862772106125,71.65544870802398,97.16157979272572,66.91355042565627
exog-none,6,0,42529,68.9343000750446,60.50070701614692,91.94035534758072,51.2788049042452
exog-none,6,0,42553,66.22923662250473,57.104008290033846,89.53860706675133,20.31633857980225
exog-none,6,0,42577,82.5115100454344,68.0764866707658,99.1729330751272,10.751152833333723
exog-none,6,0,42601,85.75170659581971,73.80603463796608,110.86212626212128,22.01292407349081
exog-none,6,0,42625,76.73278542424075,63.27972636286548,96.12194960854022,12.042026047368356
exog-none,6,0,42649,118.3510305183825,83.81224897904255,84.14839962839832,-41.76775260302028
exog-none,6,0,42673,164.59471455382425,121.4003360380132,99.74302684323462,-99.57787232253789
exog-none,6,0,42697,182.32015458548275,141.3913556145914,106.77900702309702,-124.54393646786704
exog-none,6,0,42721,169.73583069240073,125.52822231479304,99.54743270161278,-95.15225034920638
exog-none,6,0,42745,162.418732058105,119.91696265359111,92.63438149596496,-93.10909369793602
exog-none,6,0,42769,165.65937282202566,122.87087906416676,87.88807661759319,-103.34945704213438
exog-none,6,0,42793,171.99077591849672,134.63763806964593,95.93095267262731,-118.11540242959224
exog-none,6,0,42817,151.5083815946485,118.15755792160218,83.06865688338182,-97.25937319296683
exog-none,6,0,42841,122.36858217344314,93.25905621384936,78.39839898496734,-36.58066779981687
exog-none,6,0,42865,114.90218664669948,84.59413771140812,72.15245538902886,-23.211545817696333
exog-none,6,0,42889,135.7119053018016,104.0921730305279,72.29525627317018,-60.98866618021566
exog-none,6,0,42913,136.31611879875877,111.59820404450052,82.51836349589686,-48.15297041729051
exog-none,6,0,42937,136.7075973438452,114.99231617343416,93.44168766571131,-35.20223387225218
exog-none,6,0,42961,124.4044779089286,105.08238548535672,94.57628748857042,-7.9007057513573
exog-none,6,0,42985,126.80896485365692,116.33094077039456,111.97656420900512,54.01892331508675
exog-none,6,0,43009,120.85268605912772,112.64624152122856,117.25563110544964,60.09839349925385
exog-none,6,0,43033,127.23889768641858,120.1655032432619,128.09152843569643,76.28755930321523
exog-none,6,0,43057,128.3643743077102,121.61049755525346,134.6753714267454,115.50726506271717
exog-none,6,0,43081,126.7260212213265,119.21078889148444,134.0890699684578,118.98492694527388
exog-none,6,0,43105,118.60280179678396,108.2294871207108,121.88408205203989,108.00139669219814
exog-none,6,0,43129,123.41078535345032,113.328562185223,115.5329177592982,70.69146119254586
exog-none,6,0,43153,119.41788706517114,106.24930911461055,106.51347715435406,37.90205261701474
exog-none,6,0,43177,113.51886484704958,94.51473894631468,99.1523369359397,12.418222885949122
exog-none,6,0,43201,118.02907258473886,95.84212302817753,103.11405042504458,5.404864181335713
exog-none,6,0,43225,114.63081110198438,93.98700166499052,104.1094388378347,8.622710907273213
exog-none,6,0,43249,111.8662658282738,88.91445754605259,96.84765876461316,-0.5451422759016341
exog-none,6,0,43273,116.7507789106557,95.04654706385004,103.60967146024753,-4.429745605681324
exog-none,6,0,43297,96.94339586199143,87.11874030852398,116.71474688917708,48.551312282724105
exog-none,6,0,43321,80.80722654043842,71.25855207560396,108.47618756182275,42.62260303403542
exog-none,6,0,43345,78.72520804285945,66.99474224871389,95.36878462110133,16.27572217478392
exog-none,6,0,43369,80.46201975234219,68.53899942955418,92.09161222696052,5.099466185855351
exog-none,6,0,43393,85.85421235893502,71.34101902547664,104.9397116069341,-7.732612760333327
exog-none,6,0,43417,82.81236896673708,71.30818221280433,115.38671139545546,3.873028292964148
exog-none,6,0,43441,73.49872206460178,63.57324375962243,103.10200628178016,4.957348558549611
exog-none,6,0,43465,74.70922704734777,62.11438830597657,91.21612685191138,-13.332617620356634
exog-none,6,0,43489,70.35251568889464,58.706831250650055,95.65936892340552,10.43560561771776
exog-none,7,0,41641,104.89054082530524,70.81274898134208,66.49232565367055,-33.38065672350114
exog-none,7,0,41665,155.0662980469573,108.46939322964006,77.71534973544256,-76.27231636520754
exog-none,7,0,41689,175.82163051873567,133.3183785253726,86.30237220493329,-103.34482496954128
exog-none,7,0,41713,187.46288622696025,153.36521329439174,101.1646549773776,-124.65246632488716
exog-none,7,0,41737,190.6928612001302,155.83004011921835,111.13851949117536,-124.52980568790883
exog-none,7,0,41761,194.6045573215504,159.73575289489312,119.84356299939408,-128.04194902603453
exog-none,7,0,41785,188.2753449874988,152.81203044822183,120.32966416600854,-107.13675376384673
exog-none,7,0,41809,154.56433793746544,127.6577807794132,115.84517517912178,-49.808644976032056
exog-none,7,0,41833,115.49536493718205,103.18324557824458,114.33029928152489,14.352088294541865
exog-none,7,0,41857,95.83983338080192,87.84073345064952,107.88756979871192,58.74881387662678
exog-none,7,0,41881,104.2723782630914,94.07055073590308,106.87165710172462,69.75097528849457
exog-none,7,0,41905,110.4285765259106,93.76808221377608,89.57388511673055,23.43850942111227
exog-none,7,0,41929,114.33353879527412,94.10057699071132,75.10325855843598,-7.545169330368687
exog-none,7,0,41953,109.61650858572756,91.22754273724652,74.08975335336407,-7.396727631136628
exog-none,7,0,41977,98.8384125274064,76.85919729377223,58.6558766438466,-16.097470889060894
exog-none,7,0,42001,99.2229521057302,75.06015902132978,50.81289100008132,-29.825122412095343
exog-none,7,0,42025,108.8095005799448,83.40745960428427,52.054579583425074,-46.64172786448026
exog-none,7,0,42049,124.59573020254126,97.62149250002832,55.35310570200935,-59.61512573306842
exog-none,7,0,42073,123.77300516387108,100.75235302427888,68.30320083968647,-20.077013269607026
exog-none,7,0,42097,128.65150635910106,111.5526649449255,83.01958272070884,18.141736329457636
exog-none,7,0,42121,124.79848141278704,103.98862479482035,76.00312340588322,4.780379188081559
exog-none,7,0,42145,125.47632224928732,102.08709597879282,74.87280041803342,-12.590038553517669
exog-none,7,0,42169,134.50029464003313,109.384636660263,80.03680414091822,-36.47831686886183
exog-none,7,0,42193,117.76566522923808,92.63222198083156,72.74615622282967,-28.437974404607747
exog-none,7,0,42217,94.72043472576154,82.4301753394768,80.59409854239209,30.692318146252223
exog-none,7,0,42241,89.26352684061402,78.59339937762144,84.44810809623723,45.97117016790522
exog-none,7,0,42265,88.83863749041782,78.50723167025214,85.72258038033684,47.385579432255454
exog-none,7,0,42289,87.96193934596711,76.70930084745537,82.17359331759442,39.35939760263308
exog-none,7,0,42313,99.9857750700464,86.26555467194149,93.0011128976382,48.70016898083504
exog-none,7,0,42337,114.11706070025932,101.7516175885206,113.6039257630843,85.4252279328557
exog-none,7,0,42361,126.3465028849632,117.2529543164664,126.6418452983341,111.6615640725378
exog-none,7,0,42385,109.51595573603606,101.81081771645474,115.486472735008,96.28564276172295
exog-none,7,0,42409,87.7767349786671,79.36233751456713,93.77696814035323,69.9921244264492
exog-none,7,0,42433,73.78179149350733,65.23249568612279,79.48868297190586,51.11151726880415
exog-none,7,0,42457,80.67412553716939,73.29718374295663,94.00630715538064,62.441205509775166
exog-none,7,0,42481,84.29298341530414,79.07196831649884,106.53155346799466,74.03694267095754
exog-none,7,0,42505,78.44517662231061,71.52109306247468,97.09180820832508,66.76476358285811
exog-none,7,0,42529,68.81929424103203,60.39274653257168,91.87905539540807,51.09869481307539
exog-none,7,0,42553,66.40146786597715,56.83525823101208,89.03215217037713,19.597738983335248
exog-none,7,0,42577,82.49876450045409,68.00495406287038,99.12646289953166,10.628498271236838
exog-none,7,0,42601,83.73024760930694,72.50859174302079,109.7145411940883,22.131621143546766
exog-none,7,0,42625,76.73322353632106,63.26650393764374,96.11979771032216,11.93196093534739
exog-none,7,0,42649,118.4497434558533,83.80299611142867,84.12757116755138,-41.95480148644634
exog-none,7,0,42673,165.38289176991805,121.3750643730174,98.22811025155904,-99.85347678748433
exog-none,7,0,42697,182.0321121492661,140.92745166956706,106.11731038369206,-124.6968494363968
exog-none,7,0,42721,169.76823589119118,125.60227729505182,99.6438460679418,-95.22500703470809
exog-none,7,0,42745,162.5010003217602,119.9783703982556,92.71940338269208,-93.31623161812638
exog-none,7,0,42769,166.23692624796396,123.11334803154912,88.19604206788479,-104.52026335756464
exog-none,7,0,42793,171.94857935904227,134.58156467642243,95.86930092971406,-118.13046644296794
exog-none,7,0,42817,151.71033468950776,118.25431255804304,83.20575267084791,-97.2273146894198
exog-none,7,0,42841,122.44664473957631,93.32579136051426,78.46430510796738,-36.79846935453208
exog-none,7,0,42865,114.9736695201928,84.62947015486213,72.19822101838405,-23.487295587083253
exog-none,7,0,42889,135.76787164069876,104.08672746448718,72.29661796727736,-61.191412866141775
exog-none,7,0,42913,136.38200321900032,111.62330073381496,82.54995915749355,-48.34824889495322
exog-none,7,0,42937,136.76226045113606,114.94942517805116,93.51543631907514,-35.643787045452505
exog-none,7,0,42961,124.3406061840388,104.76924978259402,94.25283511878769,-5.3903118164931705
exog-none,7,0,42985,126.7901554393588,116.27686252569164,111.96280301624697,53.85465450528894
exog-none,7,0,43009,120.73886288834846,112.54405559115456,117.2512881487236,59.888363870155054
exog-none,7,0,43033,127.15206923110078,120.08244057287746,128.08592117984807,76.09784360450116
exog-none,7,0,43057,128.16880574186004,121.41806321993958,134.62403915528353,115.3113231816222
exog-none,7,0,43081,126.53060652055072,119.03082412678864,134.04581519741205,118.80034604971178
exog-none,7,0,43105,118.41199353090774,108.04723697861826,121.8308542470586,107.8154721297816
exog-none,7,0,43129,122.8916085978102,112.45959394814474,115.62031805815838,68.26984450258063
exog-none,7,0,43153,119.36404254314569,106.16153304938602,106.49705504593794,37.68393926479337
exog-none,7,0,43177,114.5148429881031,95.74359800268697,99.52753131645213,13.887606808734006
exog-none,7,0,43201,116.52627134627583,93.98044429461086,102.13155462393514,3.906434947474272
exog-none,7,0,43225,114.63270623797676,93.94432924917965,104.1058267908087,8.494618109911704
exog-none,7,0,43249,111.87343664234648,88.88908384165754,96.8294753823363,-0.6504764165131725
exog-none,7,0,43273,116.67409490310608,94.9393438419411,103.56191951967656,-4.581125678468755
exog-none,7,0,43297,96.10583397433808,86.50761957947962,116.60560309374436,48.17877801059769
exog-none,7,0,43321,81.27999509122141,71.36839050775077,108.87435255813784,41.68657515909409
exog-none,7,0,43345,80.23508862377837,68.97806480331077,96.58176497442436,17.265170456661036
exog-none,7,0,43369,82.05272405086248,70.3318242458833,93.4399122126939,6.269071855129572
exog-none,7,0,43393,86.01462785095157,71.97165947747453,105.43687210054,-6.843108908452201
exog-none,7,0,43417,82.92098319705728,71.34967950500936,115.42728760152876,3.753976341190605
exog-none,7,0,43441,73.50671996884522,63.51934680055967,103.08843103554103,4.763285634080684
exog-none,7,0,43465,73.23735524425199,60.9987760507178,89.80477599374682,-13.379180404299085
exog-none,7,0,43489,68.92872999203578,56.67153843092176,93.5874272940118,10.67712989183401
exog-none,8,0,41641,104.8349606512788,70.70973219837245,66.36535085634347,-33.3574774614853
exog-none,8,0,41665,155.05289672344423,108.40456557059215,77.6273010853593,-76.25430464835661
exog-none,8,0,41689,175.81321825091936,133.27825782391295,86.25497502139267,-103.32594197961588
exog-none,8,0,41713,187.41807566880152,153.30514489126472,101.1014016346294,-124.6131402731948
exog-none,8,0,41737,190.6657923716281,155.8010190555583,111.1091469457135,-124.4977802941062
exog-none,8,0,41761,194.9333482787444,159.91984119558202,119.87328388041196,-127.3466051081658
exog-none,8,0,41785,188.24627458093863,152.77261101063155,120.31081558816066,-107.09664679169028
exog-none,8,0,41809,154.51348054910315,127.64132194575106,115.84391924360172,-49.7695594177244
exog-none,8,0,41833,115.44568693883063,103.18245006182372,114.33849466944328,14.403833968983111
exog-none,8,0,41857,95.82599896274208,87.84740048141552,107.89623561086978,58.77608449089346
exog-none,8,0,41881,104.2813875933571,94.0833852630865,106.87532229501451,69.75960546452286
exog-none,8,0,41905,110.43852321113268,93.8030958966793,89.60133571856478,23.451242243716155
exog-none,8,0,41929,114.67369043551751,94.43183338207297,75.34095668732112,-7.85509710698233
exog-none,8,0,41953,109.62877893469,91.271944802765,74.12377614111941,-7.384376688695625
exog-none,8,0,41977,98.83556739423898,76.87299501098994,58.66827491202502,-16.098091997413537
exog-none,8,0,42001,100.03078932068352,75.37066718350992,50.9680082975819,-29.90329086713005
exog-none,8,0,42025,108.78020010465475,83.38033186415842,52.03537385556076,-46.60145987961899
exog-none,8,0,42049,124.57551438198736,97.54754066645268,55.31309868746659,-59.57062148392562
exog-none,8,0,42073,124.7653722190008,101.5355268007835,68.6270664773793,-19.9766103719203
exog-none,8,0,42097,128.65196779376163,111.55893652723204,83.02416939986271,18.164648550859884
exog-none,8,0,42121,124.81040868118204,103.999481987277,76.00704482391968,4.803450183002323
exog-none,8,0,42145,125.47661900810498,102.06276727985252,74.85641139417639,-12.573693546652532
exog-none,8,0,42169,134.4957040505577,109.3600303855572,80.01827609137338,-36.46379775795653
exog-none,8,0,42193,117.73788681286294,92.60575395138048,72.72831749587054,-28.41952077394441
exog-none,8,0,42217,94.7773799650481,82.47898150787248,80.60474041481237,30.751594920972995
exog-none,8,0,42241,89.28383855648516,78.62568721638846,84.46763865145338,45.99678515581069
exog-none,8,0,42265,88.87798095793815,78.54971830416055,85.74847523109348,47.40066839571289
exog-none,8,0,42289,87.97073049527563,76.71872557783954,82.17994716276183,39.368836628825726
exog-none,8,0,42313,99.1060979992508,84.73488977881728,92.01755157900656,51.35271742567805
exog-none,8,0,42337,114.13857587725758,101.7774891535892,113.61202808371272,85.4421091995084
exog-none,8,0,42361,126.36803901544172,117.25544347274142,126.6340300313112,111.67561569142386
exog-none,8,0,42385,109.5457814221138,101.81870751987732,115.47607619534814,96.32262757264246
exog-none,8,0,42409,87.81466480350686,79.40253065825661,93.79899203364374,70.03756699704176
exog-none,8,0,42433,73.8100914784796,65.24143977759158,79.4830740898964,51.13176613258787
exog-none,8,0,42457,80.6721241989988,73.2734504746324,93.98399493882886,62.460702146086405
exog-none,8,0,42481,83.6726393067143,78.40823520404845,106.20010775890898,72.91536385471302
exog-none,8,0,42505,78.92923587104563,71.345129723789,96.54864071443842,66.80110987185014
exog-none,8,0,42529,68.86595390563528,60.45970052516549,91.9369074693654,51.13193702129129
exog-none,8,0,42553,66.47638828405178,56.91415745788014,89.11124038858567,19.62770394404888
exog-none,8,0,42577,82.52563137822189,68.02882427041,99.13679889999804,10.675131627813306
exog-none,8,0,42601,83.75321983946549,72.54581130972056,109.74187497331494,22.15917011262918
exog-none,8,0,42625,77.18095391590161,63.64051754351373,95.96388693680947,12.30892541232662
exog-none,8,0,42649,118.43923616168792,83.86306316289412,84.32035940309926,-41.900801137202585
exog-none,8,0,42673,165.39884273301018,121.4163067730841,98.3695415758229,-99.83812395657016
exog-none,8,0,42697,182.5194545311116,141.25272840525253,106.14463698697568,-124.38865666048024
exog-none,8,0,42721,169.76980238559523,125.61445684084698,99.65540158697848,-95.16507621681116
exog-none,8,0,42745,162.51295750258407,120.01229807279672,92.77346248867364,-93.30449727187376
exog-none,8,0,42769,166.24199812481865,123.10776241747146,88.1929284338166,-104.51519231308237
exog-none,8,0,42793,171.9626217871016,134.60601904822457,95.89741089316075,-118.11376189413453
exog-none,8,0,42817,151.6533194253657,118.25201495208488,83.23845708631134,-97.16591111900416
exog-none,8,0,42841,122.42947749164472,93.325431538275,78.46915765957702,-36.74714079886502
exog-none,8,0,42865,114.95408867982408,84.60927014966742,72.18811154738722,-23.48726156496733
exog-none,8,0,42889,135.7548601075206,104.07396682945948,72.28559492981712,-61.18331015217462
exog-none,8,0,42913,136.40346026994828,111.64435813370052,82.5571123043412,-48.329169802792
exog-none,8,0,42937,136.77994542010285,114.9485202645064,93.51039567073023,-35.628451427617804
exog-none,8,0,42961,124.24412006687328,104.7021308823236,94.22698968485048,-5.316978628463349
exog-none,8,0,42985,126.85772196902371,116.33583715635363,111.97954210408828,53.93094500154184
exog-none,8,0,43009,120.72696433885451,112.5445879231727,117.2538519950372,59.895894978385535
exog-none,8,0,43033,127.16215909621666,120.10684409040208,128.09623385290485,76.1291864569344
exog-none,8,0,43057,128.17799677343666,121.43905794248464,134.63661799906933,115.338090484839
exog-none,8,0,43081,126.54214914796344,119.043627207964,134.04947934430163,118.81218369470946
exog-none,8,0,43105,118.44028671011708,108.0729217361118,121.8376221939316,107.83655398679
exog-none,8,0,43129,122.92662190228911,112.48891654364036,115.63426335969044,68.24957842101423
exog-none,8,0,43153,119.36491530393737,106.15966334369055,106.4907949010541,37.70321457050376
exog-none,8,0,43177,114.50503363310746,95.75567121048635,99.5371176639644,13.907984744267878
exog-none,8,0,43201,116.54539447420336,94.0095911850395,102.14213017169176,3.923340924686312
exog-none,8,0,43225,114.62362448782127,93.94950530575292,104.12904941848016,8.497281868059346
exog-none,8,0,43249,111.85969083953512,88.89442715748476,96.84429201025036,-0.6166985865734963
exog-none,8,0,43273,116.6801810030068,94.96040545955726,103.5727174200454,-4.53385961136402
exog-none,8,0,43297,96.15816008975216,86.55131046629383,116.63459138203751,48.20249671476888
exog-none,8,0,43321,81.33242506265138,71.39948780949801,108.88696195159233,41.699264729025806
exog-none,8,0,43345,79.8850015356036,68.66778640470113,96.35072672704744,17.20819846462484
exog-none,8,0,43369,82.02882084870528,70.27807814516811,93.38504503706837,6.30541610669061
exog-none,8,0,43393,85.93735823795984,71.9076045474242,105.36280809363238,-6.793933132185298
exog-none,8,0,43417,84.09503863327504,72.01045574653892,115.78539463616283,3.646165664449777
exog-none,8,0,43441,73.4758381286484,63.51511206551963,103.09554703163316,4.776296660432241
exog-none,8,0,43465,73.24129205897759,61.01412728421871,89.83202594276524,-13.362808666339356
exog-none,8,0,43489,71.04183759203731,59.78153872192338,96.86320504864422,10.4986776652179
exog-none,9,0,41641,104.83010549610336,70.70048836403187,66.35567227953264,-33.365567541392565
exog-none,9,0,41665,155.06151893870734,108.40640969012988,77.626406806437,-76.26178726374178
exog-none,9,0,41689,175.81506856008173,133.27562371784023,86.2523573767476,-103.33131925096984
exog-none,9,0,41713,187.41441177569055,153.2988552245219,101.09657547154396,-124.61564545460996
exog-none,9,0,41737,190.66773198175295,155.80038022056215,111.10868274508464,-124.5030813754798
exog-none,9,0,41761,194.9362673647404,159.92021758561378,119.87393091150066,-127.35252992568108
exog-none,9,0,41785,188.24216922097744,152.7577707409701,120.30228104258232,-107.0969900222842
exog-none,9,0,41809,154.49584610710616,127.6276353192096,115.83810508446668,-49.76947306444196
exog-none,9,0,41833,115.41365817883027,103.1624188155471,114.32931121510175,14.40984012074352
exog-none,9,0,41857,96.13799854033287,88.10161448696715,107.97964499987178,58.7928264648495
exog-none,9,0,41881,104.27549652486138,94.07636643457774,106.8726362107644,69.74975043666453
exog-none,9,0,41905,109.47292321649412,92.77747741053496,89.21500839737465,23.086765732872166
exog-none,9,0,41929,114.67680030420304,94.4377563708697,75.3468534053321,-7.871490225047161
exog-none,9,0,41953,109.63235572055444,91.27788811419047,74.12910830679293,-7.397676044329945
exog-none,9,0,41977,98.83201985225452,76.8681044411509,58.66557494113114,-16.115855076125136
exog-none,9,0,42001,100.03432989416754,75.37346087310421,50.97010419183832,-29.907802264104756
exog-none,9,0,42025,108.774662031904,83.3740529590267,52.03155388193874,-46.59784829565448
exog-none,9,0,42049,124.5617489550832,97.52055201673312,55.29932348682929,-59.560685586952765
exog-none,9,0,42073,123.71142110942505,100.70812193599356,68.28226253313106,-20.0447521142289
exog-none,9,0,42097,128.6436813233854,111.54673382230666,83.01876052014974,18.15641585078331
exog-none,9,0,42121,124.80418387416276,103.98924145958571,76.00154228378781,4.790735418994091
exog-none,9,0,42145,125.46880554271014,102.05443248162436,74.85366461832074,-12.583552780563515
exog-none,9,0,42169,134.50099563733414,109.36141263837295,80.02123055000831,-36.477630037954775
exog-none,9,0,42193,116.68306077219307,92.60687251848424,72.85995699214604,-29.12805501606732
exog-none,9,0,42217,94.80204503438236,82.4969576044665,80.60765153432638,30.7725090367849
exog-none,9,0,42241,89.28363532227489,78.62725973941811,84.46923563311705,45.99661810634689
exog-none,9,0,42265,88.87587077363602,78.54895897251406,85.74929124555408,47.39376911769141
exog-none,9,0,42289,87.958298354025,76.70963039048851,82.17721589362893,39.358066685127305
exog-none,9,0,42313,99.09440146718252,84.72685547085023,92.0161598364281,51.34578629615006
exog-none,9,0,42337,114.12780994691929,101.76725793447284,113.60815837903276,85.43682493439448
exog-none,9,0,42361,126.3614981970096,117.24903799643336,126.6319594074862,111.66656172179869
exog-none,9,0,42385,109.88669633697668,102.1854347141468,115.6181796543427,96.73715638840586
exog-none,9,0,42409,87.81800293782425,79.40316515998488,93.79771405336564,70.0388203689302
exog-none,9,0,42433,73.80682609529275,65.23393685150411,79.47589773107595,51.12818213444509
exog-none,9,0,42457,80.65618475785622,73.25283902366648,93.97052187242946,62.448577253135205
exog-none,9,0,42481,83.66158888940384,78.39569415041258,106.19349631323736,72.90394407587887
exog-none,9,0,42505,78.54158415736701,70.50290532369188,95.6798437109916,65.65790443029911
exog-none,9,0,42529,68.8671890170752,60.46504223788237,91.94540912387276,51.12427048452597
exog-none,9,0,42553,66.48126440722103,56.91773823588809,89.11391167882182,19.62597460045285
exog-none,9,0,42577,82.05327326472683,67.79327417399199,98.5658734752624,12.795973826109073
exog-none,9,0,42601,83.76039207600144,72.54886969042266,109.74261214465244,22.15793481325057
exog-none,9,0,42625,76.71873495652925,63.25740284869992,96.11586344858851,11.960333275016978
exog-none,9,0,42649,118.43761031897807,83.87410492970268,84.38095142327496,-41.89814105537554
exog-none,9,0,42673,165.41165491030316,121.43029173120368,98.40953919143548,-99.84737682716566
exog-none,9,0,42697,182.5248777230252,141.26313737581162,106.15797286069102,-124.3896630281496
exog-none,9,0,42721,169.7748515708284,125.6288403641984,99.673537332497,-95.14963051011992
exog-none,9,0,42745,162.52507179186273,120.02301494390254,92.78679393570486,-93.31391077551626
exog-none,9,0,42769,166.2556336823393,123.11424275197568,88.19887341920423,-104.52910212677152
exog-none,9,0,42793,171.97366998952918,134.61569374853224,95.90750812145832,-118.1198583806157
exog-none,9,0,42817,151.6335598077293,118.24374564980904,83.24207603326033,-97.1549734460357
exog-none,9,0,42841,122.43138072917272,93.33236074963624,78.47650075090907,-36.74285154945131
exog-none,9,0,42865,115.0606069828171,84.8656371290312,72.36068335324173,-23.41986793352673
exog-none,9,0,42889,135.75571889010686,104.0738544368151,72.28610315671324,-61.193583354295775
exog-none,9,0,42913,136.4096885467205,111.6528679283672,82.56360344896862,-48.33456867687765
exog-none,9,0,42937,136.784563586055,114.94811868188894,93.51195833666029,-35.63769100024907
exog-none,9,0,42961,124.214009436469,104.66754707151874,94.20882680901796,-5.289517326557897
exog-none,9,0,42985,126.89084191385192,116.3587258588452,111.98337342112043,53.95590594428344
exog-none,9,0,43009,120.71519755409936,112.53040883465292,117.2481413891782,59.87957158220305
exog-none,9,0,43033,127.16259836060236,120.10464962814548,128.0936783552912,76.13133086000852
exog-none,9,0,43057,128.17283733664135,121.43222398947007,134.63421205687868,115.32890553126016
exog-none,9,0,43081,125.31461813112344,118.05538757785588,133.8862112364451,117.83966805454976
exog-none,9,0,43105,118.43988939836125,108.0635404735724,121.82956866752431,107.8261182374306
exog-none,9,0,43129,122.95148727053892,112.50100302157564,115.64160149538672,68.22365706709544
exog-none,9,0,43153,119.3550012320242,106.14954903534606,106.48746800042429,37.69417211385449
exog-none,9,0,43177,114.50434726814852,95.75577067587952,99.5367593729233,13.90619222540312
exog-none,9,0,43201,116.55022475068736,94.0115963043618,102.14462016276552,3.912810571939761
exog-none,9,0,43225,114.02483386050912,93.40349893246088,104.06137874921517,8.052671892420536
exog-none,9,0,43249,111.85769850475012,88.89169939518182,96.84320874568142,-0.6154808488561392
exog-none,9,0,43273,116.67454810075776,94.9534499685663,103.56784262840604,-4.532758195302769
exog-none,9,0,43297,96.15915163161144,86.55209773757933,116.6375529734601,48.20011045174047
exog-none,9,0,43321,81.33661672387208,71.40229784475513,108.8908468630605,41.69068206340354
exog-none,9,0,43345,80.03797203022697,68.30627100462215,96.19219397842176,17.001671429852898
exog-none,9,0,43369,82.02792524694401,70.27252016064243,93.37898628619202,6.312983928433658
exog-none,9,0,43393,85.92757631302568,71.90104214321197,105.35462831265032,-6.785297756235588
exog-none,9,0,43417,84.09399937294761,72.01138948227816,115.7810924188674,3.654828693804301
exog-none,9,0,43441,73.3638384194763,63.42189274798706,102.9802557597712,4.752997756493192
exog-none,9,0,43465,73.24431723768623,61.01624420880892,89.84041760751221,-13.37065305790981
exog-none,9,0,43489,69.73569575005139,58.30060232209352,95.13986208246912,10.336226244857071
exog-none,10,0,41641,104.8263988107252,70.7046062028856,66.36174180886213,-33.354338627105825
exog-none,10,0,41665,155.0595553032945,108.41065793053016,77.63204936504225,-76.24996658607185
exog-none,10,0,41689,175.80559162527945,133.2729514700655,86.2516524381304,-103.31853633638578
exog-none,10,0,41713,187.40355881628255,153.29263886752773,101.09199981337322,-124.60307838745273
exog-none,10,0,41737,190.65862261887528,155.79637395142947,111.10605505495704,-124.49183145677034
exog-none,10,0,41761,194.9283376201126,159.9170300576275,119.87167451263814,-127.33840085658906
exog-none,10,0,41785,188.2272746168604,152.7465999014175,120.29463900216808,-107.07841013748872
exog-none,10,0,41809,154.47970497266627,127.61953815301796,115.83215720170934,-49.7531071267004
exog-none,10,0,41833,115.40932069474688,103.16419678119136,114.32938908593462,14.424988646756688
exog-none,10,0,41857,96.1448497402919,88.10924291482813,107.98214403492833,58.80455104733524
exog-none,10,0,41881,104.280795919034,94.08205160250289,106.8737634732054,69.7617775687075
exog-none,10,0,41905,109.47483212887036,92.7778989937677,89.21298017310748,23.098944926837788
exog-none,10,0,41929,114.68019548635024,94.43965088352984,75.34528340801467,-7.857367977870408
exog-none,10,0,41953,109.63206301719464,91.2789604667956,74.12779908737257,-7.384019484306707
exog-none,10,0,41977,98.82852658899056,76.86632962607065,58.664010044503776,-16.10805157231611
exog-none,10,0,42001,100.03129434837994,75.3708255823399,50.96750614550088,-29.89445058724261
exog-none,10,0,42025,108.76153382695423,83.36338272024383,52.02463385002276,-46.5793001758989
exog-none,10,0,42049,124.54893818829473,97.5083456911438,55.2928420827843,-59.541594088327614
exog-none,10,0,42073,124.755302980615,101.52675620302364,68.62255244366435,-19.96888605559984
exog-none,10,0,42097,128.6417021797179,111.54534978450258,83.01700087655625,18.17065498487903
exog-none,10,0,42121,124.79855689614432,103.98813711335085,76.00107897110823,4.805347723980604
exog-none,10,0,42145,125.46456466201543,102.0502971884472,74.84980021774413,-12.56471034445967
exog-none,10,0,42169,134.49907683280244,109.36337115618224,80.02178510099628,-36.46861718269314
exog-none,10,0,42193,117.71956471291352,92.5941224824726,72.72218988989364,-28.415239656365017
exog-none,10,0,42217,94.81232408959892,82.5088239841982,80.61295047302718,30.78515511849752
exog-none,10,0,42241,89.28794197230765,78.62861076487695,84.46821914842563,46.0102794925969
exog-none,10,0,42265,88.88035475823418,78.551049913399,85.74856148713071,47.40742042213657
exog-none,10,0,42289,87.95915736022214,76.70920796445506,82.17567330647343,39.37016568580916
exog-none,10,0,42313,99.0970348326525,84.72592245864746,92.01423996206736,51.35510488929994
exog-none,10,0,42337,114.1300502052011,101.7688719932664,113.60840676906308,85.44009145507104
exog-none,10,0,42361,126.36809147943733,117.25657158536032,126.63455427827144,111.67351476414548
exog-none,10,0,42385,109.56154305932876,101.82700015819202,115.47620714837932,96.33785973668856
exog-none,10,0,42409,87.82946041567847,79.41191390654583,93.80068544610027,70.05344203715445
exog-none,10,0,42433,73.81397003660047,65.24042950600567,79.4783299165203,51.14411587443541
exog-none,10,0,42457,80.66275866891874,73.25900248895216,93.97262419948252,62.45981732061736
exog-none,10,0,42481,83.67312068314219,78.40850033444626,106.19941296933222,72.9184769995724
exog-none,10,0,42505,78.55606945273921,70.51862112416158,95.68955470037795,65.67432759500477
exog-none,10,0,42529,68.87481816929208,60.46965847310488,91.9457224007418,51.136796364767264
exog-none,10,0,42553,66.48030256994141,56.91997046118269,89.11399512658666,19.63998968869821
exog-none,10,0,42577,82.05343436659113,67.79702466701981,98.56626426229612,12.814565459427378
exog-none,10,0,42601,83.76424080315152,72.55734749245346,109.7479305519924,22.175274724502607
exog-none,10,0,42625,76.72098647186773,63.26470314780303,96.12119382210872,11.97499314258762
exog-none,10,0,42649,118.43335609127848,83.88000377046978,84.39448152968058,-41.88109784873843
exog-none,10,0,42673,165.40713366033236,121.430559932656,98.40683815257336,-99.83502760212988
exog-none,10,0,42697,182.5130184211264,141.2529462294843,106.14488401870634,-124.37539250370249
exog-none,10,0,42721,169.76795690259797,125.62593261722958,99.669725587528,-95.1294696464592
exog-none,10,0,42745,162.51723231801577,120.0187335758682,92.78064254702656,-93.29927374804394
exog-none,10,0,42769,166.24850575502833,123.1111303962481,88.19509154991094,-104.51309693159172
exog-none,10,0,42793,171.9646512569325,134.6079162721587,95.8990556951864,-118.1062051838444
exog-none,10,0,42817,151.60480289717057,118.22447315475956,83.22828359612969,-97.1313048070102
exog-none,10,0,42841,122.42695657941265,93.33351044014016,78.47669172047114,-36.72120929058896
exog-none,10,0,42865,115.0603358916303,84.86991857359341,72.36324279506705,-23.410667412981265
exog-none,10,0,42889,135.75472234806546,104.07719605421636,72.28812569985911,-61.18377008085244
exog-none,10,0,42913,136.4064562537913,111.65416942735725,82.56398917315327,-48.32370948376317
exog-none,10,0,42937,136.78199160130296,114.95132879852474,93.51283804593686,-35.6246707468198
exog-none,10,0,42961,124.20176050886468,104.6614420655944,94.20472269249746,-5.273509292888876
exog-none,10,0,42985,126.90412681559825,116.37273111574063,111.9873585764184,53.97900066384576
exog-none,10,0,43009,120.72269148515149,112.53630681771128,117.2479953829804,59.89102117312501
exog-none,10,0,43033,127.17072971418472,120.10996716003504,128.0933738393489,76.14379190720797
exog-none,10,0,43057,128.1849340903354,121.44286383972124,134.6362776389672,115.34049520202282
exog-none,10,0,43081,125.32581409346938,118.06485997418652,133.88792158677683,117.84936040596688
exog-none,10,0,43105,118.45396106966344,108.07428693413938,121.83171646839344,107.83709998251604
exog-none,10,0,43129,122.94176046631635,112.4932327805668,115.63727759285295,68.2304429168613
exog-none,10,0,43153,119.35400273103912,106.15038074449224,106.4871751018534,37.70194229920668
exog-none,10,0,43177,114.506700687376,95.76036148197556,99.53801774981147,13.919505891753948
exog-none,10,0,43201,116.55571121444596,94.01945681548992,102.14861430752444,3.92332336898826
exog-none,10,0,43225,114.026750528414,93.40925947738172,104.06393493416236,8.06575385913756
exog-none,10,0,43249,111.85773993660185,88.89779641139503,96.84623216367852,-0.5988167057577996
exog-none,10,0,43273,116.66936323113516,94.95490619006571,103.56786073400886,-4.517110793379134
exog-none,10,0,43297,96.16487054631118,86.5606739783369,116.64125099058404,48.21335917969937
exog-none,10,0,43321,81.33606347507255,71.4065632194531,108.89287488713238,41.70222324529639
exog-none,10,0,43345,80.0361053509045,68.30707149237465,96.19099329268325,17.01541620566866
exog-none,10,0,43369,82.03138832707072,70.28200368631563,93.38511422758488,6.32944014325158
exog-none,10,0,43393,85.93177154853123,71.90991534997195,105.35844018823958,-6.766808447670945
exog-none,10,0,43417,84.08905708526467,72.01529887405196,115.78175973337504,3.676642003446148
exog-none,10,0,43441,73.4670536418935,63.51225952299193,103.09241313206302,4.782377996377794
exog-none,10,0,43465,73.23810791089326,61.01429859539183,89.83538233319311,-13.358582990735746
exog-none,10,0,43489,71.03729361413414,59.783552034699845,96.8621310274656,10.531156842607722
exog-none,1,1,41641,103.33862137268176,69.46585849977204,65.34766897893392,-33.54885339413621
exog-none,1,1,41665,153.6485970136516,107.30689323485996,77.0274215887167,-77.24613549209482
exog-none,1,1,41689,176.02779984129893,133.95713943835565,87.09673779594628,-103.36277369995854
exog-none,1,1,41713,187.18996340053044,152.8597529349368,100.30541690544015,-123.21267691512556
exog-none,1,1,41737,191.76571736403923,157.97094792676464,112.28489536786137,-123.7122577286592
exog-none,1,1,41761,195.52601148738535,164.12454742165096,125.40084146073876,-125.73482243314426
exog-none,1,1,41785,187.41907538285236,152.61706648006856,119.51964373808757,-105.41193520165923
exog-none,1,1,41809,155.46918514173737,127.66126895997752,115.56516294739671,-50.82213217268571
exog-none,1,1,41833,116.50163980795224,104.05752252969208,114.13829583523083,15.699560076199138
exog-none,1,1,41857,96.12305816247571,88.19202561785184,107.98852406442312,59.41602505074715
exog-none,1,1,41881,101.77285569034328,91.77295851635296,106.13469041154111,67.28052779808995
exog-none,1,1,41905,108.64938628709508,91.10924201109034,87.89157536558933,25.152852019028085
exog-none,1,1,41929,109.22248259747126,89.83867561424817,72.69418826582856,-4.700226646853664
exog-none,1,1,41953,108.33789016222916,90.40914819809625,73.42800174717252,-2.6708278545539392
exog-none,1,1,41977,102.58733386948512,82.0730185929806,62.14490377457209,-11.5961274655171
exog-none,1,1,42001,98.4418575234286,73.00727236182114,49.25249741048041,-27.21709070137469
exog-none,1,1,42025,112.22802439637528,86.64457279023993,54.11259215182538,-48.3037321122001
exog-none,1,1,42049,133.62009384271278,104.2058618897526,58.53578376706739,-65.00544709984912
exog-none,1,1,42073,124.74897823208384,102.67277765982097,69.07362105980836,-19.086225232742965
exog-none,1,1,42097,131.64535394926898,115.431477655966,84.83494483644617,19.18914817134037
exog-none,1,1,42121,127.04124235934866,108.65005847907358,78.92954261487543,8.363795340188911
exog-none,1,1,42145,125.54627427765756,100.41111853084276,73.45274390706842,-13.44111788412187
exog-none,1,1,42169,131.1798803520168,107.42078904247224,79.06002477075535,-36.11748771330732
exog-none,1,1,42193,119.16340096640012,93.9660658497392,73.31319325163135,-28.547053697196286
exog-none,1,1,42217,88.15854544848995,77.68229489659264,78.724723229855,30.223180057723603
exog-none,1,1,42241,91.43507554734312,80.5506765622985,85.17410234369068,47.13197442253046
exog-none,1,1,42265,92.06045396440476,80.5150593896017,85.8704544244038,48.06403311479969
exog-none,1,1,42289,90.4187801733044,76.47629542961278,80.6584946911576,41.71360616856324
exog-none,1,1,42313,101.5095689943079,87.97381365173312,93.70100778729736,54.61293640173622
exog-none,1,1,42337,118.1586717861892,104.77072952016636,114.24693491225568,90.35094068556164
exog-none,1,1,42361,129.2701045642157,120.44197947063267,127.60133133528812,113.5669270763661
exog-none,1,1,42385,114.01691816077194,105.92310430686943,116.18055956875988,99.53628430939824
exog-none,1,1,42409,88.55570166972647,80.75541973400881,94.98665933851356,70.47646340793678
exog-none,1,1,42433,72.70015685627602,65.19564476522926,80.20358424703754,49.27161212428798
exog-none,1,1,42457,82.19732344545181,74.61188227308655,94.67137277165736,67.14293685855343
exog-none,1,1,42481,86.81865652141728,80.21369734908788,105.79508821731692,74.89534468159579
exog-none,1,1,42505,77.18391479451358,69.89639533343927,96.1929853475107,64.32312112084549
exog-none,1,1,42529,67.97767123421896,60.22900645709594,92.17521129611306,52.03660141605295
exog-none,1,1,42553,69.76493830306796,59.31410109372029,91.82956209198544,18.876521365567783
exog-none,1,1,42577,83.01006408625446,69.4133727183592,101.01477209923893,9.535529929596036
exog-none,1,1,42601,84.01324706563776,73.21828637862042,111.19252279166274,21.055957937689545
exog-none,1,1,42625,79.31397825830035,65.77438110158892,97.38827771471236,14.375807723764218
exog-none,1,1,42649,120.21853148643366,86.9122831582768,87.11611552101334,-39.44135978639251
exog-none,1,1,42673,163.30626172085377,120.4778951808925,93.09071774701911,-96.50341858593669
exog-none,1,1,42697,183.20648321294053,141.12610789590565,105.35655789468998,-126.04818548321607
exog-none,1,1,42721,170.4713094299192,125.5312028545292,99.32952319798686,-98.15516413339026
exog-none,1,1,42745,162.47715589697225,120.5632449289386,93.67651470434546,-91.7241325102309
exog-none,1,1,42769,164.51210359607916,122.57004101365278,87.85598502455922,-101.60768174983198
exog-none,1,1,42793,171.60532349714734,133.82816898673104,94.80297098767248,-117.09796978857496
exog-none,1,1,42817,154.02864147069292,119.82871402050716,83.2818882958556,-97.01734276831762
exog-none,1,1,42841,120.35463474188062,90.9284805725024,76.15377233516253,-38.00873504815706
exog-none,1,1,42865,110.78177814344902,82.28383769202728,70.97023426238225,-19.94351132493726
exog-none,1,1,42889,131.7755075801036,101.2431692947038,70.51230286384379,-58.48163340022517
exog-none,1,1,42913,134.38556392341147,110.39177273650226,81.8271836731068,-47.1112540795682
exog-none,1,1,42937,135.01568309691925,113.76928622014202,92.78712224416006,-35.34231621353955
exog-none,1,1,42961,131.67990088428934,113.82330549608602,99.44829659659143,-8.314626239920514
exog-none,1,1,42985,123.15130430965674,114.2628971113662,112.0486736420692,53.02241156409095
exog-none,1,1,43009,123.63371354330502,116.5793727889384,119.07201038664954,63.335345259885
exog-none,1,1,43033,131.75576169504757,125.99705182501174,130.65572333124024,77.53172019075586
exog-none,1,1,43057,131.13568520977128,124.77247150560866,135.6516605099102,118.97322279447884
exog-none,1,1,43081,129.41248449319534,121.91997229445886,134.7069883537837,121.73607356522416
exog-none,1,1,43105,122.41411947474046,113.84023870784172,124.6075484829012,113.63697617086996
exog-none,1,1,43129,128.96707257776495,118.19742150946831,116.76422721090174,75.02705257640844
exog-none,1,1,43153,121.1677398675293,106.65402578137116,106.4920444031194,38.33036664315118
exog-none,1,1,43177,113.76248826107113,93.85586806282632,98.85052384853404,11.752917304137975
exog-none,1,1,43201,115.9906501002654,94.5918008746742,102.61476939955864,6.994454559704511
exog-none,1,1,43225,116.11342026522114,95.8983257218858,105.78057195434158,11.18557568299205
exog-none,1,1,43249,112.86645824643855,89.48420957282349,97.07563053216842,-0.1649894410557007
exog-none,1,1,43273,119.72712780672204,98.04847024940968,105.18700115641022,-2.9159325995521987
exog-none,1,1,43297,98.82096739320446,88.40899182034202,117.64555747366666,47.88245388440915
exog-none,1,1,43321,79.47756360879221,70.32050590003287,107.95761621539243,42.86848469074849
exog-none,1,1,43345,80.86447188017509,69.62678617488821,96.81127974209387,18.25907775763452
exog-none,1,1,43369,83.24625578486297,70.43335618622413,92.95828345908946,3.385821717146828
exog-none,1,1,43393,86.74078367266462,72.16890269851578,106.18547956164468,-9.77163907277087
exog-none,1,1,43417,82.96702974901648,71.1201683209253,116.27097719307788,1.6714372621069635
exog-none,1,1,43441,75.03621296642886,64.97063489334002,104.62265655796864,3.860896754555895
exog-none,1,1,43465,73.8983083198277,61.39250514487272,90.1267568341279,-12.074648874161308
exog-none,1,1,43489,72.8186974811622,62.01901321824601,98.4519473599644,8.54049122869097
exog-none,2,1,41641,102.4655101883896,68.66352299580922,64.67153418037762,-35.073542549278066
exog-none,2,1,41665,153.8981931598694,107.17209631829452,76.68270564107321,-78.00562577594124
exog-none,2,1,41689,176.06294866826514,133.14246057003396,86.360842923616,-105.009307354513
exog-none,2,1,41713,186.73823159380615,152.0590528826705,100.69415834729634,-125.74156704010171
exog-none,2,1,41737,191.2027075649035,156.2908294619584,110.91954558987273,-125.77502068062388
exog-none,2,1,41761,195.554369745436,163.96342995506507,125.93698093649522,-127.85401902327608
exog-none,2,1,41785,188.3362906459718,150.31769819790918,118.29170026061216,-106.51655118444062
exog-none,2,1,41809,152.83954431188027,124.79262934889832,114.364059285736,-51.8308564192082
exog-none,2,1,41833,112.53826438748212,100.67608377031762,112.9613957365218,13.455512189729811
exog-none,2,1,41857,89.94866814690427,81.89983515795896,105.0074558121435,57.491693999715935
exog-none,2,1,41881,99.76518174132536,89.87832819821332,105.36695420154744,65.75528270853428
exog-none,2,1,41905,106.1255591230264,88.42682455760077,87.02920093659472,20.591521033643502
exog-none,2,1,41929,113.03873470542727,92.31408505328902,73.85034745704192,-7.145505754225848
exog-none,2,1,41953,107.96102783438889,89.3860500598046,72.99121489345099,-7.209973200218859
exog-none,2,1,41977,100.34744124141024,78.38490022886371,59.67047361389939,-14.994845219938616
exog-none,2,1,42001,99.62901450967928,74.79978319830607,50.55072980265391,-30.810024543394416
exog-none,2,1,42025,110.80922111469567,85.99670824137281,53.835719281942254,-48.00823466618177
exog-none,2,1,42049,129.42916333010194,102.53055605428202,58.34843598120729,-65.0814201345377
exog-none,2,1,42073,125.87271701103953,104.05616672033293,70.30012806318965,-24.45590521024859
exog-none,2,1,42097,132.54748516748217,115.6588462678549,85.19730172794992,16.735661147003405
exog-none,2,1,42121,128.58512182003162,110.40412806727228,80.35105336698251,7.405648180182869
exog-none,2,1,42145,127.1637428346737,102.96941500863184,75.44290573774485,-14.836202543641596
exog-none,2,1,42169,134.55197079308965,109.41035418127302,80.32920231942272,-38.24565036537109
exog-none,2,1,42193,119.86929963288416,93.56167992448836,73.20854850712115,-29.800861599835983
exog-none,2,1,42217,88.7060100505404,77.31047353476109,78.45429503586436,27.3956126492994
exog-none,2,1,42241,90.59384097684014,79.91022148234747,85.34129571574208,42.669110628299485
exog-none,2,1,42265,90.617405095627,79.58379813699375,85.89683528275887,45.794720795831694
exog-none,2,1,42289,90.02630483218331,77.4400832149496,81.98000649074298,39.1080574521312
exog-none,2,1,42313,99.85508117943372,86.80625699665413,93.7242683378387,52.73487606245487
exog-none,2,1,42337,115.46471242392823,102.44455897132096,113.58729752561852,88.04614245688039
exog-none,2,1,42361,125.4312437371784,116.55553933229471,126.49516492857356,110.42863671679822
exog-none,2,1,42385,110.47837328069954,101.19575516833406,113.47166669778863,94.76353491039352
exog-none,2,1,42409,85.96386884378025,78.65081660621043,94.27358940827814,68.22836657560953
exog-none,2,1,42433,71.97134565230185,63.80080177164039,79.24955749005369,47.34054490699099
exog-none,2,1,42457,81.0460248722157,73.5386463179924,94.14356707100664,65.95431445145108
exog-none,2,1,42481,85.42558801672956,78.54500348117767,105.01939992963383,71.98553424239097
exog-none,2,1,42505,76.05985257715982,69.03402484215368,96.44733230304765,63.105434679172745
exog-none,2,1,42529,67.45161280785545,59.544482702579856,91.70829577816684,49.85739106073007
exog-none,2,1,42553,70.48325859257119,58.50414099011756,91.32818984464213,17.015479830463498
exog-none,2,1,42577,81.82199737238632,67.48017086293541,99.15999833378967,8.442687336208197
exog-none,2,1,42601,84.17548978109458,71.81954895584246,110.21623937630991,19.00636850365805
exog-none,2,1,42625,77.77326154578118,63.1323818900176,96.33754005669267,10.002679263931848
exog-none,2,1,42649,121.8193531578034,86.23222994213297,85.68922379502119,-42.80379550046899
exog-none,2,1,42673,164.80040974136966,120.71933405532074,93.48771728706478,-99.02312831124075
exog-none,2,1,42697,184.7471065730849,142.7952479670292,108.30353520188764,-127.50929931359948
exog-none,2,1,42721,171.7712571327028,125.4955100365558,99.46027705700526,-99.88129767838544
exog-none,2,1,42745,165.77299337427877,123.32020181709156,95.81048564566817,-94.40835028147352
exog-none,2,1,42769,166.51789188731087,124.34445046755206,89.70642420500363,-103.03963892105052
exog-none,2,1,42793,174.0005181299531,135.9402914812992,97.03975734657824,-120.29606580416932
exog-none,2,1,42817,155.1893499046718,121.24668107453029,85.32990824672049,-99.19694737448802
exog-none,2,1,42841,120.96234065778056,90.54406764744952,76.44630801690387,-40.71485728966723
exog-none,2,1,42865,114.081225357828,83.82552723551096,71.80368742887586,-23.65469932933176
exog-none,2,1,42889,135.26086339454838,103.11077598077117,71.66952722986635,-61.64603712021443
exog-none,2,1,42913,137.48818233043036,113.27407195125546,83.79815643683442,-48.21203697683882
exog-none,2,1,42937,136.6317583279834,113.61640577497408,93.0342213306036,-39.04494761006029
exog-none,2,1,42961,131.95356166983274,111.21546800319828,97.70443100844496,-9.17156004598353
exog-none,2,1,42985,124.54485918797876,114.95502220630868,112.44361436316429,50.32577066373042
exog-none,2,1,43009,122.0826864176149,114.7052745910161,118.82707485637104,59.44529088872493
exog-none,2,1,43033,127.94424124498325,121.7359502480248,129.49997252237694,73.0217472153334
exog-none,2,1,43057,127.3259882289201,121.09552675493214,134.8268515711405,114.75365431572462
exog-none,2,1,43081,125.21306241124488,117.88985218169036,133.76967849665735,117.68900188938184
exog-none,2,1,43105,119.0742677522148,109.90462268868336,123.24919698850056,109.75981725502471
exog-none,2,1,43129,127.7596628479416,115.63825720743225,115.86911977528924,70.69266676332165
exog-none,2,1,43153,121.18855221878258,106.74969971429364,106.2932005379622,38.10757941628767
exog-none,2,1,43177,112.02090444450477,90.90757730209636,97.35720805460436,7.351556365825602
exog-none,2,1,43201,118.15184240097712,95.90078891599656,102.992151985306,5.734074089550481
exog-none,2,1,43225,115.83803075093157,94.70824645816406,105.23557642147858,7.797636650117992
exog-none,2,1,43249,112.87634027066308,87.44941806451168,95.1515385573803,-4.220216982967318
exog-none,2,1,43273,118.25349475187296,96.08763869600882,104.05670619228604,-4.711118671680519
exog-none,2,1,43297,97.56355227158542,86.45748974358011,116.16080068416676,46.799251219836
exog-none,2,1,43321,78.32763710975809,68.32586461847457,106.85210264521392,39.69480236095019
exog-none,2,1,43345,80.68719409797163,68.90234327495091,97.23889358680825,14.89348192746646
exog-none,2,1,43369,81.00005459939311,67.2338331193987,90.68534239327496,1.128203941974712
exog-none,2,1,43393,86.83466470634487,71.94537081609865,106.65989793860606,-12.359118276894936
exog-none,2,1,43417,82.69209331998248,70.26021925545493,115.93530147219404,-0.6745722640943073
exog-none,2,1,43441,75.46758438006242,64.04296481835806,104.14211649770591,1.1291603997447786
exog-none,2,1,43465,78.46480743018067,63.13965521578488,93.96609215400576,-18.32159099523645
exog-none,2,1,43489,71.83109172524904,59.31602996405055,96.6259524032036,7.311628830035313
exog-none,3,1,41641,102.37128073575164,68.95936916412009,64.85084838947488,-33.18498681062115
exog-none,3,1,41665,153.1443081000294,106.5859206084704,76.0445402624952,-75.7019513246233
exog-none,3,1,41689,174.22375885648356,132.16085239386152,85.57043399468535,-102.52985753192932
exog-none,3,1,41713,184.9740560116516,150.9411633431004,100.00301975691843,-123.87466920877102
exog-none,3,1,41737,189.28620787634912,154.87309110360127,109.59755440304517,-123.69525937233831
exog-none,3,1,41761,193.81727464095923,162.8723998404086,124.71043613654476,-125.68554945253564
exog-none,3,1,41785,187.1406848647344,151.49628035380496,119.1523470504522,-105.06619994909
exog-none,3,1,41809,151.00089681593514,124.52111355961787,113.98094789866528,-48.68094077259624
exog-none,3,1,41833,111.1777275229263,100.04372753042864,112.56720609859528,15.108601808226846
exog-none,3,1,41857,92.26054507855387,84.31465821942591,105.92756704950372,60.31858722123167
exog-none,3,1,41881,101.28158611789168,91.72026602801118,106.30153257733524,68.42506060804135
exog-none,3,1,41905,106.31700481004194,88.98987694827463,87.26074109713473,22.283994737818453
exog-none,3,1,41929,112.6081061121412,92.26149509702827,73.778177290694,-5.767166738025664
exog-none,3,1,41953,107.36390215887596,89.3757035519103,72.75252614464843,-4.060273433831379
exog-none,3,1,41977,100.15592216208988,78.44676653064633,59.47770279934945,-12.936843042526366
exog-none,3,1,42001,98.68930265932045,74.80219589029296,50.65277061777714,-28.90836263532804
exog-none,3,1,42025,110.0246691302748,85.39317300379369,53.40066888170024,-45.44186672963089
exog-none,3,1,42049,128.6978688704768,102.1030259441301,58.04437515313207,-63.26876567523151
exog-none,3,1,42073,125.87557156047764,104.59017772659288,70.64857268009462,-22.850070243528005
exog-none,3,1,42097,131.6646478929442,115.08294289948164,84.87858087090613,17.72200722651638
exog-none,3,1,42121,130.0315585339466,113.99060036237866,82.30618966504348,9.02647118099899
exog-none,3,1,42145,128.96877183634143,105.9339053097017,77.1237816192094,-11.506603305761386
exog-none,3,1,42169,136.45951282898457,108.99007283912206,79.82387181685601,-37.03136407798273
exog-none,3,1,42193,120.44480068012666,94.0495785439052,73.34684264190324,-27.556442727993293
exog-none,3,1,42217,89.87270680107254,78.15507407556643,78.8172419234658,28.358828142513683
exog-none,3,1,42241,92.47953199111004,80.72291257390077,85.29709630804099,45.86532140999262
exog-none,3,1,42265,91.64024356991764,80.0457795564793,85.9445488481495,47.73733945572276
exog-none,3,1,42289,90.78310901422007,77.93693845865647,82.05782035053889,41.11091396580001
exog-none,3,1,42313,99.431647463177,85.77181738250309,92.96299319307435,53.7606076588168
exog-none,3,1,42337,116.94714290162946,103.42857469556846,113.64197199650164,90.3726521067582
exog-none,3,1,42361,126.6034907991984,117.602017012897,126.73123295031496,111.76620646457955
exog-none,3,1,42385,112.88905237716632,105.2493805697688,115.92195945469564,98.7259205067405
exog-none,3,1,42409,89.24560016046959,82.18091886926801,96.06098711088688,71.74597252105255
exog-none,3,1,42433,73.29484305910023,65.12522331822481,79.94070742067875,49.18650683094302
exog-none,3,1,42457,82.23675319196916,74.36270150981079,94.3068961121188,66.9620088918969
exog-none,3,1,42481,87.8660745573467,80.97118546760905,106.22523441365315,74.31578856321332
exog-none,3,1,42505,77.16099102600252,70.46096678654814,97.18147660432348,65.03782453902406
exog-none,3,1,42529,67.6231641257262,59.95573125488655,91.86373903823312,52.88307006914883
exog-none,3,1,42553,69.67524264309861,59.178796055113445,90.7781702777324,21.468242695811437
exog-none,3,1,42577,82.6655716989599,68.84253383611473,100.1683636227116,10.153011225729712
exog-none,3,1,42601,84.58957258545655,72.6970318628363,110.64570023842806,20.92643693897101
exog-none,3,1,42625,78.11713041470857,64.49379797642457,96.99260937310108,12.18708231824446
exog-none,3,1,42649,120.92138884920152,86.629391598738,86.03337012369914,-40.61010401096063
exog-none,3,1,42673,161.00362563747078,118.49624161411504,90.8481431884369,-94.45398068310192
exog-none,3,1,42697,182.8879503831116,141.3386776753367,106.23118602869768,-124.47006851482833
exog-none,3,1,42721,170.72329796327026,125.21568916536133,99.22779846048029,-97.97273811230372
exog-none,3,1,42745,164.8927543786213,122.88859117349858,95.11494010649224,-92.4161741838038
exog-none,3,1,42769,165.0214424044399,123.31600254434136,88.6085722133654,-100.45615337982755
exog-none,3,1,42793,172.51141348532948,134.69468689997507,95.70461705140706,-118.35092953155248
exog-none,3,1,42817,153.95408426676494,120.28290779659584,84.56508350511798,-97.47479022491788
exog-none,3,1,42841,120.41573672013084,90.18838321783284,76.26789500636674,-38.99109926397899
exog-none,3,1,42865,114.92790390275408,84.99684606650835,72.40939852626795,-21.88158747976093
exog-none,3,1,42889,135.5639822457081,104.38524845445608,72.57790769489125,-59.91700724183941
exog-none,3,1,42913,137.10780610222093,114.12048783246294,84.28285453766642,-45.436934203552674
exog-none,3,1,42937,136.70754720988873,114.15055852293624,93.24878755971837,-38.09671327535735
exog-none,3,1,42961,130.7114073898849,109.31289797337874,96.61084590190892,-7.909053195571757
exog-none,3,1,42985,126.4791780211184,116.46923524909236,112.5447835357981,52.76326079765507
exog-none,3,1,43009,122.2489875466961,114.69659065861347,118.61619159814757,60.17917265673936
exog-none,3,1,43033,128.39795471155486,122.31122561854708,129.54697271945466,74.56819950862742
exog-none,3,1,43057,129.20618242209576,123.16368964640976,135.5267099696488,116.89465605285402
exog-none,3,1,43081,126.54863888810743,119.18489249352793,134.12070631689406,119.00738976306864
exog-none,3,1,43105,120.7962983426336,111.7770640835038,123.89307426249584,111.656247620728
exog-none,3,1,43129,128.556718745847,116.609873070361,116.17125573390088,72.26920840994528
exog-none,3,1,43153,120.86995664676388,106.2743881551709,106.26087236898827,37.9408707461061
exog-none,3,1,43177,112.55339134531332,91.88120660819308,97.88126519285966,9.839192633833042
exog-none,3,1,43201,118.61438043870672,97.03467729003184,103.34290149825034,8.117121358134503
exog-none,3,1,43225,115.23782149080262,94.67179766135918,104.70465414989778,9.697448773594624
exog-none,3,1,43249,112.8189551003696,87.59756392740427,94.5300882633334,-3.8265831430909274
exog-none,3,1,43273,121.11934379436748,98.8469766016076,105.67806807343408,-3.37059078977114
exog-none,3,1,43297,98.09152014739068,87.07895444059655,116.26350745468989,46.89822273181015
exog-none,3,1,43321,78.94867020278717,69.75464360885513,107.9882019494177,41.0178691576356
exog-none,3,1,43345,81.76433754196292,70.64536078802448,98.15862186288776,17.690009957312597
exog-none,3,1,43369,81.08336990050269,68.45803674222802,91.97125958003014,3.960441949249572
exog-none,3,1,43393,86.34857525729247,72.07052886741951,106.47376148492978,-10.759712957371011
exog-none,3,1,43417,81.96429273048676,70.23674809919423,115.12960404321366,1.541677309506438
exog-none,3,1,43441,76.75121808873712,65.50701966999772,105.43836694667984,2.198204773496156
exog-none,3,1,43465,78.1486926647868,63.63476082693104,94.43808707776928,-17.26289007621449
exog-none,3,1,43489,72.07472090593164,59.69257539652066,96.56087505296036,9.774428267646115
exog-none,4,1,41641,103.69595875170188,69.73781186420236,65.6214622667462,-34.454063215137126
exog-none,4,1,41665,153.6896363296221,106.71220395015888,76.11792493317434,-76.94359189412732
exog-none,4,1,41689,175.19188238459392,132.55801756044332,85.97032458595085,-104.18886333122198
exog-none,4,1,41713,185.7961099039832,151.5752341358303,100.6620138125172,-125.028608841579
exog-none,4,1,41737,190.0421458987558,155.3743725431064,110.0813474111532,-124.80088683127464
exog-none,4,1,41761,194.43258161389988,163.17268372267114,125.1003481421753,-126.6303741633725
exog-none,4,1,41785,186.3489286649008,148.82384101804746,117.22441419399586,-105.6266649216707
exog-none,4,1,41809,150.9911191833881,123.30491737176376,113.44851469182844,-51.07976444379245
exog-none,4,1,41833,108.17448483577785,97.23101714133637,111.06970573503784,14.54726623542084
exog-none,4,1,41857,91.26495146876732,83.50341497409238,105.58843867182108,59.43680222336819
exog-none,4,1,41881,99.02096126540864,89.34823791868767,105.43600129611674,65.51551013310444
exog-none,4,1,41905,105.9963701073657,87.88192437309249,86.70598848697679,20.59686476788948
exog-none,4,1,41929,113.94593364131131,93.0542018833978,74.17057022879517,-6.5392641836834695
exog-none,4,1,41953,107.79500231423908,89.37536937347319,72.9909187587144,-6.867647488030722
exog-none,4,1,41977,100.28667201910962,78.33900790928018,59.40740210501513,-13.646488064196726
exog-none,4,1,42001,100.27858159564884,75.04122611848022,50.58086699068527,-29.51406709930669
exog-none,4,1,42025,110.34479428797168,85.64648483092745,53.593141007430525,-45.989624076168944
exog-none,4,1,42049,127.67300732099096,100.2010759731378,56.71420347625061,-63.63382575401676
exog-none,4,1,42073,125.97507801906956,104.47161310097326,70.7000844802372,-23.95755913122061
exog-none,4,1,42097,131.43916848476798,114.36623050875151,84.32020730500186,18.160723930034845
exog-none,4,1,42121,130.17275609326165,114.10104108026891,82.49763560214531,7.869247732210018
exog-none,4,1,42145,130.36738985081578,106.07680099103312,77.23733358593421,-12.934009011191662
exog-none,4,1,42169,136.052321122854,109.4008595735041,80.17461940521777,-37.61812424424674
exog-none,4,1,42193,120.58708608032016,93.91558410604826,73.33602290422209,-28.414620348902595
exog-none,4,1,42217,89.7623716712525,77.81953546898097,78.06073791517699,30.872801066421964
exog-none,4,1,42241,92.31523348132276,80.70500957039198,85.34845190173205,45.66934224689213
exog-none,4,1,42265,90.84878849650912,79.28076487363623,85.64115666211993,46.26486534744109
exog-none,4,1,42289,90.70382636619073,78.19903500665866,82.34081815818661,40.09043302588549
exog-none,4,1,42313,100.07041269792512,86.39650686417441,93.24670625274725,52.678736319235625
exog-none,4,1,42337,115.47764732525114,102.21897450542043,113.45954109956912,88.34573220926359
exog-none,4,1,42361,125.95175789316524,116.8357556044445,126.45991038118534,110.77330322053054
exog-none,4,1,42385,111.8010831928988,103.89051129925411,115.31151806213076,97.4982993925412
exog-none,4,1,42409,86.65751053709059,78.80642346897682,93.9442201245168,68.6093578152956
exog-none,4,1,42433,72.02365316675979,63.6531783794593,79.04372301125197,47.43444126384162
exog-none,4,1,42457,81.43185743758605,73.69570480083424,94.1624645694382,67.37391240726492
exog-none,4,1,42481,86.97509354684118,79.75330646187328,105.48294588152484,72.61959243087705
exog-none,4,1,42505,76.2845673426418,69.113153902389,96.43001117638052,63.65825663389887
exog-none,4,1,42529,66.71870321788968,59.339586964247225,91.59457229922732,52.29791174802499
exog-none,4,1,42553,70.8029363104861,57.90091665420653,89.850924366454,17.218605571977427
exog-none,4,1,42577,80.58830953950617,66.04140858753696,97.62225216538202,8.139897743792325
exog-none,4,1,42601,84.75991056944818,72.93207979084374,110.44910010209747,20.557575731531568
exog-none,4,1,42625,78.72963030204235,64.9386768433317,96.92776844032647,12.497771082289963
exog-none,4,1,42649,120.29835290515136,85.5916245303865,84.90580282425286,-42.51281642043322
exog-none,4,1,42673,163.0806979107622,120.12585957295626,92.9737792720975,-96.03825162334086
exog-none,4,1,42697,183.9315806410107,142.62657999143693,108.23146085464256,-126.02899766181082
exog-none,4,1,42721,171.1980150941877,124.8995884952558,98.89170238850473,-98.37195478938835
exog-none,4,1,42745,165.63094101480752,123.35824422917008,95.67781444722874,-93.57475975757812
exog-none,4,1,42769,166.37946401235226,124.56322536268335,89.99967596271749,-102.14846893562746
exog-none,4,1,42793,173.19225056832687,135.23951310486714,96.30378604138494,-119.39462632375567
exog-none,4,1,42817,154.91526425147794,121.14824132437094,85.59999469642392,-99.17910080682378
exog-none,4,1,42841,120.93831490359648,90.5051503600704,76.6872750894254,-40.17395856992999
exog-none,4,1,42865,115.483948903069,85.2292802031139,72.69422749032208,-23.312394605664423
exog-none,4,1,42889,136.43003324322046,104.94599569253884,73.08905952914516,-61.33938824291296
exog-none,4,1,42913,138.03755900726716,114.09120228364492,84.3515077638015,-47.94664996211906
exog-none,4,1,42937,137.6280429889441,114.60734333740774,93.68441862187082,-39.81096631575778
exog-none,4,1,42961,133.34593053868247,113.23382425821596,98.61871812704824,-6.8609719433138725
exog-none,4,1,42985,125.60878726430587,116.46377357442654,113.08858631699768,52.03183472036624
exog-none,4,1,43009,122.02162479587592,114.23106344641482,118.55689144184124,58.77299778527146
exog-none,4,1,43033,127.45281637274302,121.21454453597656,129.1213777941564,73.61831197061535
exog-none,4,1,43057,128.62621447800217,122.64924400634948,135.4641446158722,116.31064977571532
exog-none,4,1,43081,124.2464227118772,116.82133674439696,133.4531037726544,116.53947267051774
exog-none,4,1,43105,120.14603287120946,111.0507673073094,123.6403256142378,110.90436875766008
exog-none,4,1,43129,127.41320629662955,115.5766710135464,116.09189142432948,70.09087966492598
exog-none,4,1,43153,120.57840300158324,105.63567309368194,106.06836969048304,36.57826635822571
exog-none,4,1,43177,113.47678313534465,92.65464131077395,97.9859899730299,8.917764804506884
exog-none,4,1,43201,119.33030940871184,97.66110723993584,103.70338063021944,7.169563988203268
exog-none,4,1,43225,116.65969579921516,95.44634073589236,105.60940651543562,7.470402704097242
exog-none,4,1,43249,112.86482600544475,87.01943178458941,94.08915959236644,-5.173687682284654
exog-none,4,1,43273,122.90135891806408,99.20558764629492,106.0725058715502,-5.925733102237847
exog-none,4,1,43297,98.12158967506166,86.46476440465693,116.02096964455264,45.46449100988045
exog-none,4,1,43321,79.25141000255353,69.47729095760084,107.51681724432778,41.312366756757605
exog-none,4,1,43345,81.34431939415308,70.15533440994503,97.9699116880742,16.65165054555228
exog-none,4,1,43369,82.163723244144,68.64595006466084,91.5845999457142,2.380255040424099
exog-none,4,1,43393,87.14079457622564,72.6784494401167,107.14053328441877,-11.137789242551875
exog-none,4,1,43417,82.40510473267344,70.49894757693768,116.0089579576334,0.3755939857132375
exog-none,4,1,43441,77.09118071206709,65.4596898784315,105.8098104221405,0.6037185160413265
exog-none,4,1,43465,78.35348056159737,63.33677912144189,94.07614260821902,-18.11661355096604
exog-none,4,1,43489,71.78688644439545,59.00411926319943,96.24453767393342,8.17400796957376
exog-none,5,1,41641,102.42965711702314,69.08171460773568,64.93683004242745,-32.01063534737857
exog-none,5,1,41665,153.39851813531882,106.4994789409896,75.88441747371513,-76.42776476056702
exog-none,5,1,41689,174.0813866572128,131.7359791672669,85.34011831449465,-103.16673542353098
exog-none,5,1,41713,185.342647348142,151.22201395812485,100.4505913797302,-124.64399941764589
exog-none,5,1,41737,189.58807610695067,154.9972500658386,109.7455916981522,-124.34126608977364
exog-none,5,1,41761,193.99839661797355,162.8899884593708,124.8098936615607,-126.10114714236344
exog-none,5,1,41785,185.5794493068573,148.79958269680003,117.38677138613076,-104.61208603172555
exog-none,5,1,41809,151.4215729110177,124.48412105443091,114.2085614855819,-50.754261434539366
exog-none,5,1,41833,109.66506511076848,98.71327047510484,111.88217924346452,14.677311348850466
exog-none,5,1,41857,91.52228725911068,83.77870684925085,105.68347952279856,59.99527749451296
exog-none,5,1,41881,98.27899650572596,88.770138776151,105.34839265234967,65.21172790033474
exog-none,5,1,41905,105.99553331902108,88.3961951995861,86.97972580684818,21.23104819974319
exog-none,5,1,41929,112.98881084753658,92.39837226964842,73.89512955592174,-6.630753597084203
exog-none,5,1,41953,107.17962871440356,89.16836147914701,72.68356715413974,-4.560373579935063
exog-none,5,1,41977,99.91504775356158,78.01558534018474,59.1981384266593,-13.3440618023769
exog-none,5,1,42001,99.2094807712273,74.81852740490623,50.59579668378144,-28.970868994586198
exog-none,5,1,42025,110.2140189625108,85.57694307713713,53.53931156103421,-45.40613618508172
exog-none,5,1,42049,127.52549618087612,100.78366009959258,57.57781954734321,-63.18793610474625
exog-none,5,1,42073,125.94751815944755,104.20373351157436,70.49503817422072,-23.798716860839672
exog-none,5,1,42097,131.50046454500136,114.5866373364124,84.66272012784,16.537046713015993
exog-none,5,1,42121,130.30003501799163,114.22930356680972,82.50169357220966,8.437999189069997
exog-none,5,1,42145,130.31666811733834,106.11132895436376,77.2026150178326,-12.437690384711226
exog-none,5,1,42169,135.15447752956572,107.72135986909947,79.00218209913716,-36.37686364568366
exog-none,5,1,42193,120.4188597863451,93.8401700986931,73.27770518865243,-27.82514522534097
exog-none,5,1,42217,90.47271584615036,79.40813076082799,79.70566427025364,29.210930935330172
exog-none,5,1,42241,92.51733987432374,80.84395134819611,85.3557571101909,46.23930096012935
exog-none,5,1,42265,91.19618167253182,79.5097693380617,85.68153213405996,46.83887006468465
exog-none,5,1,42289,90.36089413910926,77.53759971285434,81.89502688947155,40.56536291253248
exog-none,5,1,42313,100.19456210419872,86.3545507812713,93.14146853741744,53.07456044513202
exog-none,5,1,42337,116.01008507993927,102.56952652176076,113.44326785659996,88.57291373945813
exog-none,5,1,42361,126.06888833679685,116.9607039945174,126.52567107323304,110.94125487865958
exog-none,5,1,42385,112.8574411631286,104.28628504757616,115.02000260369157,98.34618761723154
exog-none,5,1,42409,87.16409643948329,79.69739258855095,94.61483368992684,69.35309009403475
exog-none,5,1,42433,72.57658622485648,64.2615332280043,79.35957594714773,48.22574942566581
exog-none,5,1,42457,81.73828911063491,73.95529398266444,94.2820486587288,67.8124957335937
exog-none,5,1,42481,87.37766368467854,80.11601801681527,105.61448251280824,73.08627643079654
exog-none,5,1,42505,76.81452497050516,69.84667436729968,96.74410932281342,64.39926306154476
exog-none,5,1,42529,67.15017841873207,59.63808550437143,91.71670192397218,52.91508960409504
exog-none,5,1,42553,70.29992049469158,59.22046672324142,91.73531992448989,18.0233177954992
exog-none,5,1,42577,80.68284742735696,66.2885710185914,97.79656589784628,8.666481523086858
exog-none,5,1,42601,84.50540224222804,72.3402261842585,110.4066366760738,20.144180176627327
exog-none,5,1,42625,78.75432897454499,65.13117300271746,97.08614597957876,12.934905240606028
exog-none,5,1,42649,121.31853227320416,86.72946540659574,85.94019136692114,-41.335975498779526
exog-none,5,1,42673,162.57000943430728,119.5553669138056,92.02121207228905,-95.10621026339643
exog-none,5,1,42697,183.3219614430127,141.63465134306026,106.54520968852091,-125.08761501670465
exog-none,5,1,42721,170.91652656290086,124.74612838208772,98.70992170252872,-97.86980933290296
exog-none,5,1,42745,165.41759964540358,123.16170175714946,95.43249311178728,-93.16897080915204
exog-none,5,1,42769,165.26634025241967,123.4749256460698,88.788104180003,-100.69467097528933
exog-none,5,1,42793,172.83831804995896,134.94175337498694,95.9817650056008,-118.91257143956184
exog-none,5,1,42817,154.53903349164736,120.82621602197668,85.3132182966615,-98.6886071140467
exog-none,5,1,42841,120.85577505467106,90.51455549136232,76.63457070906209,-39.23031828829234
exog-none,5,1,42865,115.5792090562062,85.31380310924064,72.708117208459,-22.951303440460077
exog-none,5,1,42889,136.28166947925286,104.87130951914094,73.00307795906758,-60.86594636864592
exog-none,5,1,42913,138.05224077637783,114.1934435436066,84.37522394830178,-47.51260688278781
exog-none,5,1,42937,137.15283134070893,114.1935733881602,93.43542157629598,-39.468564318177904
exog-none,5,1,42961,131.74049987501272,110.8192853944431,97.38922385600966,-7.518974891424159
exog-none,5,1,42985,127.58906566245156,117.27921536274611,112.58509590437384,53.096027487910064
exog-none,5,1,43009,121.61090381973384,113.81635257774457,118.35064633679724,58.7856426981944
exog-none,5,1,43033,127.83850186865234,121.6864699106103,129.42698809522796,73.72672723164656
exog-none,5,1,43057,129.207123438414,123.03676749925071,135.4601050548648,116.82980398438896
exog-none,5,1,43081,125.8584784840976,118.35688985768196,133.8217856039351,118.15342135929605
exog-none,5,1,43105,120.52026992349434,111.4750027543965,123.78825701124,111.33339131284664
exog-none,5,1,43129,127.49446415290512,116.1090199353987,116.43104354227265,70.9056333303091
exog-none,5,1,43153,120.16904855704516,105.90146306013382,106.25391942047632,37.938844684974846
exog-none,5,1,43177,113.42112198938769,93.091713158778,98.205137426317,9.355776861026632
exog-none,5,1,43201,119.56203568166715,98.01010317189234,103.80614224307052,7.673312002432722
exog-none,5,1,43225,115.36816334944628,95.02172761071957,105.2603447841582,8.483976693323344
exog-none,5,1,43249,112.56206698040472,86.84659580507434,93.83443056029743,-4.988940612857137
exog-none,5,1,43273,122.79259824012011,99.31509496735522,106.08611762595272,-5.402866562115762
exog-none,5,1,43297,98.3737904261088,86.8214242787099,116.19285741047167,45.92840443163016
exog-none,5,1,43321,78.82931256547398,69.6269942916432,107.9175415836314,40.88290120146005
exog-none,5,1,43345,81.44828216603386,70.16904309555267,97.87356492173195,17.158595611018622
exog-none,5,1,43369,81.68799083041658,68.34810393966534,91.40927664868384,2.254924432979897
exog-none,5,1,43393,86.56613260995134,72.25064941508269,106.82907661012642,-11.324897546410428
exog-none,5,1,43417,81.84719247435433,70.03841922687519,114.9547655288626,1.040177895553538
exog-none,5,1,43441,77.13763512197255,65.59471587813111,105.88640513621256,0.9181940533004292
exog-none,5,1,43465,78.41093407650104,63.449264080175865,94.19060729943236,-17.82877665067204
exog-none,5,1,43489,71.90069072953239,59.21644276290503,96.33653003736526,8.739276616058744
exog-none,6,1,41641,103.60747895083544,69.64465820958587,65.51882123969794,-34.464160886118336
exog-none,6,1,41665,153.4516836038451,106.49991609615827,75.90056605034755,-76.66377929155408
exog-none,6,1,41689,174.45025150644858,131.98157879694836,85.4132283448949,-103.59331507908315
exog-none,6,1,41713,185.64556070057623,151.4325709817017,100.6230461705962,-125.0362240847768
exog-none,6,1,41737,189.83527611078105,155.190596291656,109.9278852712262,-124.67304231823516
exog-none,6,1,41761,194.21185887005848,162.9938239253782,124.922051114749,-126.40462071129528
exog-none,6,1,41785,186.030323974664,148.606898373673,117.08085350009635,-105.3605906844596
exog-none,6,1,41809,151.49418034836455,124.41202930689488,114.2144251458484,-51.1302400433866
exog-none,6,1,41833,109.7093653267752,98.53976824571733,111.77028754798062,14.298079469585186
exog-none,6,1,41857,92.8465293157385,85.30117087206106,106.6368791661878,59.91851515707109
exog-none,6,1,41881,100.05173332590718,90.57152259360493,105.98158038706116,67.22667673588724
exog-none,6,1,41905,105.89440650673008,88.1840356560322,86.88570624347679,20.78403692384139
exog-none,6,1,41929,112.99931408318768,92.33726056668836,73.87046549093121,-6.981911065741168
exog-none,6,1,41953,107.15133674074518,89.0803350225986,72.64047464103834,-4.808895993193768
exog-none,6,1,41977,100.13163125415262,78.20911631428115,59.30550930343895,-13.410273980261405
exog-none,6,1,42001,100.46669648532716,75.18207471317513,50.65936708095363,-29.3430319712522
exog-none,6,1,42025,110.3719930655526,85.6672647106284,53.6094078974437,-45.64404001688106
exog-none,6,1,42049,127.3557021459878,99.82834719492875,56.50597460877735,-63.35104488283557
exog-none,6,1,42073,126.00172329504876,104.1947573022422,70.51391149522783,-24.18141282301061
exog-none,6,1,42097,131.22430662413132,114.12254962784648,84.18139050878439,18.166582921633385
exog-none,6,1,42121,130.32149950492374,114.26092328723098,82.57034488185883,8.07544222047737
exog-none,6,1,42145,130.3783897554105,106.03800254054352,77.18212446860468,-12.752210399585774
exog-none,6,1,42169,135.17607236279494,107.40854062508754,78.72068726802792,-36.5888268097123
exog-none,6,1,42193,120.56091923621108,93.80482682902652,73.26695904292501,-28.2127426700301
exog-none,6,1,42217,90.39530628396332,79.34909856528648,79.69370264590133,29.00910231382045
exog-none,6,1,42241,92.40020580830428,80.74204515210401,85.32359902726687,46.02425346250327
exog-none,6,1,42265,90.97550420808086,79.29796979961893,85.5882378050572,46.50542631524041
exog-none,6,1,42289,90.15784781073852,77.36032054856025,81.82870648770894,40.25572117930341
exog-none,6,1,42313,99.96218396146216,86.19718608367268,93.12256036735866,52.69926290573453
exog-none,6,1,42337,115.68060666949168,102.30731997458348,113.39000258154353,88.16748297338782
exog-none,6,1,42361,125.66627500704868,116.56973809001911,126.42086183531336,110.4830585379614
exog-none,6,1,42385,112.64852879952524,104.09753291656652,114.96445830159831,98.13064453687916
exog-none,6,1,42409,86.8061572645248,79.41482425322582,94.5205501919314,69.04821765778286
exog-none,6,1,42433,73.1610620092113,65.22123316286742,80.12942735354586,49.587764308232885
exog-none,6,1,42457,81.52677016570759,73.73483193565438,94.1642302396772,67.57112882567779
exog-none,6,1,42481,87.0700035888613,80.0099193168075,105.69319720030484,73.09246900053547
exog-none,6,1,42505,76.55639853909445,69.56868778790148,96.58735337950048,64.05941540212969
exog-none,6,1,42529,66.92922740365081,59.56824027396299,91.72886333212529,52.64885121255988
exog-none,6,1,42553,70.14236295556069,58.962459015223104,91.56951607565216,17.595995032214464
exog-none,6,1,42577,80.67420625792715,66.16206752871543,97.70881046665212,8.295822003521565
exog-none,6,1,42601,84.7329184998126,72.90544882257011,110.45745899686928,20.23217539786785
exog-none,6,1,42625,78.7266036153739,64.98361635297434,96.95395531237442,12.632250286599325
exog-none,6,1,42649,120.25347993659574,85.61746590569716,85.14216993686658,-42.47571500485349
exog-none,6,1,42673,162.94398644834288,120.12575490664776,93.04480068765538,-95.76731313592362
exog-none,6,1,42697,183.85154144169485,142.54521437981523,108.08622097268564,-125.89425625603496
exog-none,6,1,42721,170.9789880232157,124.68667508832144,98.5889295130813,-98.07984290567306
exog-none,6,1,42745,165.60363966933133,123.29468985118991,95.59977506929576,-93.53245763342018
exog-none,6,1,42769,165.41053817624922,123.61130951540883,88.9482447322011,-100.96278617967558
exog-none,6,1,42793,173.092861600023,135.16356592269315,96.23284115979416,-119.30349723151636
exog-none,6,1,42817,154.8803934400085,121.1286632325626,85.63904674571471,-99.1643013155982
exog-none,6,1,42841,121.2241582957262,90.71392539879764,76.89807033233113,-40.15332739464434
exog-none,6,1,42865,115.88754112344364,85.50276800649657,72.86713119873332,-23.39292605924724
exog-none,6,1,42889,136.66899927470286,105.1599761408436,73.2364069277182,-61.34390136126839
exog-none,6,1,42913,138.33800078559565,114.38921150362906,84.53091514063031,-47.89146812751541
exog-none,6,1,42937,137.4327944823894,114.33519129447298,93.55115889300704,-39.93454037542982
exog-none,6,1,42961,131.81856013248066,110.8709033527712,97.44581788062244,-7.706835116643605
exog-none,6,1,42985,127.76146893548224,117.43518048638391,112.74208103283928,52.858443316112776
exog-none,6,1,43009,121.41611714875204,113.59906488399628,118.32099087037626,58.339213612731726
exog-none,6,1,43033,127.31139068559096,120.98583160506682,128.9689072262725,73.97278244120376
exog-none,6,1,43057,128.9625597672487,122.79870647716584,135.40533917334264,116.57883017391777
exog-none,6,1,43081,124.14509965888416,116.73378127828585,133.43562785033097,116.44117725169238
exog-none,6,1,43105,120.30112638927936,111.25134462417776,123.7296730273016,111.10357946520716
exog-none,6,1,43129,127.25936341346323,115.87339532298516,116.38210023592,70.58983073175507
exog-none,6,1,43153,120.65150227711618,105.69484147617788,106.08792179472748,36.6737855676208
exog-none,6,1,43177,113.419194280675,93.03880772693604,98.20867240706184,9.038727919224144
exog-none,6,1,43201,119.70241512558054,98.08827613742608,103.88447391475108,7.38815265916045
exog-none,6,1,43225,116.7864474809308,95.63982409572344,105.70480862943327,7.4912713126456465
exog-none,6,1,43249,112.65968454443146,86.82068374581635,93.82538290460086,-5.3821589877569735
exog-none,6,1,43273,122.90892932832637,99.26670332100308,106.089234615922,-5.755032403323869
exog-none,6,1,43297,98.19221054382538,86.5561114234966,116.0875413290808,45.52748433999195
exog-none,6,1,43321,77.54191692049388,68.56037635897535,107.13770125653606,40.90762757179015
exog-none,6,1,43345,81.37689294452028,70.10083492404895,97.8816075743856,16.91360406467182
exog-none,6,1,43369,81.80610511416074,68.38578379681117,91.48325721747412,1.856636273823401
exog-none,6,1,43393,86.71222933079714,72.28815865875129,106.95780553448157,-11.698710913736925
exog-none,6,1,43417,81.93714179803436,70.04956938103695,115.06332748894404,0.7298201355282836
exog-none,6,1,43441,77.29787456339189,65.62007682522659,106.04109353695124,0.4573806334894005
exog-none,6,1,43465,78.56296041267889,63.48278964972468,94.3533997325038,-18.231434113384385
exog-none,6,1,43489,71.78687488981585,59.03657953820671,96.243744786335,8.41273317030856
exog-none,7,1,41641,103.63869216890274,69.7072187664961,65.61226843334062,-34.56448729566408
exog-none,7,1,41665,153.4233744198663,106.5390087954131,75.96538705546538,-76.66578374995365
exog-none,7,1,41689,174.92630804040547,132.28888711711502,85.7556427378779,-104.16490702085486
exog-none,7,1,41713,185.67582523019672,151.50045612895752,100.7166303605938,-125.10015293462205
exog-none,7,1,41737,189.84089964031156,155.22834174016558,109.98449806630678,-124.7209619298424
exog-none,7,1,41761,194.20452760265408,162.98062002090106,124.9240633497467,-126.45116646430232
exog-none,7,1,41785,186.0004560631979,148.53199148587288,117.02312187478772,-105.39269811616649
exog-none,7,1,41809,151.45051269097766,124.325830392153,114.1604839099706,-51.18010633383823
exog-none,7,1,41833,109.66366836788764,98.46738502330383,111.7394714533651,14.221274354043462
exog-none,7,1,41857,91.26223568417612,83.5070489121534,105.55905033652562,59.59181220333336
exog-none,7,1,41881,98.82880692530924,89.18137487285692,105.43309361155366,65.42851885051799
exog-none,7,1,41905,105.85237978299836,88.06715583726547,86.80983546032954,20.70111415042584
exog-none,7,1,41929,113.04487723106956,92.3003827636322,73.82981646509494,-7.0139553748543415
exog-none,7,1,41953,107.13749007135408,89.04312589549644,72.60649266106763,-4.7919157372110375
exog-none,7,1,41977,100.1019070454538,78.16514649421958,59.27305615270303,-13.41848006055669
exog-none,7,1,42001,100.52107335035966,75.15220081821077,50.62485823395766,-29.36665030859121
exog-none,7,1,42025,110.41526076796715,85.64885946149707,53.59260309275095,-45.64064999409496
exog-none,7,1,42049,127.3180403664328,99.80414613244923,56.49471182152174,-63.38346918376095
exog-none,7,1,42073,125.97484898298865,104.45238026128791,70.7145939568799,-23.96696761781352
exog-none,7,1,42097,131.2317570243532,114.07983739367695,84.15308385340423,18.14744220165712
exog-none,7,1,42121,130.34065724101066,114.33245164136804,82.62455041402943,8.01123446521315
exog-none,7,1,42145,130.42664566388012,106.05035366585638,77.18884457131794,-12.792518306168024
exog-none,7,1,42169,135.24585937978495,107.40611517580108,78.72266474802471,-36.65641502674501
exog-none,7,1,42193,120.3735604428086,93.48815904619278,72.9941666980373,-28.037853139967304
exog-none,7,1,42217,92.15822799884884,81.11891909858556,80.61051223967381,29.945052790237003
exog-none,7,1,42241,92.37506669410234,80.72192511359098,85.32392151851963,45.99576058046536
exog-none,7,1,42265,90.9523315965686,79.245534042332,85.55698576493916,46.43989508853528
exog-none,7,1,42289,90.63485992513988,78.03115218342217,82.19128636746024,40.247278415122416
exog-none,7,1,42313,99.93869024197046,86.1684661861045,93.11478165393264,52.66113191366179
exog-none,7,1,42337,114.99236716361553,101.73580846932414,113.283887395178,87.7518832282394
exog-none,7,1,42361,125.57990292052284,116.49995366549622,126.4091254742363,110.3811982629059
exog-none,7,1,42385,112.95829567199826,104.69562962913018,115.32659972435692,98.56640790764963
exog-none,7,1,42409,86.78533834259294,79.38871902463873,94.5046703222008,69.0067157957692
exog-none,7,1,42433,71.95558527769201,63.518243769568905,78.90721400221585,47.39170393249779
exog-none,7,1,42457,81.51730028121588,73.75664479507367,94.18921523311072,67.57428004167447
exog-none,7,1,42481,87.04818243679985,79.9741632934384,105.67218036586516,73.03290876251346
exog-none,7,1,42505,76.36853806028226,69.1884844565708,96.45828734330144,63.76527414173688
exog-none,7,1,42529,66.97383800848249,59.614300009236906,91.75653335722306,52.65178430218864
exog-none,7,1,42553,70.58402794221534,58.61114314773615,91.07392814288052,17.44877708283719
exog-none,7,1,42577,80.61289392925963,66.05649241468056,97.60448597833238,8.219656873876014
exog-none,7,1,42601,84.6753223316763,72.83226719754083,110.40103034313174,20.170243492774272
exog-none,7,1,42625,78.72001807688656,64.96271693548776,96.92666310034444,12.599715734816796
exog-none,7,1,42649,120.27836184727757,85.5567642034231,85.00780453647688,-42.57617214591024
exog-none,7,1,42673,162.92705034462526,120.09197975379,92.99197060338822,-95.78235552271477
exog-none,7,1,42697,183.86910760877907,142.57876248394447,108.16370491109934,-125.92817760957062
exog-none,7,1,42721,170.96507771446028,124.65405809611786,98.5540865426311,-98.08593185465344
exog-none,7,1,42745,165.61710155574406,123.27015029290727,95.5574614524469,-93.58037508435667
exog-none,7,1,42769,165.39931601344796,123.58258654678616,88.91392397143338,-100.96094550488702
exog-none,7,1,42793,173.1094414797085,135.1552267275895,96.21874576175836,-119.35828931252868
exog-none,7,1,42817,154.92824902462817,121.1325122319002,85.64128773848331,-99.26240863879454
exog-none,7,1,42841,121.30510723518604,90.79102606109718,76.9786211807656,-40.23455661169072
exog-none,7,1,42865,115.9692976643683,85.59436875904078,72.94101069610257,-23.4667834593873
exog-none,7,1,42889,136.7804587612677,105.27142494579624,73.32873127601037,-61.44389023111281
exog-none,7,1,42913,138.37919343783418,114.4500897356938,84.58652812214127,-47.95693827899655
exog-none,7,1,42937,137.5126435276768,114.42117204905536,93.6147506435123,-40.04045257993732
exog-none,7,1,42961,131.7376490855379,110.77396226934236,97.37215655163595,-7.905493968614342
exog-none,7,1,42985,127.82015680565988,117.48775014959872,112.76353872731744,52.87217331906307
exog-none,7,1,43009,121.8322678549192,114.07657467111297,118.38493609252517,59.418155536023136
exog-none,7,1,43033,127.3407270145189,121.09461517001344,129.0688756982122,73.70297756846301
exog-none,7,1,43057,128.80184512065725,122.83090087636604,135.52771979458652,116.50862791105972
exog-none,7,1,43081,124.08559987492568,116.65924084978067,133.40571776153956,116.35599864263556
exog-none,7,1,43105,120.3335520859244,111.26018258238771,123.72326902970497,111.11661323525178
exog-none,7,1,43129,127.22112114701864,115.83151618937812,116.3733338992583,70.56281850746815
exog-none,7,1,43153,120.1326701719491,105.81948364310726,106.24198832670322,37.71849173295254
exog-none,7,1,43177,113.66866735969631,92.86986953151046,98.07437779868656,9.010901390421022
exog-none,7,1,43201,119.75980643112771,98.147858797799,103.9274710073703,7.369926473378682
exog-none,7,1,43225,115.4090896683581,94.99068858794652,105.27793538439668,8.091944196683379
exog-none,7,1,43249,112.6795534073439,86.79275786401104,93.79098436777984,-5.462312062576608
exog-none,7,1,43273,122.94380195791044,99.26890485687224,106.09891417299777,-5.818365717308477
exog-none,7,1,43297,98.22855309903666,86.52707252983072,116.06939793851092,45.425820014116496
exog-none,7,1,43321,78.45946701284666,69.24460743454253,107.57191335433848,40.83166577576967
exog-none,7,1,43345,81.34410016377882,70.09244223594622,97.8713123953803,16.918622391372615
exog-none,7,1,43369,81.84377213337825,68.42316285559657,91.52110470221068,1.794352580925739
exog-none,7,1,43393,85.69750769516145,71.45164960116423,105.18984346566664,-8.754126365685016
exog-none,7,1,43417,82.44646856331391,70.61959740235177,116.11070069228468,0.5263372194415039
exog-none,7,1,43441,77.41466291153753,65.68014326446887,106.11077093191798,0.3440250018425456
exog-none,7,1,43465,78.61474035878621,63.48644316700058,94.38350556892564,-18.318489774814648
exog-none,7,1,43489,71.78491963557526,58.99246235920952,96.2034124506976,8.376925855359689
exog-none,8,1,41641,103.61797333396328,69.66565588193349,65.55724029587908,-34.550279655282125
exog-none,8,1,41665,153.4039986596353,106.49329777291328,75.9091544657142,-76.63093215114584
exog-none,8,1,41689,174.9294168942865,132.2711112015943,85.73329928685818,-104.1546773362719
exog-none,8,1,41713,185.68081607135832,151.50069202967467,100.6922635516311,-125.0569033633112
exog-none,8,1,41737,189.84711138954995,155.21135488290642,109.95167398510712,-124.70252299849822
exog-none,8,1,41761,194.23929434150693,163.16961169018754,125.09255247341476,-126.4965858379977
exog-none,8,1,41785,185.9943097556758,148.51108356186344,117.00925095494392,-105.35217804444122
exog-none,8,1,41809,150.6958738278447,123.03105856593156,113.28407442886284,-51.07975851039584
exog-none,8,1,41833,107.784066894164,96.91156314542852,110.93795015807156,14.540851095726696
exog-none,8,1,41857,94.1559213133304,86.04141847223042,106.59518667231109,59.80579890903592
exog-none,8,1,41881,98.84402054065458,89.2023016704344,105.4523316461952,65.40560592148117
exog-none,8,1,41905,105.94132081062564,87.76893420289633,86.63952765652057,20.518661563226903
exog-none,8,1,41929,114.16043741688252,93.20102616532851,74.23167123222757,-6.486362838629908
exog-none,8,1,41953,107.14323396965716,89.0762690497808,72.63059498971415,-4.749868154772972
exog-none,8,1,41977,100.06200372279754,78.14150844647503,59.26538176010933,-13.37818318194238
exog-none,8,1,42001,100.52516401797988,75.19096453543328,50.65588530782114,-29.334100517818754
exog-none,8,1,42025,110.41321478802828,85.68109340872357,53.619272319188205,-45.60745539716277
exog-none,8,1,42049,127.6390368371409,99.83149798952512,56.51482352754381,-63.36886211149353
exog-none,8,1,42073,125.9390674599068,104.43559160730328,70.70650961012082,-23.95038400293272
exog-none,8,1,42097,131.2142471741496,114.07403413823934,84.14299532556555,18.1869933924555
exog-none,8,1,42121,130.14047478313609,115.0098712710343,83.16616349419489,7.487204248865764
exog-none,8,1,42145,130.43954546489363,106.04872328376206,77.18684951781395,-12.768291482609817
exog-none,8,1,42169,135.25525565019964,107.4132109436672,78.72730686568083,-36.65132740254384
exog-none,8,1,42193,120.55274265971404,93.76998410347916,73.2474799976641,-28.18814881470852
exog-none,8,1,42217,92.21469869322074,81.16390311800244,80.6238681065251,30.020006294458167
exog-none,8,1,42241,92.40998090759206,80.73871263854075,85.32710680052831,46.02076324979364
exog-none,8,1,42265,90.97850017266182,79.26553195027438,85.56323725095832,46.45468674608717
exog-none,8,1,42289,90.65062314409218,78.0417018062904,82.19158978859686,40.269826387593874
exog-none,8,1,42313,99.9782338123458,86.20462659082555,93.12379938652364,52.7013329753752
exog-none,8,1,42337,115.0234552744963,101.75390039536076,113.28121886407692,87.78517342739686
exog-none,8,1,42361,125.82226317149043,116.62464547301666,126.3556343618775,110.58149748733987
exog-none,8,1,42385,112.97248363793486,104.68646067286318,115.31184183377516,98.59344827830029
exog-none,8,1,42409,86.81473704496436,79.41573800922106,94.51611833224196,69.0429362878087
exog-none,8,1,42433,71.95402123376448,63.51315986840016,78.90096110618701,47.3770475166334
exog-none,8,1,42457,81.56767836546484,73.717325978746,94.13288439965427,67.57740446296897
exog-none,8,1,42481,88.30489668362067,80.32422706118894,105.2993328589764,72.58299459270404
exog-none,8,1,42505,76.37494890426561,69.20151400466086,96.47445981164483,63.7812873952047
exog-none,8,1,42529,66.99355991535927,59.64241946297201,91.77814533769342,52.70205731355932
exog-none,8,1,42553,70.8482460002925,58.76330058716134,91.31867281708394,17.02077769766548
exog-none,8,1,42577,80.64004251833389,66.10317051522931,97.65273784828364,8.236929323303304
exog-none,8,1,42601,84.72935174325909,72.88861667092459,110.436851745778,20.185770330961404
exog-none,8,1,42625,78.75685434572867,65.01717091725065,96.96737748098776,12.657263343844042
exog-none,8,1,42649,120.27591650645144,85.60418626841934,85.10453300701171,-42.535629278810745
exog-none,8,1,42673,162.94741963491654,120.1452818246558,93.09342640121528,-95.78102796050996
exog-none,8,1,42697,183.8844867134629,142.58151581451554,108.13101403860838,-125.91584006050525
exog-none,8,1,42721,170.93791125647255,124.62055229501914,98.51214747589042,-98.04535402523814
exog-none,8,1,42745,165.63714538467633,123.30715867441866,95.6121896375061,-93.5716248807841
exog-none,8,1,42769,165.40708122069765,123.61320262273853,88.9544910932564,-100.93116583709244
exog-none,8,1,42793,173.11011706442375,135.15830712447274,96.22313083766116,-119.33241401846442
exog-none,8,1,42817,154.91865798611073,121.14062716846556,85.66141787117438,-99.24084649470036
exog-none,8,1,42841,121.29239283649044,90.77216971281824,76.96773350132133,-40.2122213768307
exog-none,8,1,42865,115.97290685454244,85.57302969276873,72.92469931690006,-23.461253307162814
exog-none,8,1,42889,136.7865610235441,105.26785254808978,73.32678176939274,-61.437125411610246
exog-none,8,1,42913,138.39869772141938,114.45205134841046,84.57847193304845,-47.91813410183506
exog-none,8,1,42937,137.50134754567136,114.39290612689103,93.59929490022417,-40.03872562162635
exog-none,8,1,42961,131.85798584662783,110.9137658638751,97.46482577018595,-7.631460080870885
exog-none,8,1,42985,127.8548710197424,117.53063670040056,112.7769412100822,52.92314140647615
exog-none,8,1,43009,121.8336664163298,114.08730363561403,118.3889577944655,59.44730122287668
exog-none,8,1,43033,127.34713720733168,121.11020439135588,129.06916899721554,73.74403047112853
exog-none,8,1,43057,128.8259695726461,122.85569068285544,135.5330267925208,116.55033326869906
exog-none,8,1,43081,124.0764358952663,116.64726186869215,133.40079729237047,116.34396031565475
exog-none,8,1,43105,120.38095835148368,111.33111050461814,123.7552400037285,111.18249503922884
exog-none,8,1,43129,127.22958593576764,115.86422369519885,116.392162364359,70.57779606221132
exog-none,8,1,43153,120.1272952594222,105.8202848603594,106.2419766364084,37.72753277433267
exog-none,8,1,43177,113.6954519429604,92.90923847659144,98.09874220675576,9.03376564175295
exog-none,8,1,43201,119.78461373236816,98.17479900734828,103.9368254470038,7.398294896211426
exog-none,8,1,43225,115.44593599006384,95.04304753905446,105.3172998594568,8.117732491450468
exog-none,8,1,43249,112.88232210090288,87.06929697718417,94.03742250384325,-5.164489371109474
exog-none,8,1,43273,122.9458763376358,99.2796394948732,106.1013646271967,-5.782191095791521
exog-none,8,1,43297,98.20563542737042,86.5338770563786,116.07823975411166,45.4549766394898
exog-none,8,1,43321,78.47051100077397,69.25739461381748,107.56965105372764,40.8789341946164
exog-none,8,1,43345,82.02978309859805,70.64501544003852,98.0167886342372,17.573977341112432
exog-none,8,1,43369,82.44856765762869,68.89318364976255,91.7505030142098,2.3933999180407577
exog-none,8,1,43393,85.71170572899503,71.49718786541801,105.23393147384093,-8.708550111791165
exog-none,8,1,43417,82.42288526216615,70.61535762971343,116.09678796270812,0.5621295428737632
exog-none,8,1,43441,77.40646706064325,65.67976636398875,106.12858362487974,0.3278797983805849
exog-none,8,1,43465,78.59944742737422,63.49312945496796,94.38882690485256,-18.31082066989241
exog-none,8,1,43489,71.79101169308025,59.01623697645029,96.22122411825322,8.425047657642878
exog-none,9,1,41641,103.62900078962215,69.68151625850625,65.57506278696926,-34.53993456663244
exog-none,9,1,41665,153.39196941472144,106.49385894899102,75.91412536466684,-76.6078588097009
exog-none,9,1,41689,174.9116204729357,132.26630975991935,85.73279981416422,-104.13546196681192
exog-none,9,1,41713,185.66524923116955,151.48630165657963,100.6906098411289,-125.0616936319134
exog-none,9,1,41737,189.830043007137,155.20526366591753,109.9498700169155,-124.68439933028066
exog-none,9,1,41761,194.18902855990152,162.979828845699,124.90999424899684,-126.39588386531902
exog-none,9,1,41785,185.9663676239931,148.51054152769834,117.0119535670771,-105.32955194394532
exog-none,9,1,41809,151.39822467693847,124.3040456711465,114.15007545645771,-51.13234196055829
exog-none,9,1,41833,109.6408847394468,98.47714413884984,111.74984211975048,14.260444853346014
exog-none,9,1,41857,91.29107742361975,83.54930610549172,105.58056774426554,59.65630327480624
exog-none,9,1,41881,98.84755555241924,89.20864437399057,105.45323554704392,65.4392924198497
exog-none,9,1,41905,105.8601987943568,88.10049953836688,86.8369022346212,20.720692212418133
exog-none,9,1,41929,113.0630895491766,92.3601097211536,73.87263529708117,-6.994678447150115
exog-none,9,1,41953,107.12846644462864,89.06943292615681,72.6267576664574,-4.741630310431609
exog-none,9,1,41977,100.05825463508457,78.14756508279376,59.26687736134968,-13.358580527661104
exog-none,9,1,42001,100.53036364229764,75.1980016829313,50.66000169193291,-29.317911365479528
exog-none,9,1,42025,110.40791969091124,85.6738413152377,53.61344819959152,-45.58234780709558
exog-none,9,1,42049,127.28880196714478,99.74877113547356,56.45994203714125,-63.3359570086583
exog-none,9,1,42073,125.9424057486125,104.43915886472035,70.70841913903853,-23.9403817552804
exog-none,9,1,42097,131.21765967278478,114.07453888046028,84.1428985233291,18.183245076000308
exog-none,9,1,42121,130.1479031429933,115.01784163745984,83.1672773859587,7.521647081372562
exog-none,9,1,42145,130.4267007137516,106.04920406977004,77.18601188194809,-12.75108779697537
exog-none,9,1,42169,135.24102160930073,107.4044884710212,78.72008350689211,-36.62540038556077
exog-none,9,1,42193,120.5481847690408,93.7659717916243,73.2450690818906,-28.171839944912065
exog-none,9,1,42217,92.22352128679128,81.17263651326627,80.62953025385676,30.02717925213666
exog-none,9,1,42241,92.42393247515471,80.75218745574419,85.32941677854052,46.05924345555034
exog-none,9,1,42265,90.99569803330482,79.27882713961081,85.56700649561382,46.48783836813351
exog-none,9,1,42289,90.66308622667192,78.04465257088148,82.18903683792487,40.28961427516209
exog-none,9,1,42313,99.9702873506976,86.18787843898123,93.1133881192623,52.70750353290846
exog-none,9,1,42337,115.02987175739668,101.76164086801202,113.28407741342654,87.79102564478583
exog-none,9,1,42361,125.82782646654222,116.63183653500874,126.35922840756596,110.58815787111148
exog-none,9,1,42385,112.99102742997717,104.70543706260057,115.31754338605852,98.61437360495198
exog-none,9,1,42409,86.8310529415417,79.43278184895259,94.52502239302116,69.0625301880938
exog-none,9,1,42433,71.95703990790118,63.5177833976256,78.90365045876038,47.38789396835017
exog-none,9,1,42457,81.53500048662747,73.75862429544055,94.186051711733,67.62685317150356
exog-none,9,1,42481,87.07903160492883,80.00942877895912,105.69410862784774,73.05553121948644
exog-none,9,1,42505,76.39689601541397,69.22360785861136,96.48584993847952,63.80140555729347
exog-none,9,1,42529,67.01401489896615,59.66044592883558,91.78840637402574,52.72458554382142
exog-none,9,1,42553,70.8485228681989,58.76430988078037,91.31932614052208,17.027759665569086
exog-none,9,1,42577,80.64530695775721,66.11468980418076,97.65944874332274,8.26108811853156
exog-none,9,1,42601,84.73299768413816,72.89462685977996,110.43900077445387,20.20162043291877
exog-none,9,1,42625,78.7566709551065,65.02300016831995,96.97391030348555,12.666637907707896
exog-none,9,1,42649,120.2715518460066,85.60908457453293,85.12332493659116,-42.524395083105325
exog-none,9,1,42673,162.9291976484638,120.14172718937212,93.09144153631148,-95.75048337950186
exog-none,9,1,42697,183.873466259544,142.57373327736224,108.12161974570088,-125.899655460085
exog-none,9,1,42721,170.92377410118317,124.6191916687879,98.5100272016969,-98.01868135025522
exog-none,9,1,42745,165.63297404973304,123.30516734701338,95.60725128647157,-93.55908521061356
exog-none,9,1,42769,165.39522459792877,123.60416073060672,88.94555569535883,-100.911698611346
exog-none,9,1,42793,173.09619905335563,135.14349460760295,96.20634962764876,-119.31458681931493
exog-none,9,1,42817,154.90121727524755,121.12871584400008,85.65406272647299,-99.22254146133314
exog-none,9,1,42841,121.29487242953284,90.77684512795696,76.97298914825429,-40.19942819260059
exog-none,9,1,42865,115.98297068546736,85.59266284291951,72.93982204734822,-23.455663157068084
exog-none,9,1,42889,136.77894273780615,105.27257994057774,73.3318578802743,-61.42209838605491
exog-none,9,1,42913,138.40314928181533,114.4600334683281,84.5848136041309,-47.90834461962248
exog-none,9,1,42937,137.49603440981772,114.3903197821762,93.60061266786526,-40.04039057445215
exog-none,9,1,42961,131.70613598908824,110.75637320115146,97.3682766793302,-7.846017974885234
exog-none,9,1,42985,127.87360847217523,117.54819384552636,112.78245784225288,52.943503424207705
exog-none,9,1,43009,121.83060413313586,114.08063372660408,118.38469375645862,59.44893862566001
exog-none,9,1,43033,127.35350415230236,121.1126011416876,129.06738788417377,73.7566362733274
exog-none,9,1,43057,128.84305685182127,122.86903956495858,135.53448934433248,116.56831590097416
exog-none,9,1,43081,124.08619212295908,116.65810087434409,133.40420484664511,116.3555416220178
exog-none,9,1,43105,120.39432426237222,111.33884795590836,123.75493824007222,111.1909368810996
exog-none,9,1,43129,127.26057372535914,115.885124198984,116.39848317017432,70.58486544286147
exog-none,9,1,43153,120.1342775051498,105.83210289036292,106.24560857790937,37.75128572125866
exog-none,9,1,43177,113.70902151421087,92.92979075459822,98.10704373707787,9.055528364467984
exog-none,9,1,43201,119.80751260452122,98.20250904976156,103.95126119419876,7.414518435416411
exog-none,9,1,43225,115.4643008147362,95.06331335028854,105.32701003754832,8.134270785915099
exog-none,9,1,43249,112.69240155431496,86.82631744732466,93.799082228336,-5.441674238308857
exog-none,9,1,43273,122.95207313587916,99.2904067735125,106.1080009712106,-5.765030181796771
exog-none,9,1,43297,98.22192922186294,86.5465146593967,116.08102271561518,45.47296112135467
exog-none,9,1,43321,78.4731408751564,69.26318722591438,107.5710097014339,40.89424991420434
exog-none,9,1,43345,82.03077305342686,70.65118106400719,98.01704914260718,17.597539222729512
exog-none,9,1,43369,81.87038486854571,68.4522151038772,91.53495867075944,1.8167571470776875
exog-none,9,1,43393,85.70126972573502,71.49855250290362,105.23084044496017,-8.677377330182825
exog-none,9,1,43417,82.42534164548786,70.62750577521851,116.1080768379956,0.5775527642778251
exog-none,9,1,43441,77.41416406613739,65.68476862082531,106.13023026069396,0.3348370507554818
exog-none,9,1,43465,78.61223811779713,63.49734748970842,94.38824222360228,-18.309481880945928
exog-none,9,1,43489,71.78647265641776,59.015608795727445,96.21369672901646,8.44432612783144
exog-none,10,1,41641,103.62433790361456,69.67895288011108,65.57336811501261,-34.54090362844344
exog-none,10,1,41665,153.38704065109494,106.4920215261411,75.91267935410883,-76.60223651987772
exog-none,10,1,41689,174.90399502202962,132.25901555621346,85.72702902661162,-104.133372343797
exog-none,10,1,41713,185.66189861339504,151.48573312786064,100.69134323756964,-125.0589923800662
exog-none,10,1,41737,189.82498791666293,155.20161577990208,109.94746855854312,-124.68205012861893
exog-none,10,1,41761,194.2140352646362,163.15207666460523,125.070934191985,-126.46601235131013
exog-none,10,1,41785,185.95984612273136,148.50123942283145,117.00414548511124,-105.32382469760395
exog-none,10,1,41809,151.39145313965602,124.2960078339514,114.14471223157024,-51.13086406278089
exog-none,10,1,41833,109.63752187833948,98.47379425444812,111.74858957248732,14.260615725229137
exog-none,10,1,41857,91.18845460803637,83.63975627475938,105.87826973480703,59.40506232831006
exog-none,10,1,41881,98.84534248509227,89.20556448596817,105.45319431339604,65.43399577510633
exog-none,10,1,41905,105.85821296422888,88.09467685279472,86.83343399964676,20.71937501228919
exog-none,10,1,41929,113.06789925345744,92.36132733761896,73.87227563263045,-6.993691424142607
exog-none,10,1,41953,107.1276277015894,89.06904462560165,72.62597705187981,-4.736064351102884
exog-none,10,1,41977,100.05473636676828,78.14415454258067,59.26484976672271,-13.354821632466663
exog-none,10,1,42001,100.53483018241997,75.1984402334918,50.65941326985912,-29.31464270599736
exog-none,10,1,42025,110.40910959469664,85.67358346592255,53.61338581458782,-45.57471497440818
exog-none,10,1,42049,127.2844987356376,99.7428973948624,56.45653931183608,-63.33061348511252
exog-none,10,1,42073,125.9416573234448,104.43888576548272,70.70870747627293,-23.93803768794473
exog-none,10,1,42097,131.21352340459367,114.06957701047524,84.13972829558313,18.187976177606554
exog-none,10,1,42121,130.14922768890344,115.02281953656043,83.1701896326125,7.523769412608907
exog-none,10,1,42145,130.4298399757036,106.04962919117558,77.18574396927418,-12.74797111990637
exog-none,10,1,42169,135.2413495286305,107.40129890957942,78.71765206222425,-36.622131600851134
exog-none,10,1,42193,120.54824877935528,93.76352878266428,73.24364089933366,-28.16753431455319
exog-none,10,1,42217,92.22786256489545,81.17519638529241,80.62978168294657,30.034241524637338
exog-none,10,1,42241,92.42198440834828,80.74860057538197,85.32736966451327,46.062170900004446
exog-none,10,1,42265,90.99580522287653,79.27492544932618,85.56325639857685,46.48998393204636
exog-none,10,1,42289,90.65933144388694,78.03909700344467,82.18482368777981,40.29316321358993
exog-none,10,1,42313,99.97084899080085,86.18737774379395,93.1126635550332,52.709793955183095
exog-none,10,1,42337,115.02917033744568,101.7605240457424,113.2835187951784,87.79180509233633
exog-none,10,1,42361,125.82781339617094,116.6300083571262,126.35736700317696,110.58691602810086
exog-none,10,1,42385,112.99505246217922,104.70911776417525,115.31830746139396,98.61787607802684
exog-none,10,1,42409,86.83573226977094,79.43725160481333,94.52707883795372,69.06516718632466
exog-none,10,1,42433,71.95697991736866,63.51741336040306,78.90247067287271,47.38897330984052
exog-none,10,1,42457,81.53969436760988,73.7631506441771,94.18824543684669,67.63281953273368
exog-none,10,1,42481,87.08192202258988,80.01264928351137,105.69592647372288,73.05854949957117
exog-none,10,1,42505,76.39772224985478,69.22516648338006,96.48714557076757,63.80367117260347
exog-none,10,1,42529,67.01932075784352,59.667480076837634,91.79341715279818,52.731428964429966
exog-none,10,1,42553,70.84774515149631,58.761576292418674,91.31662911348596,17.025250977784896
exog-none,10,1,42577,80.64423858651506,66.11285144510646,97.65702773849809,8.261774353117339
exog-none,10,1,42601,84.73275363905684,72.8938736861444,110.43731425473386,20.20199043436204
exog-none,10,1,42625,78.75730938098879,65.02452009482015,96.9744483171658,12.670442150152962
exog-none,10,1,42649,120.26967303356965,85.60623768115533,85.11518737704316,-42.52358255960197
exog-none,10,1,42673,162.92855856944908,120.1412288198378,93.09125969303122,-95.74760317561838
exog-none,10,1,42697,183.87330477848388,142.57269850094775,108.11902661268388,-125.89702332187248
exog-none,10,1,42721,170.92078245735564,124.61311782263743,98.50218171762285,-98.01472756136934
exog-none,10,1,42745,165.6343617024506,123.30276146501534,95.60405444369653,-93.5609724362278
exog-none,10,1,42769,165.39409395677674,123.60264224621012,88.94412518249413,-100.90771969745748
exog-none,10,1,42793,173.09618217596417,135.14153292531552,96.20385617450351,-119.31490117603316
exog-none,10,1,42817,154.90199902854383,121.12736338935792,85.65298840545239,-99.22459450997717
exog-none,10,1,42841,121.3017789499157,90.7825840383423,76.9788181806605,-40.20096270412507
exog-none,10,1,42865,115.99149253166404,85.59820460154356,72.94334591442951,-23.457239263988555
exog-none,10,1,42889,136.78595433947643,105.27854798542155,73.33585746098565,-61.423164900674834
exog-none,10,1,42913,138.40878612356124,114.46752349996208,84.58919037990294,-47.90610785234757
exog-none,10,1,42937,137.5012856614132,114.39410569469943,93.60266966102824,-40.04406181439605
exog-none,10,1,42961,131.70756788134818,110.75785512707904,97.36808643188192,-7.83843445796648
exog-none,10,1,42985,127.87804041910104,117.553323909912,112.78401688767512,52.949615939804495
exog-none,10,1,43009,121.82855886952896,114.07821875269448,118.38312698046462,59.44882901386049
exog-none,10,1,43033,127.35100648005658,121.11029182000436,129.0662829095217,73.75910391433116
exog-none,10,1,43057,128.8469467080462,122.87263323543228,135.53556260527222,116.57240679206988
exog-none,10,1,43081,124.08435766498802,116.65588316350906,133.40343831047906,116.3525845364213
exog-none,10,1,43105,120.39918646163407,111.34507206309128,123.75766418841056,111.19745752692138
exog-none,10,1,43129,127.25911665567696,115.8860263296962,116.3995471320098,70.5870563271905
exog-none,10,1,43153,120.13702450127124,105.8365526873509,106.24749540253306,37.75732020623013
exog-none,10,1,43177,113.71219344036446,92.93261489831951,98.10769112616404,9.058852241311593
exog-none,10,1,43201,119.81322921093494,98.2097480023145,103.9541949261275,7.419356856960791
exog-none,10,1,43225,115.46470090955124,95.0653195022405,105.327589177771,8.13520537240601
exog-none,10,1,43249,112.68916086066018,86.82206563992933,93.79369788597526,-5.4420541257648365
exog-none,10,1,43273,122.95101815048169,99.2913540536954,106.10779365647151,-5.76055099511522
exog-none,10,1,43297,98.22480416873933,86.54874717887647,116.08243394883377,45.47287758469634
exog-none,10,1,43321,78.47743116756322,69.26723133063749,107.5730724162777,40.89970271660362
exog-none,10,1,43345,82.03285538351756,70.65313259790057,98.01800501924632,17.60268721750173
exog-none,10,1,43369,81.87356536445708,68.45394743504278,91.5350055164004,1.8170507657300743
exog-none,10,1,43393,85.70301585998297,71.49960729981069,105.22948903840349,-8.671279595402476
exog-none,10,1,43417,82.42531237810988,70.62811364921454,116.10828819663227,0.581153821184269
exog-none,10,1,43441,77.4189944968702,65.68795197058725,106.13483974243174,0.3302780037361983
exog-none,10,1,43465,78.61398884409552,63.49856622328228,94.39303106832104,-18.311475251745424
exog-none,10,1,43489,71.78953716764758,59.016335230317466,96.21360190347264,8.450730264404369
exog-none,1,2,41641,102.38742414009634,68.55929228567307,64.60530976929002,-34.56170074602307
exog-none,1,2,41665,153.84024630921405,107.65082645718888,77.5314576472202,-78.54055611093155
exog-none,1,2,41689,176.3213924291842,133.68819591483268,87.00898421087003,-105.08651580983224
exog-none,1,2,41713,187.553402815018,152.60108032973972,100.1360562050564,-124.39592390742084
exog-none,1,2,41737,191.6101503233742,157.03949998902945,111.57361565778469,-125.42574333340715
exog-none,1,2,41761,196.1598569015863,163.60853640646525,124.99554528890468,-127.6879042016144
exog-none,1,2,41785,188.35290025622163,152.5891209050122,119.47170686593432,-107.03845407039174
exog-none,1,2,41809,156.72763480017576,128.82004937842734,116.43340056466852,-51.37133331438188
exog-none,1,2,41833,116.1615840896831,103.52480133739408,114.145334694953,14.201829910750975
exog-none,1,2,41857,93.27978209739972,85.21663562209108,106.44512127969786,58.70644034498504
exog-none,1,2,41881,99.9857320666676,90.51836948056132,105.6976492804998,67.46812871897036
exog-none,1,2,41905,108.36854772909558,90.44695942874267,87.7691106961447,23.415857110309016
exog-none,1,2,41929,112.07026811963964,92.03133878314516,74.05865994494324,-6.694879044111905
exog-none,1,2,41953,109.49683676063314,90.95816437087458,73.66891909945483,-4.450766105724402
exog-none,1,2,41977,101.30680821541372,80.34552096110312,61.12633656243938,-13.439094425545864
exog-none,1,2,42001,99.23633268083522,72.98870530699897,49.21998328996014,-28.823819187928382
exog-none,1,2,42025,110.44817935623152,85.98893394644001,53.78752600643052,-48.54300039861319
exog-none,1,2,42049,133.48409077913124,105.9385706359086,59.9000208265734,-66.1518096301674
exog-none,1,2,42073,125.18915874374736,102.94328636966836,69.43342667423813,-20.742310300171216
exog-none,1,2,42097,130.47326693764293,113.58312586585778,84.23240074570525,18.14505947680156
exog-none,1,2,42121,126.59797140623606,107.40654075979694,78.44155528113583,7.255713979490823
exog-none,1,2,42145,126.01040498348812,101.26639893062108,74.09407321558683,-13.064784139126632
exog-none,1,2,42169,131.86273392899972,108.49794358622528,79.51368772753453,-35.015554623629086
exog-none,1,2,42193,119.45724587401372,94.96841678214167,74.01228451369538,-28.93987209358285
exog-none,1,2,42217,89.67875696563729,78.3345557281348,79.06644500135683,28.4427884036177
exog-none,1,2,42241,89.0714144825393,77.9215133804973,83.81020976942236,45.06701111267962
exog-none,1,2,42265,90.40259556296522,79.22918421758274,85.53001455417757,46.68104311871848
exog-none,1,2,42289,88.52613474567406,75.29234704749756,80.47232486495012,39.541829602834206
exog-none,1,2,42313,99.1318843605572,85.71225357348546,93.00511978312296,53.64522477339614
exog-none,1,2,42337,115.32618095602425,102.14871444826272,113.50234114494384,88.46303509013977
exog-none,1,2,42361,127.31020202340936,119.24331461728212,127.63546353978424,111.9513278657366
exog-none,1,2,42385,111.93565836613524,103.57318514806175,115.13741289337192,97.12339490041616
exog-none,1,2,42409,88.36579830074528,81.12764024371262,95.65946697083596,70.52490553412633
exog-none,1,2,42433,72.25620796649153,65.05514928141764,80.38799891988289,49.05966700792243
exog-none,1,2,42457,81.98900498724879,74.30068170654864,94.5851918469058,66.62114501756062
exog-none,1,2,42481,84.74858702204814,78.5119360207141,105.20559672725264,73.97395631482325
exog-none,1,2,42505,74.97734110080467,68.12625240726172,95.7777772504007,62.84961272314506
exog-none,1,2,42529,66.2439193743764,58.420324152240006,91.07014940715612,50.34788953202825
exog-none,1,2,42553,67.98318634328449,57.883054551366726,91.4476269147478,16.588052055003935
exog-none,1,2,42577,82.52056622147505,68.56809106479375,100.37521276880176,8.818135293669402
exog-none,1,2,42601,85.17115124861459,72.32170032518194,110.72485538625614,16.62806787681245
exog-none,1,2,42625,78.44778604256314,64.40073280240232,96.91537977325764,11.675289423271913
exog-none,1,2,42649,119.69386838593324,85.29450015694795,85.10271422026786,-41.3858620025343
exog-none,1,2,42673,164.6993878256651,121.15243563655967,94.58641582342908,-99.04743412748924
exog-none,1,2,42697,184.0580523413396,141.53732493084658,105.9231782257738,-126.441528833139
exog-none,1,2,42721,171.90082247358035,126.22465240866516,99.77250308468038,-100.9604682888944
exog-none,1,2,42745,162.1099264623392,119.12161598734374,92.26597204609988,-92.8795602607689
exog-none,1,2,42769,165.87787184716638,122.82702038337248,87.839787755397,-102.41973585692028
exog-none,1,2,42793,172.8304908878363,133.92442220399616,94.65506983878272,-118.79771705380134
exog-none,1,2,42817,155.99818929894644,120.69119984381736,83.83335727587367,-98.14432397296778
exog-none,1,2,42841,121.84223865501892,92.83248277135178,77.4409808037868,-37.47073787762298
exog-none,1,2,42865,111.80322424612756,83.07491492471932,71.19553978016553,-19.675642770952795
exog-none,1,2,42889,133.92351157296343,101.35528201988264,70.04233327476193,-58.72262497757344
exog-none,1,2,42913,135.03818300469163,110.64414504924164,82.12586411797561,-48.08383176695556
exog-none,1,2,42937,135.14066708112665,113.41412090806422,92.97683203777947,-36.89045445016793
exog-none,1,2,42961,131.6782733383166,112.9872516809368,98.77845306039842,-9.676140989830046
exog-none,1,2,42985,123.25128122294878,114.44323299461378,112.44925035113656,51.02502760198784
exog-none,1,2,43009,123.48366471529604,115.62977115119376,118.14715680595822,63.46003228362807
exog-none,1,2,43033,131.02440961896514,124.59941613094703,129.8964639980429,76.90068067195108
exog-none,1,2,43057,131.12310918854155,124.38510569595188,135.360453101837,118.7686840597879
exog-none,1,2,43081,128.38938024608547,120.94044810843944,134.52686970587504,120.83418721755616
exog-none,1,2,43105,123.5164700351539,113.5777466838678,124.0629144398592,113.4179776155094
exog-none,1,2,43129,129.94706385419423,117.7599342911738,116.3037776426184,74.22230101556052
exog-none,1,2,43153,121.96928199024902,108.00918285004798,106.98792823919544,39.0662921909894
exog-none,1,2,43177,114.21011115982095,95.19870718509988,99.69585704925508,11.112943330416044
exog-none,1,2,43201,114.73149385228452,92.4700996429904,100.98755898011724,4.555097603297691
exog-none,1,2,43225,115.9540898603342,96.02655598946674,105.45360510545734,10.707022562250764
exog-none,1,2,43249,113.77715262651505,88.29471025138888,96.03607079668636,-2.338658539658251
exog-none,1,2,43273,120.31219085814077,97.15412464416116,104.65954911080766,-5.3565804111113895
exog-none,1,2,43297,96.21073813156988,85.39718315528174,115.67014521006816,46.32899626729528
exog-none,1,2,43321,78.11533620412943,68.1382801213593,106.26089472126633,39.91345414406543
exog-none,1,2,43345,78.31512958520285,67.20554896722236,95.85315989905588,15.021898695238905
exog-none,1,2,43369,80.21767362583857,67.18237629438161,91.33978429944408,1.3270349916495154
exog-none,1,2,43393,85.64143253777884,70.16331419549074,104.13769567780938,-10.140402847278756
exog-none,1,2,43417,82.36448666800135,69.79167162970879,115.05678953075846,0.4896522428297179
exog-none,1,2,43441,71.6562719536392,62.33107632392042,102.34639340030289,4.093770091719012
exog-none,1,2,43465,72.19927008656005,59.47890898944088,87.82720205973999,-12.373206092298028
exog-none,1,2,43489,72.8786920108999,62.10338788231307,98.35276367899851,8.23403102246852
exog-none,2,2,41641,103.53234548936874,69.2462386881153,65.16771007068056,-35.06355229464026
exog-none,2,2,41665,154.22894080419508,107.2969680491284,77.0012001311971,-78.35488800542001
exog-none,2,2,41689,175.7102628015021,132.97704691343498,86.32668391937021,-104.49191644198048
exog-none,2,2,41713,186.37188347807387,151.5543826793781,99.53275765475132,-124.64275735200866
exog-none,2,2,41737,191.0797563792787,156.08154768645738,110.46223152998007,-125.5291804329564
exog-none,2,2,41761,196.0527399888616,163.81780911305546,125.29753644671032,-127.646488505042
exog-none,2,2,41785,187.1324758877676,151.05430202860887,118.71654291864547,-106.3302001072145
exog-none,2,2,41809,154.53966927915582,127.41298811117774,115.51701016812228,-50.07031928063936
exog-none,2,2,41833,113.13313113164924,101.20672330935092,113.02077752880268,14.744525717173868
exog-none,2,2,41857,92.77185561168052,84.53101086226808,105.86710345551016,60.03704399893486
exog-none,2,2,41881,99.40920563675968,89.93833213886863,105.53606024426,67.24747785677032
exog-none,2,2,41905,107.8608525480034,90.4904867501072,88.06699636696477,23.350758015759787
exog-none,2,2,41929,113.96538301014212,93.80931546054028,74.6777184465157,-4.58633921590235
exog-none,2,2,41953,109.44506498694454,91.05163647147528,73.80011700035422,-5.489636074831835
exog-none,2,2,41977,99.908327793684,78.3594983502766,59.75937071327741,-14.103567181102298
exog-none,2,2,42001,99.87043206008468,74.83699883873437,50.49478835725322,-29.16999463889253
exog-none,2,2,42025,111.84683346912789,86.37563684392317,54.02454209620792,-48.00246719002008
exog-none,2,2,42049,130.85201158096672,104.83925552004374,59.50648015359419,-64.97543520070094
exog-none,2,2,42073,123.70751843447214,100.28080800126324,67.85593482891964,-19.08859448868888
exog-none,2,2,42097,130.7205336574016,113.87611859693888,84.330772274995,18.836857628671584
exog-none,2,2,42121,124.91810561593576,104.6227059436629,76.74030690588692,4.5705905423448
exog-none,2,2,42145,126.27492158310542,103.1334001073601,75.91274666467056,-15.43653006324915
exog-none,2,2,42169,133.83802670925965,110.28278465921171,80.86776002206972,-36.02097980722969
exog-none,2,2,42193,118.68758200697766,94.51534071423396,74.03177536909695,-29.621648887691727
exog-none,2,2,42217,90.14808805851249,78.67283187383202,78.87503360254655,30.48259300674249
exog-none,2,2,42241,89.79942343949057,78.37996606979111,84.02609389987997,45.39932127527574
exog-none,2,2,42265,89.36877532416905,77.69116538363696,84.45652013165027,47.26289747913512
exog-none,2,2,42289,89.28942270188303,75.56652204637302,80.55222607544779,37.36683411081653
exog-none,2,2,42313,97.36867483024744,84.30299442152071,92.66480633874956,53.38571202405028
exog-none,2,2,42337,113.4266117492074,99.61136130151807,112.44166044012712,88.88904563456587
exog-none,2,2,42361,126.89544936049413,118.24716503049446,127.02696513456016,111.7275665003804
exog-none,2,2,42385,109.64124329294408,101.64625424046685,115.0563961412296,95.79667581040424
exog-none,2,2,42409,86.8926182854143,79.61144473891615,94.88745847555336,69.00970959785987
exog-none,2,2,42433,71.9827227604289,64.59715237440348,80.15231638678486,48.43681296850095
exog-none,2,2,42457,82.1196511080262,74.42436077988651,94.59533194387376,65.97034412760657
exog-none,2,2,42481,83.32786632394169,77.99683186606205,105.54823384896122,73.32922280987874
exog-none,2,2,42505,75.32294732855142,67.97334815573598,95.55637327543111,62.95029292015887
exog-none,2,2,42529,66.16789632624827,58.51813952252271,91.766588498526,47.67042828148392
exog-none,2,2,42553,65.66720814888193,57.55637203485232,92.22486935314032,15.584211474907956
exog-none,2,2,42577,83.33099223359208,69.48673284538876,101.08505400261514,9.804295016823724
exog-none,2,2,42601,85.08658690605054,72.74958556153696,110.63017232647135,18.852573837364304
exog-none,2,2,42625,77.67063313367038,64.14245716525171,97.1823771093567,11.638728799521331
exog-none,2,2,42649,120.6698352050282,84.89350109201207,83.64417154910736,-42.280876646076166
exog-none,2,2,42673,164.8859736520528,121.37094695349602,95.7732831560499,-99.39058842410014
exog-none,2,2,42697,183.79167968021636,141.82123645218024,107.5325035499654,-127.40409977462394
exog-none,2,2,42721,171.61268358213428,125.91735416954704,99.9105403571269,-101.22743922433092
exog-none,2,2,42745,161.9635904451791,119.29168261677049,92.34156935406124,-92.9092414679716
exog-none,2,2,42769,166.16807340593925,123.09164646778716,88.00462286422119,-102.29004471581828
exog-none,2,2,42793,172.8362405990809,134.1663679649399,95.01061508947149,-119.20265252337958
exog-none,2,2,42817,156.65239005670952,121.51134755587849,84.86231643941485,-99.19243608982048
exog-none,2,2,42841,118.98901442890232,90.5643979954749,76.22977198513911,-35.85894983471621
exog-none,2,2,42865,113.11526024723604,84.49961119445705,72.06118413283251,-19.878042401877924
exog-none,2,2,42889,132.4706289778348,101.5663874454461,70.24186968988182,-57.77674513092028
exog-none,2,2,42913,135.0795234365116,110.98360708598344,82.44476355520744,-47.36264200732988
exog-none,2,2,42937,135.73009831925748,114.03441167122612,93.22212326520946,-37.20086010870496
exog-none,2,2,42961,130.17536932300095,109.74616261095468,96.67585096521404,-6.505888692993141
exog-none,2,2,42985,125.21120866161684,115.59014037174586,112.43953211033052,51.6361675462269
exog-none,2,2,43009,123.4006270817478,115.5993066720335,118.27508708169528,62.61359263460465
exog-none,2,2,43033,130.00060328055943,123.42981737212509,129.4024818422125,76.55923035938052
exog-none,2,2,43057,130.65592491897362,123.8191922194543,135.16934347530426,118.00759504657992
exog-none,2,2,43081,128.1900906728374,121.03161556989406,134.7635618083791,120.86261876596416
exog-none,2,2,43105,122.05683218904991,112.23605266690178,123.69447397826904,112.08800164534809
exog-none,2,2,43129,129.98960186312573,117.401198593085,116.10637418636487,73.76804608809422
exog-none,2,2,43153,119.68150112537548,105.44968948404671,106.3103650423801,36.24586809115036
exog-none,2,2,43177,114.40963588179382,95.9409183340732,100.15952565218063,11.851075815551754
exog-none,2,2,43201,116.69062961668544,94.75452275168416,102.668120449375,5.484818120631983
exog-none,2,2,43225,115.8471427273856,95.71316126966306,105.40898582438818,11.037305347833364
exog-none,2,2,43249,112.79670533466924,87.20238643535909,94.44473440368289,-2.7477490138130687
exog-none,2,2,43273,118.08000632069816,95.0985761051355,103.59087278345676,-5.695867481825181
exog-none,2,2,43297,94.69156628934331,84.35819200574221,115.52284711562932,45.7343244185815
exog-none,2,2,43321,79.17961862290306,70.12449339622283,107.76399859361716,41.08405079492649
exog-none,2,2,43345,78.1512485699184,66.68803087647257,95.01701952260592,15.487195494863846
exog-none,2,2,43369,81.85134799742376,69.75116303533557,93.68596672802802,2.5851754058168543
exog-none,2,2,43393,87.56429280586828,71.7630289770586,106.12269567063927,-10.914954838725327
exog-none,2,2,43417,86.41740468025093,72.86987431476912,116.77092758615692,1.6596512982856293
exog-none,2,2,43441,72.32560928199898,62.55549684292602,102.22520840026678,4.563122088636479
exog-none,2,2,43465,73.05932401580515,60.23852766998925,88.62313039848024,-13.09994816543415
exog-none,2,2,43489,72.39513987445571,60.96436675041274,97.42706021597192,8.084721537872776
exog-none,3,2,41641,104.28303690920782,69.64950548936714,65.46802472274322,-35.29445972457976
exog-none,3,2,41665,155.38347061502694,107.68961999110772,77.1992165761592,-79.06917408617329
exog-none,3,2,41689,176.35800728641502,133.29438614597916,86.58192643671056,-105.41704236956036
exog-none,3,2,41713,188.069065625006,153.23354916206804,101.60459624959428,-126.60590827537705
exog-none,3,2,41737,191.54269692446312,155.6268554484049,109.73652780849837,-127.12548326785743
exog-none,3,2,41761,196.68680844483652,164.37090913238768,126.24123483206562,-128.92506756919283
exog-none,3,2,41785,187.7521488232763,150.7217868495813,118.28079920040648,-106.1232058090132
exog-none,3,2,41809,153.9334599678372,126.56706249704833,115.06073740333603,-50.56657726124711
exog-none,3,2,41833,111.63956493131616,99.9144337559528,111.89049206696323,14.985868800067506
exog-none,3,2,41857,92.187700183904,83.72033256375042,105.3609238903216,60.163572633690855
exog-none,3,2,41881,98.98880373242052,89.55152903087814,105.455162352868,65.9361926434296
exog-none,3,2,41905,107.90297004596349,90.43954875704064,88.08123902838668,22.584412764537376
exog-none,3,2,41929,115.44061920653527,94.74146754202197,75.19917398491964,-6.225829867083943
exog-none,3,2,41953,110.9096159380436,92.42999472102402,74.60797930382195,-5.989036274936119
exog-none,3,2,41977,101.97551132226404,80.97971338497743,61.68102540845288,-15.394504974656012
exog-none,3,2,42001,99.95226294706342,74.71996978578206,50.42775941566523,-29.586912580026407
exog-none,3,2,42025,113.14460355433278,86.79516819011553,54.20888781406832,-48.54414747424833
exog-none,3,2,42049,130.81083768417187,104.5874463509402,59.3910758773546,-65.45994673768534
exog-none,3,2,42073,125.69744932462312,102.90502352963128,69.4489317516802,-22.635738259861835
exog-none,3,2,42097,129.07243063489767,112.04871920781515,83.74656733755585,15.69521165007917
exog-none,3,2,42121,125.52707434612996,104.68819035318548,76.62633086900583,3.573808127089849
exog-none,3,2,42145,126.28885948761888,102.3931495765502,75.37587955744247,-15.949649544447343
exog-none,3,2,42169,134.47409772714565,110.46119444658474,81.21296784617292,-37.15107820377288
exog-none,3,2,42193,116.41768863883271,91.9826407149578,72.39356002830968,-29.93768576099356
exog-none,3,2,42217,90.2629530816736,78.89799262090314,78.913163608585,30.84825272233936
exog-none,3,2,42241,90.30807360784203,79.17999530688179,84.48846857359067,45.50908581255676
exog-none,3,2,42265,89.2816233234017,78.00241417087243,84.77944782951654,46.59542401906937
exog-none,3,2,42289,90.37761678821654,76.65104791879284,81.1965485840951,36.55850387101154
exog-none,3,2,42313,97.50495575033246,84.78444763744992,93.02860136237211,52.88776194209726
exog-none,3,2,42337,114.59857951018704,100.20854587416945,112.30710044443568,88.94698277753943
exog-none,3,2,42361,126.45512477973185,117.7514829332346,126.79336153968468,111.25665224908546
exog-none,3,2,42385,107.8260288072357,100.47107226270836,115.3200556402537,94.92812070072318
exog-none,3,2,42409,86.4483199861186,79.02647134496765,94.43699605780066,68.41054757425135
exog-none,3,2,42433,71.42121885462485,63.55833798079095,79.19556295299961,47.73537273509648
exog-none,3,2,42457,80.55081708051814,72.76777458305574,93.66479371237156,64.75634075689165
exog-none,3,2,42481,84.0975956440987,78.59333970546083,105.74311195780228,73.08005615199616
exog-none,3,2,42505,75.09792963300781,67.54811614605008,95.078535476056,61.75100403904863
exog-none,3,2,42529,66.07159064429801,58.6771996247577,92.2622032431616,46.78107737905028
exog-none,3,2,42553,65.9137750554011,57.492080148866656,92.4130215597374,14.476841996573263
exog-none,3,2,42577,83.26485703723199,69.02609083613773,100.7538134428624,8.792356383011288
exog-none,3,2,42601,85.04495240249324,72.73071312550412,110.69277887599549,18.610358208250343
exog-none,3,2,42625,77.63522510835737,63.67487600427371,96.99510498973224,10.669300565007456
exog-none,3,2,42649,121.04377800312194,85.72655781693283,84.43893858282088,-42.36474737948087
exog-none,3,2,42673,164.67877827371015,121.3840289520964,96.3399316354278,-99.7085576883889
exog-none,3,2,42697,184.4604980207864,142.574221352274,108.8365973322682,-128.83174400856038
exog-none,3,2,42721,171.01521747682182,125.53820752820586,99.84239433547847,-101.0605501987704
exog-none,3,2,42745,162.56696713311035,119.7909732462244,92.67008730969744,-93.2696992743968
exog-none,3,2,42769,165.7100582439583,123.184798426451,88.23855527229001,-102.5760950057974
exog-none,3,2,42793,172.98612572747368,134.08665695246486,94.76402491982373,-119.31139660390748
exog-none,3,2,42817,152.6445058739249,118.58844897000296,82.44962580121926,-96.7763014955428
exog-none,3,2,42841,119.0643981211228,90.44587960286972,76.21967379769826,-36.21778630225907
exog-none,3,2,42865,113.09912724552764,83.7102519709721,71.48733588672368,-20.978097947217645
exog-none,3,2,42889,130.98729200262747,101.25015085045044,70.45085311303787,-58.19396049623009
exog-none,3,2,42913,134.27227312532747,110.99121054388532,82.53248814334333,-46.630341122769245
exog-none,3,2,42937,132.8082596904703,112.08559449551215,92.29524096853493,-35.80989227031731
exog-none,3,2,42961,130.16560804327491,109.15129018422805,96.6298092079514,-7.712145293904238
exog-none,3,2,42985,124.67471874044008,115.02347073603092,112.10498404640563,51.52846167692393
exog-none,3,2,43009,122.34347097614231,113.93650346513134,117.31751156523988,61.78491636245347
exog-none,3,2,43033,129.4756861722398,122.57417390986896,128.89047578284934,76.79948226579444
exog-none,3,2,43057,130.87314667477446,123.89541880596946,135.12326641371294,117.31220786759113
exog-none,3,2,43081,127.5877298198001,120.22588372049346,134.39270466370442,120.01525529603644
exog-none,3,2,43105,119.86383650903664,109.79428933247372,122.61802803830754,109.55534712908312
exog-none,3,2,43129,128.85876978450057,116.5107185195622,116.09329646956074,71.9586526593335
exog-none,3,2,43153,119.62655987794273,105.12043026413612,106.314630705825,35.69818331293483
exog-none,3,2,43177,114.25741078015838,95.00127654156348,99.36029923268254,11.652345234083745
exog-none,3,2,43201,117.58685898746742,95.29473929480184,102.96826919508544,5.19950249348248
exog-none,3,2,43225,115.9883967657398,95.04763443703828,104.933044385416,9.224916224655807
exog-none,3,2,43249,113.23480156905136,87.30943877617436,94.87535278031004,-4.136262744708076
exog-none,3,2,43273,117.51727171961832,94.19089271633932,102.89337857445356,-6.441186789854196
exog-none,3,2,43297,96.05554668315126,85.0990629273315,115.74175743065618,45.395448756865775
exog-none,3,2,43321,77.10460270771938,67.67539753836695,106.41224596531474,37.7503324947401
exog-none,3,2,43345,77.77666113444943,66.11364630655842,94.71901956584826,14.599990423693756
exog-none,3,2,43369,81.24999863506245,68.7557892696961,92.79528463774696,1.702717617430547
exog-none,3,2,43393,87.39551435284862,71.94497033777175,106.12686966152904,-10.3089365149628
exog-none,3,2,43417,87.21097951660589,73.55224415832738,117.24391008130264,1.8252255189409805
exog-none,3,2,43441,72.63581240651669,62.73887720622683,102.6023544720648,3.928222606133726
exog-none,3,2,43465,73.47436047014968,60.71173995131338,89.65816342022134,-13.996646450510267
exog-none,3,2,43489,71.17867611475704,59.80140080798727,96.5723308619004,8.673221397882239
exog-none,4,2,41641,104.1993806729578,70.04113092375808,65.84325608816167,-33.94438790468365
exog-none,4,2,41665,154.60522705676456,107.23634751527167,76.75695258536844,-77.98747933421457
exog-none,4,2,41689,175.84614442693953,133.07322310303022,86.3651785033426,-104.20815426651272
exog-none,4,2,41713,187.32586147445576,152.87891098851446,101.47822996223826,-125.64206402499602
exog-none,4,2,41737,190.5017597506283,155.23974200190764,109.2337455943151,-125.9299924841016
exog-none,4,2,41761,195.98992131079757,164.04870656753403,125.7675657462434,-127.80978389590808
exog-none,4,2,41785,186.36991458479457,150.09176862355986,118.1104458661868,-105.42482050162292
exog-none,4,2,41809,153.66861408906428,126.8910171958128,114.8774838132098,-49.48841845089425
exog-none,4,2,41833,111.00067960052442,99.8522597305113,111.75275766161414,16.317826154970913
exog-none,4,2,41857,91.920305137121,83.81793138248791,105.53746788410352,60.42742706300382
exog-none,4,2,41881,99.29320493160664,89.90594164737126,105.6479007525294,66.89741681818342
exog-none,4,2,41905,108.0379129086766,90.29295447721586,87.96051247567546,23.404186322958488
exog-none,4,2,41929,114.95022524122574,94.45755514478668,74.79535853095179,-4.138966750197845
exog-none,4,2,41953,111.15362747140745,93.33924485862433,75.03742754934403,-2.8888432033630806
exog-none,4,2,41977,100.24075143518992,79.15215457980615,60.44147195394394,-14.432589772881183
exog-none,4,2,42001,99.62870527357047,74.61660454692075,50.31740858086615,-28.392174202639445
exog-none,4,2,42025,112.159648894666,86.10181782194266,53.72939620403203,-47.31209187659116
exog-none,4,2,42049,129.85134761619565,104.09957467481608,59.128249631694565,-64.10899925777802
exog-none,4,2,42073,124.83599887621226,102.10078785078998,68.97635987533221,-21.176733204344718
exog-none,4,2,42097,129.57536818158437,112.76106520947232,83.81732772250562,18.38542617903453
exog-none,4,2,42121,124.61971651633392,104.39595730593386,76.58234115690686,4.643321568142447
exog-none,4,2,42145,125.70816034043196,102.68641121238926,75.75569681952616,-15.28405524077528
exog-none,4,2,42169,133.4517306426025,110.10056740423698,80.73308900268854,-34.760966090555776
exog-none,4,2,42193,118.51110988192296,94.37606555341142,73.95160449741682,-29.61170300830089
exog-none,4,2,42217,91.05856604663808,79.79561597915824,79.3476597825907,32.324193898114615
exog-none,4,2,42241,90.84877017345978,79.02183279503768,84.10057525990034,46.675609646819645
exog-none,4,2,42265,88.62637330456091,77.80187832222273,84.72450471617553,45.295726563293954
exog-none,4,2,42289,89.28994626129924,75.3643858423546,80.36002085756992,37.276364279564405
exog-none,4,2,42313,97.19790393544532,84.0743939538575,92.47252859183985,54.17328080231183
exog-none,4,2,42337,114.03350549373546,100.14406920124524,112.4780279769428,89.85118423518247
exog-none,4,2,42361,127.56981349836282,118.79343989851392,127.04433826358184,112.56655858975807
exog-none,4,2,42385,110.11996321817072,102.14958804000668,115.32906864226572,96.66475149965308
exog-none,4,2,42409,87.48164137739234,79.91991685872861,94.8167880458489,70.22651256075576
exog-none,4,2,42433,72.85489555621567,65.13060959103399,80.14511335223709,50.605395939668696
exog-none,4,2,42457,82.38774134150982,74.73333094964448,94.77412712373436,66.52320976882861
exog-none,4,2,42481,85.47708876828302,79.84435752426216,106.29493738146908,74.94401402606486
exog-none,4,2,42505,75.97913043775668,68.47568020070652,95.618153924939,62.79468696678241
exog-none,4,2,42529,66.92204817867943,59.48522329480629,92.75324390851564,47.7602944567191
exog-none,4,2,42553,65.2285268146232,56.34761974741185,89.61111834585299,15.94815028187308
exog-none,4,2,42577,82.52109310867344,68.74117406984412,100.13497291693466,10.02040005841016
exog-none,4,2,42601,86.77921030018409,74.23493649573463,111.4087691290074,19.51604152026239
exog-none,4,2,42625,77.40884173387278,63.49714933209279,96.73978481392491,11.006771643663743
exog-none,4,2,42649,118.387904100936,83.2695274297408,81.70789350018369,-42.22755436778006
exog-none,4,2,42673,164.43222285938998,121.55435432408804,98.71143122585369,-99.10376299634945
exog-none,4,2,42697,184.06371222632484,142.4704465160173,108.9271533739998,-127.707812015179
exog-none,4,2,42721,169.92913667261743,124.95477685560184,99.37683155241696,-99.31075721201135
exog-none,4,2,42745,162.7225427372278,119.98906033809246,92.81204364868772,-93.04534627883582
exog-none,4,2,42769,164.06726472721635,122.1137307122712,87.50091072132639,-102.03462230497712
exog-none,4,2,42793,172.29351760535047,133.78179650723973,94.59732761889636,-118.63332984640402
exog-none,4,2,42817,151.57124197272586,117.73430640066611,81.70314139963004,-95.47347414821915
exog-none,4,2,42841,118.24389957004176,90.32056827748752,76.15958994729199,-35.03410224921264
exog-none,4,2,42865,113.77743831417968,85.45155085771901,72.72514890365527,-19.47361970696805
exog-none,4,2,42889,132.79193614888652,101.2686152335162,69.9545816973687,-58.32803910880914
exog-none,4,2,42913,131.75352065609135,107.80655725025714,80.26870511687989,-45.55804288029081
exog-none,4,2,42937,135.50720483827905,114.01536552704158,93.25242040834183,-35.94567786046946
exog-none,4,2,42961,130.38044819196756,109.94155539208548,96.88504443306296,-6.034086161541286
exog-none,4,2,42985,125.9304326615146,115.88536156199928,112.06752460261455,53.13518705465609
exog-none,4,2,43009,123.04113573154665,114.9266390152178,117.7940816481868,62.69704113279872
exog-none,4,2,43033,129.92444289470467,123.02867003736064,128.969114185197,77.28675189199359
exog-none,4,2,43057,131.20971368520162,124.3370265226882,135.2933933355227,117.86813765395416
exog-none,4,2,43081,128.71683152680112,121.3930697358127,134.76673056866167,121.16347943003196
exog-none,4,2,43105,120.81824535445772,110.58222282082116,122.77086013183651,110.34953699752036
exog-none,4,2,43129,129.71475153498244,117.53958484960104,116.447887849534,73.23928207476848
exog-none,4,2,43153,122.22612451344898,108.03229495126897,107.13939465600278,36.89939339208184
exog-none,4,2,43177,114.031251508127,94.5023349343774,99.04873341469246,12.106709119383904
exog-none,4,2,43201,117.64777744467568,95.68676605184962,103.18671176206324,6.498537248490867
exog-none,4,2,43225,116.0969216534124,95.93821570600208,105.44393973390471,11.624242323352544
exog-none,4,2,43249,113.25875525547409,87.73035196741782,95.1083687523769,-2.9920570756090035
exog-none,4,2,43273,117.2936662235858,94.4510295997264,103.06236710569,-5.327407225896555
exog-none,4,2,43297,96.19115108278366,85.66963944927704,116.20355635991346,46.05907417568338
exog-none,4,2,43321,79.46489345231609,70.23837042058086,108.1435737283338,38.4053173456375
exog-none,4,2,43345,78.70809735891237,66.9998333648987,95.27434495280002,14.982441096069262
exog-none,4,2,43369,81.60221870901366,69.33355914200403,93.09275722150748,3.0387275418374364
exog-none,4,2,43393,85.23061628284765,70.36730646223238,104.43336787426092,-8.807172441885157
exog-none,4,2,43417,86.71953825550551,73.47157739944946,116.9422013312328,3.1057102946653137
exog-none,4,2,43441,72.89157967309497,63.14863712554219,102.6327452065829,5.1257656295243725
exog-none,4,2,43465,73.4258370413839,60.58298951809423,88.55504861394411,-10.551605935431096
exog-none,4,2,43489,69.73531088182467,59.121607444220274,95.32942026714528,7.39288102731553
exog-none,5,2,41641,104.3342805937922,70.07473909192768,65.92483093723483,-34.473811338015615
exog-none,5,2,41665,155.19862584066092,107.80596301268744,77.3494950270261,-78.1608735509374
exog-none,5,2,41689,176.0696742772436,133.1364242759494,86.4185784828113,-104.6545710677573
exog-none,5,2,41713,188.02163992690703,153.79383528114732,103.13393029325316,-126.7663452559142
exog-none,5,2,41737,190.79961354814145,155.4191950673011,109.43348156731882,-126.44644339355838
exog-none,5,2,41761,196.3399197062525,164.22793492317285,126.01017217090104,-128.3248484458833
exog-none,5,2,41785,186.9170521314884,149.92481162414555,117.72032736997144,-104.94433335796222
exog-none,5,2,41809,153.62186061203562,126.7027110260038,114.8216695592946,-49.92407019827479
exog-none,5,2,41833,110.58393843282344,99.42152700544511,111.58524732802688,15.888840953348378
exog-none,5,2,41857,92.99535081230916,84.5261342861014,105.6658386942071,60.91254144103277
exog-none,5,2,41881,98.99631461130032,89.57400957233479,105.51406107740458,66.32962683395247
exog-none,5,2,41905,108.06945778906136,90.8079088657821,88.26990432377632,22.99019895000828
exog-none,5,2,41929,114.981356715337,94.41329255483669,74.78105148858128,-4.54876635668115
exog-none,5,2,41953,111.18461276438344,93.28029274505327,75.03140627227293,-3.324708155473375
exog-none,5,2,41977,101.68273304066862,80.51523974225788,61.31964200625822,-15.392677523291528
exog-none,5,2,42001,99.74330181445946,74.60549737162034,50.31764613839647,-28.699748887588925
exog-none,5,2,42025,112.51886542285725,86.36400750163794,53.92114422349133,-47.32802112827008
exog-none,5,2,42049,129.93519587429824,104.04500211556342,59.10852416790148,-64.42315300020495
exog-none,5,2,42073,124.81388709128066,102.07073963567676,68.98280651307519,-21.55905437462488
exog-none,5,2,42097,129.11126460354856,112.28803829284912,83.87196151143557,16.324451566716426
exog-none,5,2,42121,124.6240926563794,104.36886917988856,76.62327961025657,4.20681185559038
exog-none,5,2,42145,125.74542876984428,102.62808688199354,75.78671617002229,-15.68207350293932
exog-none,5,2,42169,133.36533215992938,109.86172439626073,80.37562818536608,-34.159820099140255
exog-none,5,2,42193,116.84124685799846,92.5475890649653,72.97790515543576,-30.00010714844688
exog-none,5,2,42217,91.20831561668872,79.93313057300331,79.44593318591467,31.934939546961303
exog-none,5,2,42241,90.34751121601003,79.02198063278477,84.23941353620495,46.366320188390375
exog-none,5,2,42265,88.31151757411187,77.68204216524884,84.77780466540052,44.58546505674849
exog-none,5,2,42289,88.75942305816976,75.17814960666549,80.43246119327505,36.51551595752104
exog-none,5,2,42313,96.8529614164542,83.89962764762097,92.46805758456571,53.62176889782266
exog-none,5,2,42337,113.65344014431513,99.8234432700626,112.40000380931076,89.37202411703741
exog-none,5,2,42361,127.11365018774556,118.38630931470118,126.93568749452156,112.04870027465456
exog-none,5,2,42385,110.52257882442284,102.05264019118442,114.6852247974555,96.3641964243932
exog-none,5,2,42409,87.56394521878718,79.96186358202534,94.59627040490466,68.53338568800919
exog-none,5,2,42433,73.52035689370464,66.128037971397,80.85238455276273,50.63739978639627
exog-none,5,2,42457,82.08159725644963,74.56983522506331,94.78001081273072,65.58156232527679
exog-none,5,2,42481,85.29573657736691,79.43573643743431,106.03292351952,73.83387583207048
exog-none,5,2,42505,75.52163103856034,68.05364075239716,95.41870728271545,62.35307464845124
exog-none,5,2,42529,66.41613521517279,58.98932061035941,92.46972661778656,47.16013183683721
exog-none,5,2,42553,65.0299656191355,56.103699441531,89.51391059729382,15.388530063960092
exog-none,5,2,42577,82.52626434834772,68.50574443858247,99.95005392903415,9.508285931135166
exog-none,5,2,42601,85.362378945771,73.28010763430927,111.03363900028728,19.44081544355402
exog-none,5,2,42625,77.69355315675831,63.61155487876329,96.76728723981664,10.794770632118253
exog-none,5,2,42649,119.59360707238206,84.47307059654838,84.10820146398262,-42.93306856868277
exog-none,5,2,42673,164.1739428898997,121.41340829808546,98.901462006048,-99.74755805398668
exog-none,5,2,42697,184.43777931720615,142.74587252650073,109.2026403128244,-128.1699862957743
exog-none,5,2,42721,170.5395187600602,125.21450161557716,99.52824239280318,-100.0443001761234
exog-none,5,2,42745,163.3153702076093,120.5387483446024,93.55125768425488,-94.0124210440154
exog-none,5,2,42769,164.45489634845313,122.20596859296604,87.51896061607437,-101.88058688490504
exog-none,5,2,42793,172.72650521565168,134.20653198958522,95.07751147420971,-119.20143778515818
exog-none,5,2,42817,151.7851128919227,117.99817447380966,82.01057860159209,-95.84339232913828
exog-none,5,2,42841,118.75005064540456,90.4199416566037,76.24698098875778,-35.189364455183416
exog-none,5,2,42865,113.52583278749498,84.46678290728137,72.05510626259844,-20.414070949938893
exog-none,5,2,42889,132.71299318678288,102.24730991166548,70.84406984959838,-57.66775107947503
exog-none,5,2,42913,131.97200346360776,107.86822041323376,80.31779669722503,-45.938908090459066
exog-none,5,2,42937,135.69529264516936,114.09355991410038,93.3415848421272,-36.40404980982933
exog-none,5,2,42961,130.26716707506995,109.72047275154684,96.84014585419484,-6.342053033072854
exog-none,5,2,42985,125.81592014777247,115.65651649424812,111.9792407751978,52.70856922460428
exog-none,5,2,43009,122.77895457425456,114.6504423736071,117.74626672199398,62.16504652118944
exog-none,5,2,43033,129.52653450481924,122.64515891197092,128.9150698781551,76.74002703199632
exog-none,5,2,43057,130.63310968512633,123.76086679977844,135.15241387116515,117.23076464674448
exog-none,5,2,43081,128.26753027061915,120.92902761799522,134.63725021282792,120.68218642178869
exog-none,5,2,43105,121.5956070368396,112.3523542507444,123.85215305650854,112.20853607067085
exog-none,5,2,43129,129.2410153766612,116.88685924132704,116.1519133985958,72.3573383004049
exog-none,5,2,43153,121.98540823217212,107.75102268677682,107.05387714558188,36.4411800184606
exog-none,5,2,43177,113.9979534844813,94.40530787895707,99.02480651558808,11.821401503810602
exog-none,5,2,43201,117.85192160966432,95.83473418033584,103.27601679068776,6.174771257488523
exog-none,5,2,43225,116.33155170137152,96.09228314455063,105.5410476057958,11.370296010392426
exog-none,5,2,43249,113.24840084174453,87.66223241024804,95.14895355827682,-3.415215465116197
exog-none,5,2,43273,117.301187968817,94.328112854943,103.05521711823204,-5.868257329548769
exog-none,5,2,43297,96.09558886946812,85.45707333587214,116.1716852530289,45.55220511931326
exog-none,5,2,43321,78.23026878846943,68.62222136646237,106.8976494585282,37.239675832791285
exog-none,5,2,43345,78.48791039523127,66.81437651364944,95.21929972112436,14.61280073576141
exog-none,5,2,43369,82.8029447584737,71.01865064615133,94.77140893517203,3.4820230425354914
exog-none,5,2,43393,85.13711509561446,70.17847469450547,104.30768298441966,-9.127555209157697
exog-none,5,2,43417,86.63086562937308,73.43862238651205,117.00667329723755,2.893362810525949
exog-none,5,2,43441,72.81076743734624,63.00096839943095,102.62853950905688,4.530449157522712
exog-none,5,2,43465,73.38085313004892,60.50004777365974,88.55299229468355,-10.911037353694294
exog-none,5,2,43489,70.31910571632957,59.33164497648011,95.68641174181658,8.388493645107395
exog-none,6,2,41641,104.17925971346148,69.98703872002642,65.81419083869956,-34.27664371657191
exog-none,6,2,41665,155.08743732514557,107.724733046264,77.256002501847,-77.95884414010666
exog-none,6,2,41689,175.95854233564864,133.03837562679007,86.31129425709769,-104.47051640583452
exog-none,6,2,41713,187.89257765695783,153.6865418117296,103.04733074093164,-126.6107137859508
exog-none,6,2,41737,190.6652633385905,155.29480798867613,109.31196886510814,-126.30971643674252
exog-none,6,2,41761,196.52807336508357,164.84685720181602,127.00597877580546,-128.76512056993755
exog-none,6,2,41785,186.79311711529425,149.81824854889106,117.61293368223107,-104.73640064488744
exog-none,6,2,41809,153.5167908008803,126.63040026358117,114.74565520269218,-49.76800874788137
exog-none,6,2,41833,110.45744010617152,99.34439738081558,111.51528279185668,16.082034917475532
exog-none,6,2,41857,93.04417033531318,84.57132929988386,105.66941652939792,61.1113151325528
exog-none,6,2,41881,99.16166530089052,89.72184735194945,105.5668201474035,66.5004308060194
exog-none,6,2,41905,108.02842161657794,90.09420213846954,87.8663926904358,22.98864592022384
exog-none,6,2,41929,115.05618360565664,94.4862248639081,74.8051800273581,-4.375823513413717
exog-none,6,2,41953,111.23434452517093,93.35521723625716,75.07062258932962,-3.155072056739592
exog-none,6,2,41977,101.71282090855014,80.5835109647967,61.36944273476157,-15.220662986258208
exog-none,6,2,42001,99.44857776419076,73.11254107320512,49.24020223272275,-28.19660266090312
exog-none,6,2,42025,112.42402631817292,86.26129296854143,53.84960182604963,-47.09745798739476
exog-none,6,2,42049,127.82097086129676,101.43580372613988,57.362358056207896,-63.37005676561471
exog-none,6,2,42073,124.8256098392451,102.05819451942898,68.96620483157781,-21.402804909105832
exog-none,6,2,42097,129.16169629966564,112.36669914227907,83.90214896056636,16.462513583483116
exog-none,6,2,42121,124.65811777382036,104.41694908463964,76.63948399548337,4.338512293245112
exog-none,6,2,42145,125.73810820688036,102.61963143405926,75.75574332302327,-15.543423662485283
exog-none,6,2,42169,133.37929005446702,109.91820745355888,80.39320258119841,-34.00490194072354
exog-none,6,2,42193,116.81053281054838,92.54293298454972,72.96493109419059,-29.88824181507814
exog-none,6,2,42217,91.28886165372192,79.96483764256354,79.42006048921687,32.11979219009951
exog-none,6,2,42241,90.47883889868586,79.0944201737663,84.24153793566065,46.5399179196224
exog-none,6,2,42265,88.31333517536633,77.64315514117395,84.73163769061325,44.666434758755656
exog-none,6,2,42289,88.7694442606015,75.1350300254396,80.38336742578718,36.628039812438615
exog-none,6,2,42313,96.89936430943996,83.92545142317968,92.45074627944844,53.8145963281147
exog-none,6,2,42337,113.81843955932362,99.92124914888382,112.40106856166943,89.55661735247425
exog-none,6,2,42361,127.30510356162668,118.54733156070743,126.96348201462608,112.23794871192698
exog-none,6,2,42385,110.65049249504774,102.15636434388892,114.71659091439066,96.51967687400844
exog-none,6,2,42409,87.7539450538404,80.12522444200933,94.65439869196317,68.7024037762793
exog-none,6,2,42433,74.15323572522213,66.50115107866155,80.97570819494719,51.360204938587394
exog-none,6,2,42457,81.01323942278827,73.20210938676337,93.93199306865166,65.03564953557873
exog-none,6,2,42481,85.46251848410579,79.58885418765593,106.0997744910049,73.98955006721343
exog-none,6,2,42505,76.27660906439222,68.86626608953974,95.54483912221218,63.0564234617345
exog-none,6,2,42529,66.59144132589508,59.180539109226935,92.5837461430354,47.33273526894842
exog-none,6,2,42553,64.8114283549617,55.856782027421616,89.02264727250255,16.445819200337205
exog-none,6,2,42577,83.01492485886216,68.82550617701186,100.22276112677258,9.712137954183314
exog-none,6,2,42601,85.41111986564788,73.38265501656736,111.08751642989787,19.605212066864127
exog-none,6,2,42625,77.65006479936852,63.58146990839499,96.70974318466236,10.933001393888883
exog-none,6,2,42649,119.18259209370989,84.26871057080258,83.1237609407151,-42.355623441493904
exog-none,6,2,42673,164.09837881452967,121.3028329251197,98.68290667821134,-99.6145178689321
exog-none,6,2,42697,184.3216648269544,142.63368659094235,109.07204141268474,-128.01479557878454
exog-none,6,2,42721,170.39224936538707,125.11850472203854,99.45670881335458,-99.84321385631868
exog-none,6,2,42745,163.2204078467025,120.42846775884924,93.3913315277038,-93.85496907678731
exog-none,6,2,42769,161.9670113564939,120.68095094532232,86.26176896017118,-100.81825705282256
exog-none,6,2,42793,172.60094062287718,134.0848657226479,94.93909897920018,-119.0367747831511
exog-none,6,2,42817,151.60167567590446,117.83229125537648,81.84393309087102,-95.64933285140626
exog-none,6,2,42841,118.67533022239142,90.36475851826326,76.19325313798689,-35.025998168675926
exog-none,6,2,42865,113.50980975009114,84.4316929971797,71.99950353370366,-20.27521331438284
exog-none,6,2,42889,132.56377403920186,102.19086343271374,70.81099724576256,-57.48390940164312
exog-none,6,2,42913,131.8570458682847,107.84099462244887,80.29179036691951,-45.7620807826406
exog-none,6,2,42937,135.652336775076,114.06806210232968,93.30184347227818,-36.21341714492389
exog-none,6,2,42961,130.17299647651618,109.64144497172812,96.77580091444676,-6.127062132298073
exog-none,6,2,42985,125.88495733999142,115.71633612009413,111.96169419153732,52.92461099650446
exog-none,6,2,43009,122.80514333337536,114.67520961529983,117.73684744038616,62.29514076354038
exog-none,6,2,43033,129.57978168996874,122.69575856825338,128.91023862195402,76.92716867418908
exog-none,6,2,43057,130.74420600165163,123.89289065823463,135.19911538523,117.3606757787122
exog-none,6,2,43081,127.29116805187876,120.13429578098818,134.53539698021368,119.88895833209205
exog-none,6,2,43105,121.7152583971396,112.5097006532066,123.91127651534026,112.3721066677764
exog-none,6,2,43129,129.3443646160433,117.00373949739604,116.19423412386044,72.45158779870889
exog-none,6,2,43153,122.07650778308908,107.86898514731786,107.1059668501202,36.58620600217963
exog-none,6,2,43177,114.01483743486764,94.43274940486164,99.00939346300557,12.022409291086266
exog-none,6,2,43201,117.99772057254434,96.31946101712536,103.43002432788882,7.095603073648617
exog-none,6,2,43225,116.40723904422616,96.18110929403424,105.57150929962933,11.54649527762353
exog-none,6,2,43249,113.33862861582573,87.77903706371312,95.24934454159153,-3.242900262900884
exog-none,6,2,43273,117.36137002752238,94.43422118346764,103.10802107660209,-5.707440290610206
exog-none,6,2,43297,96.2175536238506,85.59848212225582,116.23384567520014,45.72571450753756
exog-none,6,2,43321,78.52018559600158,68.86734680149905,107.02177042972036,38.84982608729364
exog-none,6,2,43345,78.63544758566418,66.93105054443214,95.28378379030111,14.778914736984431
exog-none,6,2,43369,82.76723387553214,71.02616058597076,94.7333989745293,3.7057144464869807
exog-none,6,2,43393,85.15225353063178,70.25024209396045,104.33657014319664,-8.920964294464065
exog-none,6,2,43417,86.65208422453388,73.50192842252578,116.99031777446926,3.124823253898932
exog-none,6,2,43441,72.90697303937671,63.11670263097778,102.7089820692238,4.6709110294671845
exog-none,6,2,43465,72.97708970694323,60.452091878201806,88.75100991809595,-11.708298268697323
exog-none,6,2,43489,70.21783958756758,59.26074805898001,95.59027926609907,8.588448509912514
exog-none,7,2,41641,104.18735586702188,69.97834826386917,65.77930635063134,-34.15282565615224
exog-none,7,2,41665,155.0530929495825,107.6740470585642,77.18808462036665,-77.84013741163395
exog-none,7,2,41689,175.95262610248707,133.04591599390204,86.311890897304,-104.3748215003173
exog-none,7,2,41713,187.8735237381571,153.67041407252978,103.02649865986918,-126.53206714486883
exog-none,7,2,41737,190.6482196339935,155.28849439802707,109.28486171386842,-126.218185797665
exog-none,7,2,41761,196.5147607867717,164.86643820565985,127.00129626278355,-128.67910667380693
exog-none,7,2,41785,186.73765439511877,149.809695222772,117.61569869242852,-104.60909734110204
exog-none,7,2,41809,153.45765989628387,126.62796216830836,114.7360148163746,-49.65189429553234
exog-none,7,2,41833,110.3841446634647,99.33534176335598,111.49984052874484,16.214803459940228
exog-none,7,2,41857,93.11312478429387,84.64022037949455,105.69261196462664,61.24667551980214
exog-none,7,2,41881,99.25370202355452,89.83202079069763,105.60998348548712,66.62199169106272
exog-none,7,2,41905,108.0517554019377,90.16116483785076,87.89820673833955,23.096331605542776
exog-none,7,2,41929,115.06793400517826,94.54210604222668,74.83325196980302,-4.26444204704614
exog-none,7,2,41953,111.22190088092582,93.38717421213327,75.08654628006927,-3.0323428034164843
exog-none,7,2,41977,101.69624911964551,80.63466343872052,61.408322576452846,-15.086129835745576
exog-none,7,2,42001,99.41274024191708,73.13674055344559,49.26043286244677,-28.091533334639127
exog-none,7,2,42025,112.3722186710343,86.24542945134334,53.83993604892192,-46.98658215772999
exog-none,7,2,42049,127.73972608893808,101.36414748891973,57.31879819908475,-63.241599035540666
exog-none,7,2,42073,124.7959526396669,102.04556023262732,68.95747067030439,-21.34323204895037
exog-none,7,2,42097,129.21553876126137,112.42964118578014,83.92687714405184,16.54003652472352
exog-none,7,2,42121,124.6737802660125,104.4346033704996,76.64161064857805,4.37987576400111
exog-none,7,2,42145,125.75963981495086,102.65922847401195,75.7806464582487,-15.499209259268994
exog-none,7,2,42169,133.3698615223441,109.92865479540367,80.39372724143678,-33.89646300176262
exog-none,7,2,42193,116.7635484304464,92.49734576629554,72.92765218152158,-29.79403212718183
exog-none,7,2,42217,91.35445312910204,79.98202510030862,79.4012047323314,32.24005959866157
exog-none,7,2,42241,90.55061898829544,79.1316545371844,84.23801766825699,46.65634126638689
exog-none,7,2,42265,88.3807164310986,77.669654632535,84.72350863908238,44.75780532135272
exog-none,7,2,42289,88.83624019063383,75.15505339232456,80.36703513291438,36.71993815513483
exog-none,7,2,42313,98.46769452626016,85.05433310048114,92.6659326655928,54.2818127276354
exog-none,7,2,42337,113.90272270423948,99.99843579673436,112.41714475766548,89.6676392371188
exog-none,7,2,42361,127.39710363307452,118.6296970917779,126.9802746603368,112.34537283930942
exog-none,7,2,42385,110.72654583274335,102.23352298849282,114.7444717576995,96.61821148921976
exog-none,7,2,42409,87.83485305951842,80.19652968652042,94.6822420472772,68.81402650031669
exog-none,7,2,42433,74.22550554017853,66.56612334164086,81.00757559092374,51.45105816465842
exog-none,7,2,42457,81.01036186731753,73.01889333934916,93.7693751877306,65.11330916160409
exog-none,7,2,42481,85.50862019494515,79.64696281672352,106.1388242703536,74.04974033455422
exog-none,7,2,42505,76.00418791082436,68.00294636166548,94.96240959489424,61.48914742114084
exog-none,7,2,42529,66.68746801397171,59.27989433306411,92.66552847130414,47.403309877786185
exog-none,7,2,42553,65.56984326671008,57.40295587354309,92.24771626609424,14.89238524127567
exog-none,7,2,42577,83.06038695483782,68.9010338869304,100.27803655715292,9.836710249690396
exog-none,7,2,42601,85.45748918781402,73.45530536506715,111.13116513638542,19.707812468045915
exog-none,7,2,42625,77.66883565277449,63.64601472829126,96.76229488344504,11.038899630564616
exog-none,7,2,42649,119.15642306668428,84.32209202603333,83.25903087216624,-42.2528138547877
exog-none,7,2,42673,164.041730186643,121.28369449140553,98.70340431609644,-99.5165460660704
exog-none,7,2,42697,183.3623723700051,141.95928952294747,107.75352226793431,-126.7307649694784
exog-none,7,2,42721,170.32966566630708,125.10034325500372,99.45619907751684,-99.71120670877204
exog-none,7,2,42745,163.16585445830492,120.431188003083,93.39116616163888,-93.74156847456612
exog-none,7,2,42769,161.90334527680088,120.64755919265338,86.2272243801517,-100.7242347887
exog-none,7,2,42793,172.53360285416736,133.8602345948978,94.66587021405408,-118.76337542098877
exog-none,7,2,42817,151.4940587772161,117.77331323363416,81.80570782203263,-95.52187798660805
exog-none,7,2,42841,118.6643382822839,90.3454567088352,76.17372222377915,-34.938673093273444
exog-none,7,2,42865,113.48617877656454,84.41360481902223,71.98083553792847,-20.18799626357144
exog-none,7,2,42889,132.49412308698027,102.14025738684892,70.77065532488554,-57.37422949328222
exog-none,7,2,42913,131.8141759084137,107.80889295518094,80.26264234907701,-45.65746990816543
exog-none,7,2,42937,135.5879331305786,114.03421521540588,93.27380375164542,-36.08209612064973
exog-none,7,2,42961,130.13254399038698,109.61041261980228,96.75526501203969,-6.012946898672422
exog-none,7,2,42985,125.70292017336324,115.41465354245078,111.7398711813963,53.37304100219384
exog-none,7,2,43009,122.85599839286206,114.73043887135825,117.75109117547068,62.38977251172643
exog-none,7,2,43033,129.64855429590557,122.74914404666494,128.90903339261197,77.03390350189446
exog-none,7,2,43057,130.84233749730646,123.97658814838532,135.21164016060544,117.46326975155075
exog-none,7,2,43081,128.2760750113869,121.014345146054,134.7253946522113,120.7785808320276
exog-none,7,2,43105,121.81677652775996,112.62156385969617,123.9471321716728,112.48226061079468
exog-none,7,2,43129,129.7873056384238,117.67966868169158,116.664159287614,72.0633113985289
exog-none,7,2,43153,122.14210742868808,107.94412779967509,107.13105122603667,36.6806842145356
exog-none,7,2,43177,114.02606954957592,94.47616289693734,99.01517896218849,12.164725598926353
exog-none,7,2,43201,118.00562455116632,96.35463153749072,103.44339468373909,7.215944492636787
exog-none,7,2,43225,116.17205412474124,95.4988075116036,105.18566055969592,10.111551571482826
exog-none,7,2,43249,113.36041725331611,87.82231819880543,95.27207995699852,-3.153178840180447
exog-none,7,2,43273,117.18225225516754,94.29637594298195,102.93080783704308,-5.462481043507805
exog-none,7,2,43297,96.29790415761084,85.69395532745301,116.27537504668132,45.83240032558586
exog-none,7,2,43321,78.55933534890258,68.92305408441148,107.0516107660116,38.96043509996529
exog-none,7,2,43345,78.70367432176549,67.00208351710134,95.31605888095828,14.897734735190706
exog-none,7,2,43369,82.7624322384643,71.05719666391062,94.7422974771983,3.835366690546683
exog-none,7,2,43393,85.12354533802804,70.23942741026522,104.29927086548662,-8.803680106271818
exog-none,7,2,43417,86.65514705598848,73.54567763552294,116.99787195824835,3.2487691457205266
exog-none,7,2,43441,72.9427784491294,63.16298508429337,102.73223729440706,4.763581568447318
exog-none,7,2,43465,73.00704755712111,60.49592160649623,88.78718946215979,-11.609627561046809
exog-none,7,2,43489,69.60104570679218,59.009849715036125,95.27978190868848,7.321260696586491
exog-none,8,2,41641,104.18921989966948,69.98042955230055,65.77696502671793,-34.133286991118204
exog-none,8,2,41665,155.05407701088964,107.67074562526528,77.18128939053854,-77.81954335138387
exog-none,8,2,41689,175.95796681916286,133.0498803774291,86.31315917295738,-104.36249631895495
exog-none,8,2,41713,187.8762505263674,153.6707711218751,103.02834276607273,-126.52569493931196
exog-none,8,2,41737,190.64951186560936,155.28888360896605,109.28009157757226,-126.209391669068
exog-none,8,2,41761,196.5186785219173,164.87306102119177,127.00427852881826,-128.67260033969555
exog-none,8,2,41785,186.7239728116692,149.79559918192712,117.60744600632098,-104.58291643636474
exog-none,8,2,41809,152.98249560412327,126.03927573251464,114.31013363698104,-48.90484669914748
exog-none,8,2,41833,110.33673000877216,99.3055950492684,111.4818206003124,16.24027273972611
exog-none,8,2,41857,93.11508157992589,84.6407588257934,105.68970023634472,61.27141847134197
exog-none,8,2,41881,99.2694077791809,89.84801732331718,105.61448981799104,66.63946089867925
exog-none,8,2,41905,108.05437759032208,90.16800740870153,87.90106422627298,23.10978752234372
exog-none,8,2,41929,115.08086083656066,94.55871771998622,74.84129922483139,-4.247111452320003
exog-none,8,2,41953,111.2235737973687,93.39575438463572,75.09162475182747,-3.0121909770045443
exog-none,8,2,41977,101.69981070381856,80.64810827189687,61.41882409419298,-15.065642782364954
exog-none,8,2,42001,99.41045751993452,73.14242992742341,49.26500982770744,-28.071530071731765
exog-none,8,2,42025,112.35890786148184,86.23676540029172,53.83455005604964,-46.95872436976614
exog-none,8,2,42049,127.71962144511043,101.34016327270513,57.30479267102464,-63.21470197281652
exog-none,8,2,42073,124.7955452198682,102.04325410722603,68.9560785160156,-21.34322056777827
exog-none,8,2,42097,129.23040348144158,112.44429319681812,83.9340068078517,16.543666292511155
exog-none,8,2,42121,125.6319798916826,104.979388568366,76.7262684337955,4.345889797068575
exog-none,8,2,42145,126.31196040664702,102.777205523907,75.5990395585493,-15.032711291706924
exog-none,8,2,42169,133.25786784088402,109.77279830158515,80.35217855103802,-33.84545477000194
exog-none,8,2,42193,116.75522199367931,92.4871282824457,72.9209234229616,-29.7868933625647
exog-none,8,2,42217,91.37299140023848,79.98770541815414,79.39650361503494,32.26512107321756
exog-none,8,2,42241,90.56800409164984,79.13970776841295,84.23609453950311,46.67673122375748
exog-none,8,2,42265,88.38398128408757,77.66714775359199,84.719199204613,44.758546246549486
exog-none,8,2,42289,88.8424571979495,75.1537535590586,80.36276456233121,36.72256592430024
exog-none,8,2,42313,98.48045350483392,85.06638557220242,92.66669950424132,54.30626882479373
exog-none,8,2,42337,113.91584666079814,100.0100756538947,112.41905138302042,89.68495912589049
exog-none,8,2,42361,127.4109978984984,118.6403855223348,126.98097394044592,112.36060272540828
exog-none,8,2,42385,110.73633635965024,102.24382531295682,114.74904102423363,96.63426661239136
exog-none,8,2,42409,87.85055858029943,80.20757275827869,94.68414913987311,68.8308760794512
exog-none,8,2,42433,74.24176577077539,66.57524839673631,81.00847106189102,51.46734673965448
exog-none,8,2,42457,81.0089910473473,73.01757225716881,93.76855789548296,65.12320900101778
exog-none,8,2,42481,85.51086210741708,79.65241692904183,106.14548942261548,74.05039146867645
exog-none,8,2,42505,76.00947873471239,68.00506403960823,94.96291591680584,61.48446099393606
exog-none,8,2,42529,66.70511042986159,59.30204497568256,92.687312884007,47.4064163527922
exog-none,8,2,42553,65.57534836619162,57.41335354381423,92.25921825893892,14.898515441773444
exog-none,8,2,42577,82.62017179946393,68.69224579473068,100.07565496812003,9.838684760836006
exog-none,8,2,42601,85.46653036935871,73.46620439244217,111.13640347433731,19.72150658835793
exog-none,8,2,42625,78.08173466840898,65.03329277401237,97.59847791401182,13.60172992698788
exog-none,8,2,42649,119.13920805372238,84.4510330201411,84.61897821358689,-42.3752482073677
exog-none,8,2,42673,164.03362338885157,121.27494039186732,98.70066020802196,-99.50670721839576
exog-none,8,2,42697,182.89567121352545,141.6506627364631,107.4508520520799,-126.4845963316656
exog-none,8,2,42721,170.31434400209793,125.0942161000424,99.45843971108364,-99.68265535445246
exog-none,8,2,42745,162.93615955418855,120.0989780050156,92.96272065648424,-93.71511845401726
exog-none,8,2,42769,161.88579489205145,120.6314433242222,86.20896293426054,-100.70897914152243
exog-none,8,2,42793,172.5156265258556,133.84763935951173,94.65285418936796,-118.74358085462237
exog-none,8,2,42817,151.45494277552905,117.75049186376444,81.79017739714638,-95.4938312363616
exog-none,8,2,42841,119.4836000914476,91.1261271222074,76.72987526828922,-36.02844314233526
exog-none,8,2,42865,113.48381613391685,84.40909361485808,71.97600314230799,-20.18088178115624
exog-none,8,2,42889,132.47547021830084,102.12819152672137,70.76211617864627,-57.3546377228579
exog-none,8,2,42913,131.7983305051007,107.79395471391103,80.25172285807322,-45.63984214667537
exog-none,8,2,42937,135.5738946901381,114.0244179641211,93.26634687651496,-36.05740366062531
exog-none,8,2,42961,130.11420070144692,109.5866640618008,96.74086320174423,-5.988069576074128
exog-none,8,2,42985,125.7263463586832,115.4289257445484,111.73826341825246,53.4036616936728
exog-none,8,2,43009,122.80088633024016,114.3681132277109,117.3960024138326,62.49514866515884
exog-none,8,2,43033,129.85637428829511,122.8287776948525,128.82792186303902,77.73626345748842
exog-none,8,2,43057,130.85113322519817,123.98123417482438,135.21052759809865,117.47152048438238
exog-none,8,2,43081,128.27760940704266,121.01303382764048,134.72368773502004,120.7769489313018
exog-none,8,2,43105,121.83184945265933,112.63732754873897,123.95109174413984,112.4977116048678
exog-none,8,2,43129,129.80338239510868,117.69158756949844,116.66810928294926,72.06128536920144
exog-none,8,2,43153,123.11052436739926,109.00233466380357,107.75407577028275,35.870815846517665
exog-none,8,2,43177,114.03067760628508,94.48666854707548,99.0148978854612,12.20049540129216
exog-none,8,2,43201,118.0164613580586,96.366567622209,103.4474186792676,7.245757813821978
exog-none,8,2,43225,116.17875647218536,95.50262424200984,105.18617879408885,10.126472467754825
exog-none,8,2,43249,113.4030843490331,87.08050244423033,94.00613665182934,-3.4853498089698696
exog-none,8,2,43273,117.18190286422778,94.2987599792474,102.93076006537444,-5.4471112529860575
exog-none,8,2,43297,96.3146070831482,85.71025590043294,116.28122611725458,45.84944513930878
exog-none,8,2,43321,78.56473328441112,68.93224033101359,107.05673782475309,38.979040725962086
exog-none,8,2,43345,78.72470614468887,67.01961546169048,95.32366633442705,14.919369809375672
exog-none,8,2,43369,82.76717285385057,71.07058971155442,94.75066580194448,3.865016640576406
exog-none,8,2,43393,85.12006278840528,70.24027739864593,104.29542724184016,-8.780308065517305
exog-none,8,2,43417,86.66138192836199,73.55864027239156,116.99824936331328,3.27912345253928
exog-none,8,2,43441,72.95907458970434,63.17900445601739,102.74459499588058,4.771205102498452
exog-none,8,2,43465,73.02013443548641,60.50839008385864,88.7989173632981,-11.598029076655834
exog-none,8,2,43489,69.59214912532799,58.99997824063731,95.26713665247289,7.33525777592964
exog-none,9,2,41641,104.20778542978768,70.00996406447199,65.81277406814807,-34.14023208251477
exog-none,9,2,41665,155.06296912655512,107.69130361630708,77.20745333342897,-77.81955739872514
exog-none,9,2,41689,175.96573984174842,133.0598933707906,86.32492648931,-104.37109236552948
exog-none,9,2,41713,187.8858679765316,153.6779345225115,103.04117941662344,-126.55065771077209
exog-none,9,2,41737,190.657150324776,155.29876270435062,109.29221517199174,-126.2220808369798
exog-none,9,2,41761,196.52889605900563,164.87775771903648,127.00858457859307,-128.6880636100358
exog-none,9,2,41785,186.7176219475733,149.78989492377053,117.60918584634064,-104.57973861648868
exog-none,9,2,41809,153.4151912980898,126.59689043035684,114.71419179021576,-49.62982472278992
exog-none,9,2,41833,110.30665250318488,99.27904989063096,111.46614091584568,16.23318166391444
exog-none,9,2,41857,93.09810642785708,84.62222904887994,105.6791396407559,61.26903713790269
exog-none,9,2,41881,99.2524071306669,89.82877991978641,105.60340121150236,66.62866225205059
exog-none,9,2,41905,108.04604252580978,90.15771425565856,87.89515435878647,23.091188011621497
exog-none,9,2,41929,115.09199939456435,94.5592179659448,74.83879578228432,-4.251040466045034
exog-none,9,2,41953,111.22571650361118,93.39124528151017,75.08701997629232,-3.0187452871494727
exog-none,9,2,41977,101.70053378832692,80.64092768031233,61.412725645855794,-15.074515876817769
exog-none,9,2,42001,99.41487373775044,73.14272286428181,49.26425518797635,-28.070003624458536
exog-none,9,2,42025,112.35808914870344,86.23150154924244,53.8309573127252,-46.95160289051476
exog-none,9,2,42049,127.70435628100444,101.33644003354688,57.30555729413257,-63.21089264076946
exog-none,9,2,42073,124.79888151129737,102.03398485767312,68.95003638949623,-21.345687906645924
exog-none,9,2,42097,129.22701606327547,112.43891720954264,83.93334911136482,16.527228688879923
exog-none,9,2,42121,124.67320258260322,104.42801845317184,76.63845032014427,4.356135987824137
exog-none,9,2,42145,125.7656696951817,102.67777870076937,75.79771059296878,-15.518449723915571
exog-none,9,2,42169,133.37395142731418,109.93474546974024,80.39861102366656,-33.88751900172975
exog-none,9,2,42193,116.75664923482717,92.48921190845644,72.92612304608306,-29.800392143932065
exog-none,9,2,42217,91.3817623575233,79.99843287197466,79.4036058773783,32.26392200631902
exog-none,9,2,42241,90.56693335062126,79.13619122215624,84.2326982597677,46.67658750238157
exog-none,9,2,42265,88.37779446087475,77.66866694959862,84.72361834318421,44.74302627003238
exog-none,9,2,42289,88.8390738241153,75.15416145870603,80.36690771522291,36.7040732544714
exog-none,9,2,42313,98.471091453827,85.0601102290964,92.66542158591946,54.29850139047031
exog-none,9,2,42337,113.9097131845478,100.00488148894851,112.41725049740585,89.68152860891499
exog-none,9,2,42361,127.40250422560464,118.62783191017306,126.97550849138682,112.35517182887068
exog-none,9,2,42385,110.73443255658012,102.24766351490408,114.7539303575544,96.63293071759075
exog-none,9,2,42409,87.8423219075416,80.19470337313568,94.675371764146,68.82303401651528
exog-none,9,2,42433,74.89335433524016,67.49822473125931,81.67477977662162,51.61243012525851
exog-none,9,2,42457,81.04908025947427,73.24244319754138,93.95403135296444,65.1214736425279
exog-none,9,2,42481,85.49993096139013,79.64889531902372,106.14811541061744,74.04096820226098
exog-none,9,2,42505,76.34395188435376,68.9319184827628,95.57961170209784,63.10869644915656
exog-none,9,2,42529,66.68850463292165,59.285557287028254,92.67606867654558,47.386860126096906
exog-none,9,2,42553,65.56786291956121,57.398315102682126,92.24385950868732,14.881629664944263
exog-none,9,2,42577,83.07831877611291,68.91185296352563,100.28017324305812,9.85424768043517
exog-none,9,2,42601,85.4622128498889,73.4585604403509,111.1293286912711,19.71803696463385
exog-none,9,2,42625,77.65535692356502,63.63011513763209,96.74625321857656,11.031322816296884
exog-none,9,2,42649,119.1465837362522,84.44836264978449,84.61872985877179,-42.38815040111286
exog-none,9,2,42673,164.03886328515875,121.2729613526556,98.69448444521774,-99.51904706131026
exog-none,9,2,42697,183.3536728218556,141.95039870682055,107.74926986698588,-126.72421322749038
exog-none,9,2,42721,170.31760173351225,125.09986847526731,99.47048155147728,-99.68127161580284
exog-none,9,2,42745,163.17010427948938,120.44795662862414,93.40638485227709,-93.72955927191587
exog-none,9,2,42769,161.88117233528655,120.62450543638651,86.20112248874725,-100.70584587082035
exog-none,9,2,42793,172.51201182832716,133.83935357094063,94.64222207447187,-118.74479546562854
exog-none,9,2,42817,151.4527240882681,117.74639650423472,81.78881273206872,-95.49818010398768
exog-none,9,2,42841,118.65521197594263,90.34430151428604,76.17783491471629,-34.92835221228551
exog-none,9,2,42865,113.49361864393154,84.43158653793192,71.99472225211596,-20.19078119420022
exog-none,9,2,42889,132.47889125984034,102.13059648541532,70.76204352509215,-57.353859695545886
exog-none,9,2,42913,131.7995023588394,107.7961693835076,80.25514078198287,-45.63705268698659
exog-none,9,2,42937,135.57710248320888,114.03168083412608,93.2729289762934,-36.064812297388166
exog-none,9,2,42961,130.10966087975186,109.5699599582206,96.73020024090572,-5.979302699358977
exog-none,9,2,42985,125.7441622721523,115.4373601761336,111.7359889777528,53.40791278051326
exog-none,9,2,43009,122.85996553587394,114.72499663676564,117.74611799030968,62.38254334878094
exog-none,9,2,43033,129.6496437219481,122.7359197718534,128.89728984015863,77.03426905478106
exog-none,9,2,43057,130.84314824571234,123.96506513838916,135.20248324840134,117.45175221180833
exog-none,9,2,43081,128.28095750270953,121.00736546802403,134.71738444099455,120.7712971096618
exog-none,9,2,43105,121.82740255458984,112.62017371556232,123.9397629530426,112.48133130373468
exog-none,9,2,43129,129.8121959843389,117.68952200804657,116.66579654844688,72.05225706524354
exog-none,9,2,43153,122.14637850905396,107.93918578221889,107.125617593238,36.69063475815261
exog-none,9,2,43177,114.03530104918262,94.49149591381745,99.01874079179952,12.19872383715666
exog-none,9,2,43201,118.0199492902168,96.36899941039051,103.44873724725996,7.250755858642672
exog-none,9,2,43225,116.18068827432332,95.49937444814476,105.18274651325382,10.125268258579256
exog-none,9,2,43249,113.37327627568986,87.82895526094929,95.28043944070376,-3.1506219433004907
exog-none,9,2,43273,117.16470623184487,94.27732909937784,102.91672220405673,-5.456972083050292
exog-none,9,2,43297,96.29808235597656,85.69525123891279,116.27327557791372,45.841980093535824
exog-none,9,2,43321,78.56053802526822,68.92396815446925,107.04788383650106,38.97584984863803
exog-none,9,2,43345,78.71910471678459,67.0170237436241,95.3233911504702,14.91196610468661
exog-none,9,2,43369,82.78931895264323,71.09447314649357,94.77317132980744,3.870042944067997
exog-none,9,2,43393,85.12679152877598,70.24834953723406,104.30585158973275,-8.783872492396155
exog-none,9,2,43417,86.67479721560542,73.57198485700613,117.00744890649656,3.28701004377795
exog-none,9,2,43441,72.96790511655644,63.18297365782023,102.7450246177136,4.761715778594808
exog-none,9,2,43465,73.0274652618966,60.51465857722106,88.8091894794566,-11.616052676201852
exog-none,9,2,43489,70.18487818392468,59.23825426825873,95.54877534786336,8.731602088588469
exog-none,10,2,41641,104.21013668928872,70.01336979436022,65.81561301825913,-34.129942364282314
exog-none,10,2,41665,155.06203834374853,107.69017504424347,77.2052252781141,-77.80898609361569
exog-none,10,2,41689,175.96354289266162,133.06249679017102,86.32888553375344,-104.36067397309436
exog-none,10,2,41713,187.88368815512905,153.6725292518864,103.03544650358928,-126.550565432044
exog-none,10,2,41737,190.65556301648883,155.29612998174323,109.28976688353312,-126.21853540094553
exog-none,10,2,41761,196.5283448665256,164.87867208626102,127.0068945570871,-128.67993542519966
exog-none,10,2,41785,186.7118582618788,149.78722793256773,117.60868317723688,-104.56641862416308
exog-none,10,2,41809,153.40465244205078,126.59420698466262,114.71210732036872,-49.61395437771334
exog-none,10,2,41833,110.29069511376804,99.27461634737296,111.46318383969648,16.249320138884794
exog-none,10,2,41857,93.09705491917784,84.62075646929435,105.67803341338424,61.280741318250215
exog-none,10,2,41881,99.25769043266088,89.83625054513868,105.60645548985276,66.63467527740745
exog-none,10,2,41905,108.1372129956661,90.9540955053592,88.33043592417242,23.249324543735806
exog-none,10,2,41929,115.09721002542854,94.56832039661148,74.84396447822988,-4.244660361219097
exog-none,10,2,41953,111.23074696913557,93.39943416390014,75.09111230854958,-3.010714994412264
exog-none,10,2,41977,101.70088857646816,80.64871737530859,61.418438567161495,-15.062766894853574
exog-none,10,2,42001,99.41253114583658,73.14789964845085,49.26833609384156,-28.06013764019083
exog-none,10,2,42025,112.35299696559474,86.23182018357193,53.83148224681696,-46.9398836113128
exog-none,10,2,42049,127.69613764850968,101.33284174357112,57.30481433410595,-63.20014717804671
exog-none,10,2,42073,124.79328202219868,102.02856846366868,68.94661637462825,-21.335467930173184
exog-none,10,2,42097,129.23322586991767,112.44470104875984,83.9355988878651,16.534792650436646
exog-none,10,2,42121,125.63293393763864,104.97743727896432,76.7260437653414,4.332825552025684
exog-none,10,2,42145,126.31728861453811,102.79083672338068,75.60987862553303,-15.040713631884817
exog-none,10,2,42169,133.26309289146488,109.774478257854,80.35668559595707,-33.85138097893352
exog-none,10,2,42193,116.74826625057295,92.48020062748294,72.91944810091083,-29.790865784502373
exog-none,10,2,42217,91.39854880327351,80.00674956588921,79.40391592193394,32.278026896571475
exog-none,10,2,42241,90.56915220708764,79.13743576848995,84.23191150085351,46.68612253629794
exog-none,10,2,42265,88.3838269511521,77.67183945823996,84.72408858250155,44.74727635505311
exog-none,10,2,42289,88.84867754587857,75.16104127280138,80.36958217908537,36.70951968716569
exog-none,10,2,42313,98.47856462028126,85.06604731492783,92.66664887824288,54.3088631164833
exog-none,10,2,42337,113.9184648015746,100.01349311540996,112.41963485909116,89.69169041623603
exog-none,10,2,42361,127.41060029477704,118.63379703105494,126.97632329726896,112.36393644751598
exog-none,10,2,42385,110.73970013547569,102.2568219361621,114.75924968290484,96.64228772178107
exog-none,10,2,42409,87.84808271021325,80.19897842215232,94.67698434916292,68.8318434288263
exog-none,10,2,42433,74.89677890820744,67.50208613010379,81.6764766880276,51.62038055467639
exog-none,10,2,42457,81.04546441932362,73.24021218476666,93.95286084682851,65.12621047676924
exog-none,10,2,42481,85.50103037913068,79.65278838252739,106.15158249728869,74.04521619618181
exog-none,10,2,42505,75.7813538439463,67.94431149281534,95.03042981940582,61.16550247441056
exog-none,10,2,42529,66.69383792021235,59.288442920416855,92.67850394600843,47.392560447539296
exog-none,10,2,42553,65.5718514915731,57.40518935906331,92.25187611327654,14.889067882223497
exog-none,10,2,42577,83.08244348521114,68.91705501581443,100.283108431272,9.865965472809446
exog-none,10,2,42601,85.46742299895152,73.46579981231645,111.134485962998,19.729325946361666
exog-none,10,2,42625,77.56128325112961,64.13357120752306,97.1704155475125,12.4460654090792
exog-none,10,2,42649,119.14583241842004,84.45773865277032,84.65129399789335,-42.380525976555305
exog-none,10,2,42673,164.0420057672976,121.27852963366178,98.70656554204086,-99.51554424634452
exog-none,10,2,42697,183.35257861769512,141.94869567689423,107.74447001454725,-126.7186309607628
exog-none,10,2,42721,170.31712966453856,125.10241621613118,99.4735242334876,-99.67071491857666
exog-none,10,2,42745,163.17185233409668,120.45534237758297,93.41565234117031,-93.7225174333572
exog-none,10,2,42769,161.87672739452393,120.62450119455458,86.20206353592052,-100.69626850206964
exog-none,10,2,42793,172.50647553493894,133.83445929993428,94.63793815098792,-118.73382717752632
exog-none,10,2,42817,151.4452553123923,117.74191741594616,81.78805347378072,-95.48776303936128
exog-none,10,2,42841,118.65509690626726,90.34261991415826,76.17631240614942,-34.91888590439498
exog-none,10,2,42865,113.49134336373712,84.43107714241738,71.99544084568194,-20.184379635722895
exog-none,10,2,42889,132.47826584782925,102.13146752989992,70.76203622032932,-57.34233638142589
exog-none,10,2,42913,131.80163877078297,107.79951049602352,80.2566229430251,-45.6245209598153
exog-none,10,2,42937,135.5670728611367,114.0242122183765,93.26909944858444,-36.052880968331976
exog-none,10,2,42961,130.1017070927319,109.5560561872536,96.72267554932344,-5.967100543049158
exog-none,10,2,42985,125.76376569144853,115.45151209625652,111.73754006787476,53.42746330041403
exog-none,10,2,43009,122.8608028721736,114.72411201404582,117.74469320740285,62.38387424243386
exog-none,10,2,43033,129.86532250284512,122.82340391794116,128.81901710239265,77.73634002513889
exog-none,10,2,43057,130.8543137723376,123.96965530145206,135.20026873232155,117.45640502835886
exog-none,10,2,43081,128.29331040358832,121.01481918170523,134.71644232962618,120.77879229549924
exog-none,10,2,43105,121.83452531094385,112.62314803881884,123.9382306055461,112.48392678011584
exog-none,10,2,43129,129.821239795586,117.6951237227984,116.66571151422194,72.05653733207126
exog-none,10,2,43153,122.14422387504368,107.93799749084558,107.12391673759656,36.703425107868966
exog-none,10,2,43177,114.03880642213898,94.49704012034027,99.02140936467728,12.207611585210705
exog-none,10,2,43201,118.02387315049704,96.37620309153448,103.4532142812038,7.262508101490317
exog-none,10,2,43225,116.18277056961531,95.50305587424975,105.1852551681964,10.133190232540205
exog-none,10,2,43249,113.3777281410806,87.83407207408256,95.28306918529492,-3.1445112534406583
exog-none,10,2,43273,117.1648156196003,94.2817153682737,102.91957929312628,-5.448364374419555
exog-none,10,2,43297,96.30991631819504,85.70526340537548,116.27780304831728,45.8475915044714
exog-none,10,2,43321,78.56215993737716,68.92517686040411,107.04675864521197,38.98376175321748
exog-none,10,2,43345,78.72065717610029,67.01831099252364,95.32385463609452,14.916850683484665
exog-none,10,2,43369,82.7941783141191,71.10420957300929,94.7803459825533,3.882501110041864
exog-none,10,2,43393,85.12371204276359,70.24692593550175,104.30128595851995,-8.771500941092214
exog-none,10,2,43417,86.6722317698356,73.57652092975478,117.00931428748858,3.298871350803428
exog-none,10,2,43441,72.9674851363974,63.18560032975451,102.74652351447897,4.766824466850819
exog-none,10,2,43465,73.03338937909713,60.52369765869197,88.82368083608651,-11.621887262358737
exog-none,10,2,43489,70.1841528514605,59.236792275363335,95.54626821078158,8.746765349700102
exog-past,1,0,41641,105.5173399652066,69.31290957459343,65.01049495744226,-37.05269225140947
exog-past,1,0,41665,156.09411315918112,109.83156554679913,79.61938422228242,-80.90420243686552
exog-past,1,0,41689,181.9358287983207,137.9704964845356,90.62856669444986,-108.7896189521305
exog-past,1,0,41713,192.45325192862936,156.22177866917733,102.72051319824072,-127.29303555011312
exog-past,1,0,41737,195.4292135406256,161.07021295681523,115.71150897474152,-128.2120096502552
exog-past,1,0,41761,198.55625554349777,164.0771188335058,124.59462534813107,-129.4478433243716
exog-past,1,0,41785,191.2663430201488,157.26466838128306,123.8913885098826,-109.34995474734669
exog-past,1,0,41809,159.4967653868972,131.03773052856346,118.19998878119593,-53.78632119976197
exog-past,1,0,41833,120.04923401181532,105.01648764984444,114.97944787769872,11.549454916880558
exog-past,1,0,41857,95.62298756778672,86.55649350673173,107.24355266294847,55.47320618628845
exog-past,1,0,41881,98.98607758932974,89.59693515729658,105.06676861055443,64.9045549132915
exog-past,1,0,41905,107.67712926807344,90.7152350242289,87.8062487397946,20.693027348297797
exog-past,1,0,41929,106.0744350922902,86.84419943980853,71.59376924633301,-10.289597882403616
exog-past,1,0,41953,106.97727881222688,88.15330408736781,72.173197260098,-7.023167795759315
exog-past,1,0,41977,103.12787596234624,82.90186410277171,62.55639771546906,-13.566908295623236
exog-past,1,0,42001,99.33045725525824,74.77077552704205,50.57711080666705,-30.694537516427975
exog-past,1,0,42025,115.51841271048067,91.01965654925478,57.19765758278618,-52.902112482146265
exog-past,1,0,42049,137.74593053893014,109.16206840740804,61.91306594513477,-67.03849139961106
exog-past,1,0,42073,127.6810676357824,104.7321886670566,70.24307988740847,-21.581294041051184
exog-past,1,0,42097,131.18029941828982,114.50003194927194,84.50743853907322,18.38638452296465
exog-past,1,0,42121,128.5818627650485,109.6386691677182,79.76512368477118,6.474498614715363
exog-past,1,0,42145,126.77516468321834,102.43809585417108,75.20301356444541,-12.97686657282903
exog-past,1,0,42169,130.99758824601676,105.4572983438614,77.73263103812604,-35.35914143602924
exog-past,1,0,42193,120.6177962136727,94.84583443397996,74.24221827111019,-30.50719163978828
exog-past,1,0,42217,87.03547268264938,74.9907558944145,77.48059176041548,26.358493328359064
exog-past,1,0,42241,88.35637908922662,76.2635049206983,82.69722145896371,44.21940859743396
exog-past,1,0,42265,89.01084125072813,76.94314738688061,84.21837476705227,46.922223910792
exog-past,1,0,42289,86.52470753944507,72.81330506456763,79.3081640377039,38.81233574956231
exog-past,1,0,42313,96.22808652865248,82.52291881997796,91.38393538807146,51.3909995017066
exog-past,1,0,42337,115.78024033837283,101.92722338015896,113.18371407295908,87.12560642401888
exog-past,1,0,42361,125.34039534485576,116.35291067737936,126.46277091466858,110.50400959388796
exog-past,1,0,42385,111.90844090379986,103.69113098946066,115.2713821332477,96.99431497668478
exog-past,1,0,42409,88.06074186531256,81.54869588032544,96.2482728283281,69.78382177951423
exog-past,1,0,42433,71.57971098554452,65.06940078762298,80.39435151044911,49.380948097401976
exog-past,1,0,42457,79.82244469529978,72.51473850653896,93.5935434128208,64.6049900646045
exog-past,1,0,42481,85.15517556564903,78.66457398177815,104.9602766651,75.20525874282033
exog-past,1,0,42505,76.01215684595357,68.9983989909665,95.61462289320912,64.49845864322212
exog-past,1,0,42529,65.10654830580461,58.656031773807776,91.4676025297106,52.86645857724274
exog-past,1,0,42553,67.39250739813475,54.94193281606892,87.47613963240232,17.07615870953498
exog-past,1,0,42577,79.05915853724674,64.68946030363226,95.6761362726669,9.025320869867558
exog-past,1,0,42601,83.8910488420141,73.34360001594261,110.345588233207,23.67049189573317
exog-past,1,0,42625,79.87859777722637,66.57479111249233,97.17819564669152,15.587281153805066
exog-past,1,0,42649,122.93788817674952,87.92225274546743,87.21969500168828,-39.8052581677452
exog-past,1,0,42673,160.1866093253151,116.82244612002424,88.35158731271618,-94.48123087137752
exog-past,1,0,42697,178.75642815048047,138.48827251937314,103.58104420317756,-122.50209853644247
exog-past,1,0,42721,168.36829109005603,123.52733042406108,95.72206485883346,-97.7230621513364
exog-past,1,0,42745,156.27869778892054,115.0486797356378,88.2755293583078,-90.96779117636036
exog-past,1,0,42769,159.12244005723957,118.46561558893796,84.17689396116049,-101.83838371827336
exog-past,1,0,42793,169.304561006555,131.5865423979601,92.46909770765204,-118.9757466923834
exog-past,1,0,42817,156.38161770580814,121.75737381188948,85.17446340377714,-99.94540691154288
exog-past,1,0,42841,126.30423091989768,96.61026057685513,80.23115969037217,-39.32817055693255
exog-past,1,0,42865,113.92498201852584,85.20505947582619,72.78172072079447,-20.03791437596708
exog-past,1,0,42889,133.11676192068563,101.82824913478665,71.16637419890807,-60.76809663635883
exog-past,1,0,42913,132.82324598374498,107.7801938611712,80.05702745889832,-49.59674327496999
exog-past,1,0,42937,134.54153799666153,111.76933397390746,91.25811162246974,-37.2203398750876
exog-past,1,0,42961,131.72209509292992,111.82931654996575,97.7673856376852,-10.927681639264003
exog-past,1,0,42985,122.65778674451316,111.93378687191546,111.30632484201116,47.980055040428
exog-past,1,0,43009,121.81048564386204,114.02038457452606,118.44921997467952,60.35949041182048
exog-past,1,0,43033,129.0694539572637,122.94760005589907,130.3391160276471,73.70051506377307
exog-past,1,0,43057,126.22770146757397,120.36065421901264,134.75790599841218,115.12076375987618
exog-past,1,0,43081,125.74328242272318,119.52742706787969,134.78415354570706,119.52742706787969
exog-past,1,0,43105,119.4528684192496,111.39113471501658,124.08264723374754,111.39113471501658
exog-past,1,0,43129,126.29940075265031,115.44359557831793,115.718765055401,73.02409011632813
exog-past,1,0,43153,119.6927666852792,105.6870341226412,105.9697120721749,36.74934456850389
exog-past,1,0,43177,114.0288805757852,92.85310599099054,97.9583816125804,11.32952600545868
exog-past,1,0,43201,116.25043437271144,93.87841843817166,101.21586270329055,5.916734062377488
exog-past,1,0,43225,117.6773327458167,97.02445039767905,105.45574546584784,10.485814829412512
exog-past,1,0,43249,113.14308974323748,86.77241407212507,94.32202800991357,-4.193731726788748
exog-past,1,0,43273,119.48686028650556,95.17722837060468,102.5783647058552,-6.544488742381927
exog-past,1,0,43297,96.10467010488716,85.02297232956332,114.06068114624748,48.295905483573655
exog-past,1,0,43321,77.17191712493091,66.65809090447377,104.55732428135748,41.09849358416383
exog-past,1,0,43345,79.48076496994516,69.55033839635914,96.61478583777856,21.03837054253712
exog-past,1,0,43369,82.29448912903689,69.01492658262748,91.68429345740331,3.608440695940784
exog-past,1,0,43393,84.39925803337586,69.60225982798832,103.53905758239604,-11.371559160663926
exog-past,1,0,43417,87.853448971448,75.53788206572,118.46706741245389,4.11943762591707
exog-past,1,0,43441,76.27496904916927,66.11733538596823,104.64967167832494,6.905274624795154
exog-past,1,0,43465,76.44791135951715,63.21660846808568,91.07483615672882,-9.79381225714323
exog-past,1,0,43489,72.25609099768545,61.29782608265404,96.71823066438058,8.66045454322374
exog-past,2,0,41641,109.058786277683,70.35217158033198,65.71438511054387,-39.21698204340636
exog-past,2,0,41665,156.10857333115078,107.36275495679703,76.8291541843585,-84.41270061456656
exog-past,2,0,41689,178.70605098536882,133.86672794949348,86.71587881315163,-109.9629636342543
exog-past,2,0,41713,193.7953780411427,156.01024165653251,102.57171493670928,-130.498769176916
exog-past,2,0,41737,197.2849192614654,161.89077512507615,116.259966061066,-130.5323064514956
exog-past,2,0,41761,201.79594786752668,168.05373838926195,128.10659056474194,-130.33844939660227
exog-past,2,0,41785,190.0446908048626,157.84189842342047,123.66291729463184,-104.99797377564116
exog-past,2,0,41809,157.95513878597708,131.42271536383222,117.9678630406978,-50.898445170127694
exog-past,2,0,41833,120.46945626745234,105.41236590598366,114.475236550922,10.793351934607513
exog-past,2,0,41857,95.98702150063222,86.28496416640553,107.07344855491516,53.070534531488505
exog-past,2,0,41881,97.19217890727232,86.20832397496902,102.6444009547192,61.33528885557013
exog-past,2,0,41905,108.41202526067912,91.2016628417636,88.31543613555122,17.190348526708515
exog-past,2,0,41929,106.82948309605588,87.93094055529073,72.66993259799001,-14.795823900983388
exog-past,2,0,41953,106.13883961357423,87.85465128400865,72.56378122488817,-11.297875843853635
exog-past,2,0,41977,104.2118463166822,83.17916331145653,62.95568170490915,-16.465037381658572
exog-past,2,0,42001,99.98376713288992,74.45435219024387,50.56111748294426,-33.378093307458414
exog-past,2,0,42025,116.7323622896708,90.44516152974722,56.87464286929279,-55.86764962860907
exog-past,2,0,42049,134.81685701274756,105.62114558543692,59.48541697734992,-67.0034099626857
exog-past,2,0,42073,126.21875669332482,105.46274156200236,70.93984423276831,-21.541322515319266
exog-past,2,0,42097,128.83136986994597,111.75104631352376,82.86689368442117,18.982307302625145
exog-past,2,0,42121,127.56091153424376,109.13962919019347,79.95726875702809,5.908546496599797
exog-past,2,0,42145,125.74120102537212,100.92427532924404,74.5468168603801,-13.494553703974637
exog-past,2,0,42169,132.10165729939632,105.35351954095044,77.89842861408441,-40.65647247363094
exog-past,2,0,42193,120.75175277239192,93.84455978902456,73.42229722222481,-31.25269077172494
exog-past,2,0,42217,83.09470246158305,71.60331221720578,75.85278113739659,24.730470360486606
exog-past,2,0,42241,83.7469746812708,71.48263199561663,80.59275912799193,46.14541366736196
exog-past,2,0,42265,87.24117878643713,73.98391346321384,82.38250711636532,49.01388813342543
exog-past,2,0,42289,85.92805670997897,71.14045938459778,78.26101397094055,40.3000544611517
exog-past,2,0,42313,95.74042502734598,82.78922367412267,91.82755832947257,49.18099897344407
exog-past,2,0,42337,113.70403959017472,101.46247470191958,113.82971899484278,82.10913273192095
exog-past,2,0,42361,122.0146295583968,113.19377914647956,125.60318681816996,106.22029529777164
exog-past,2,0,42385,107.035656236238,100.1657196775556,114.89994170659637,91.35628798086418
exog-past,2,0,42409,89.71967865962603,82.80506662993363,96.28270757767427,72.51992550381257
exog-past,2,0,42433,77.76928907332842,68.69453250860875,81.32947986345788,57.25205996108191
exog-past,2,0,42457,85.85247917268634,79.75338024765722,97.89739330239108,71.39019290735402
exog-past,2,0,42481,93.7024348072351,85.93290821951513,107.51076096874716,84.03535826542796
exog-past,2,0,42505,80.88801983013786,74.81450318625828,99.20979282227434,70.89992998210731
exog-past,2,0,42529,77.8778769483093,67.73241633912085,94.30268288078726,61.72924376341702
exog-past,2,0,42553,67.64739433644043,56.47810484075213,87.64881146694647,23.248227169830905
exog-past,2,0,42577,85.12488571912853,70.72668181426577,98.04648237438678,15.865126394044584
exog-past,2,0,42601,87.87967072738246,77.40541193880262,112.9191994497868,26.928401657445896
exog-past,2,0,42625,84.62041754258496,73.58271499314412,102.1780770067756,25.470610854697828
exog-past,2,0,42649,120.39104737823163,91.87556781166866,90.46345399112808,-23.56260983389344
exog-past,2,0,42673,155.90186647734592,117.96032246455012,89.97021739252828,-82.36387383674285
exog-past,2,0,42697,171.19895401511454,133.4331805276062,97.00626324472468,-108.4003622470386
exog-past,2,0,42721,162.6423635727724,127.90446172360043,101.52694030914596,-74.99586952962414
exog-past,2,0,42745,156.33638996717428,118.56839704870706,92.60626006922712,-81.63640131202321
exog-past,2,0,42769,146.64520554182766,108.89823672984552,76.04968239603814,-82.84435723876454
exog-past,2,0,42793,157.4512343841343,120.68656262732507,81.59187987200495,-109.3577233577347
exog-past,2,0,42817,148.0730113982968,115.26419701060908,79.51484614032273,-92.28262115805197
exog-past,2,0,42841,122.51013549811128,94.94464037897268,77.85292596161717,-29.843150224355934
exog-past,2,0,42865,119.14578931250594,91.27625360535748,77.06716959696026,-12.964367125759694
exog-past,2,0,42889,132.63512307634082,101.21123424338596,70.4291919437129,-57.661333847687104
exog-past,2,0,42913,132.34198986063203,108.01353457043106,79.89427170827584,-44.703592758261344
exog-past,2,0,42937,124.63946383046806,105.2539329390407,86.48678457347059,-22.560181057167146
exog-past,2,0,42961,129.2608423729348,113.62517672216188,96.26392940937248,7.392786239703828
exog-past,2,0,42985,122.98551270942258,112.10007861017016,111.94586688997232,45.04491940955079
exog-past,2,0,43009,121.87833192077804,111.70041234697491,117.16712803825088,54.416096717873295
exog-past,2,0,43033,127.78666456481032,120.07663258455408,129.37693615725743,67.3847781252414
exog-past,2,0,43057,122.98857044269047,115.98288474581533,132.8988719644787,110.43689669745466
exog-past,2,0,43081,122.89771012907428,115.75837934622427,133.31524020201596,115.51479041671102
exog-past,2,0,43105,115.5364597974235,104.75494555449276,120.63343058703882,103.75978591345458
exog-past,2,0,43129,128.01973235860711,119.66646362189776,117.72708496892608,81.48447810321247
exog-past,2,0,43153,128.34308137642745,114.75362863070482,109.43274085685316,45.92167540961882
exog-past,2,0,43177,118.09431258097524,98.44083260828376,100.03363744176076,18.417095066439828
exog-past,2,0,43201,116.46907763934698,96.91011495113926,102.53071278571248,11.4843591936922
exog-past,2,0,43225,121.7465580331481,105.00879456954156,109.11343904724627,23.844442223395497
exog-past,2,0,43249,115.28295315063184,93.78033289692776,98.527280608341,7.985690392349294
exog-past,2,0,43273,118.15055122805772,99.82289654742304,103.7341356375435,8.159852453321264
exog-past,2,0,43297,103.71050527260192,93.72563351889612,117.0225625711748,60.39928190727079
exog-past,2,0,43321,83.93417946479491,74.6205182186496,107.9200285954096,53.03185961963707
exog-past,2,0,43345,75.37034032303463,64.69419977201045,92.4463868169234,18.435494767600204
exog-past,2,0,43369,85.36048835354396,73.43499692017737,92.07611117058482,21.990815154238053
exog-past,2,0,43393,82.38516471814538,68.4654108544197,99.30106707832992,-3.4733958864390013
exog-past,2,0,43417,92.12290618163932,84.44925053568429,119.85561050705157,28.740578177598227
exog-past,2,0,43441,77.02537851681679,69.46695284948923,106.28022409031892,14.015972051772142
exog-past,2,0,43465,71.29151148312182,61.81983545312406,88.44180163645142,-1.5493277910369063
exog-past,2,0,43489,71.84663926172135,59.64785258544672,94.38777788653076,11.82239125132818
exog-past,3,0,41641,107.98638046031456,70.46304390852559,65.98079489990928,-38.0888347663133
exog-past,3,0,41665,154.47294186891463,105.1399374092144,74.56863558897521,-83.44052517568876
exog-past,3,0,41689,170.0461268235979,127.06029081120654,81.15535818181986,-103.26681588633409
exog-past,3,0,41713,193.8041361766305,158.86146387766686,104.35826369126896,-123.07806589499435
exog-past,3,0,41737,196.51996927276213,162.29654455836004,114.51205275918949,-122.30815802339104
exog-past,3,0,41761,203.6665107863192,172.22800156823655,130.2451608421538,-125.18575903172172
exog-past,3,0,41785,186.03016321739247,157.15434530771776,121.59807364997096,-94.9921601937118
exog-past,3,0,41809,157.65521059458013,132.7068482416679,117.68588540531807,-43.854358274573045
exog-past,3,0,41833,122.09129688334356,108.56381634105487,115.21115740011606,18.025391043900008
exog-past,3,0,41857,101.38641340010535,91.26618610485936,109.1972074011879,56.39718637200506
exog-past,3,0,41881,105.60106165103704,93.4744121908024,105.1018176800975,69.56312766553121
exog-past,3,0,41905,105.38208358911288,88.08038064131271,87.04927903825566,17.807701271879278
exog-past,3,0,41929,107.94768596839926,88.04429176665803,72.787576367944,-11.5414477840458
exog-past,3,0,41953,105.41117188501754,86.18701248594815,70.8048445526525,-5.796095901396419
exog-past,3,0,41977,100.85090341800466,84.7905750005693,63.7463471922336,-1.8823532705390995
exog-past,3,0,42001,92.45428849899758,72.84510182130413,49.78081193049969,-20.067670801200528
exog-past,3,0,42025,110.04511812554408,86.36831415528918,54.15258625445435,-45.73538160621558
exog-past,3,0,42049,116.042490685768,93.35794392308092,52.276589245775696,-40.273365288146216
exog-past,3,0,42073,126.21191920455506,105.92568678867023,69.64572268817207,-9.587241179034802
exog-past,3,0,42097,128.29748770903225,113.24499039320128,82.51148597480916,33.88309085099011
exog-past,3,0,42121,126.18409862197274,110.16203495931936,80.5696375362999,15.114820134963116
exog-past,3,0,42145,120.72758760435453,97.8795882817874,72.91140561130001,-6.440031948573131
exog-past,3,0,42169,123.6851131720968,99.42359231903473,74.2677338587624,-30.39055479838519
exog-past,3,0,42193,116.34842202379404,90.17473511748268,70.57283017065247,-16.191511846169778
exog-past,3,0,42217,86.29156786412449,72.0072357093048,75.06081773429898,45.54403302560049
exog-past,3,0,42241,90.66484864754838,76.26701220244426,82.2862915133701,63.25933650879809
exog-past,3,0,42265,97.04094974954852,80.98805026945803,84.39146517177356,67.22591278787017
exog-past,3,0,42289,93.55070765363644,74.63193939213917,78.08676568618287,56.257220503017344
exog-past,3,0,42313,100.72217758663376,85.33193506993868,91.76215848954826,56.8867123125908
exog-past,3,0,42337,119.79019209584554,106.08378954639068,114.43126841267,88.84051653293199
exog-past,3,0,42361,119.59170942395536,110.03012121982208,124.02076336190622,102.73307344937
exog-past,3,0,42385,107.837590049822,100.70294444569876,114.92557824796022,89.56394792502427
exog-past,3,0,42409,106.22557165019272,96.4245002119102,100.58926238278325,91.43316258501198
exog-past,3,0,42433,100.62275410632012,90.44826930955176,91.85378643175558,86.63708094683975
exog-past,3,0,42457,119.59282832902142,111.75602608575748,110.87028477533214,108.79067884364402
exog-past,3,0,42481,113.89958481828752,108.622375653403,118.98979762019464,106.59137843424924
exog-past,3,0,42505,120.82780991632188,114.01857200262904,115.50290475601152,111.6528434792532
exog-past,3,0,42529,105.76910096288424,98.76073493077328,110.92357965160278,93.85226300998616
exog-past,3,0,42553,73.35011342060871,63.73381322670237,93.66257169150086,33.91461671879283
exog-past,3,0,42577,85.56803040490375,73.05500808427325,100.22025454305503,22.91488367571409
exog-past,3,0,42601,111.04829557611076,103.93461878692294,123.02959567513253,66.8324743802263
exog-past,3,0,42625,90.04879782364752,81.90089582112239,104.92264592180886,44.33004582173176
exog-past,3,0,42649,105.14951698983717,89.35005298476833,89.03004443158147,9.687938151560784
exog-past,3,0,42673,153.48376196626646,122.7044490369882,93.3053679713412,-65.25395212514397
exog-past,3,0,42697,173.64947043894335,143.2372706365724,105.5172916177565,-96.32370398471669
exog-past,3,0,42721,157.05876021185492,123.01998409568334,96.9100360130001,-69.83924782139017
exog-past,3,0,42745,131.6632724582502,105.5304770718588,81.46927615052432,-53.86061850242296
exog-past,3,0,42769,139.3512478782428,105.75659892962972,74.24736689660378,-80.48997525465947
exog-past,3,0,42793,125.8543361713624,96.39499470152158,63.61008193366808,-74.98024192501275
exog-past,3,0,42817,148.52770244064808,121.83375135596096,81.80006557292275,-64.47787325948113
exog-past,3,0,42841,114.27045762256874,89.58273335132806,75.26953436021438,-29.628031144325167
exog-past,3,0,42865,97.42353692866304,73.11812653549566,64.22964767845902,-6.365225134651899
exog-past,3,0,42889,122.9236591170518,95.02089022370356,65.7468505970518,-44.935248401949295
exog-past,3,0,42913,126.34029946355922,107.93306937616724,78.90855648582917,-18.471244856352293
exog-past,3,0,42937,128.2787425827459,111.58148204550456,88.61614628495008,-13.66236713197159
exog-past,3,0,42961,144.80265317102024,131.23957474430495,100.4903488161916,40.978259898542106
exog-past,3,0,42985,129.4883944890813,118.64045876262703,114.20271484213818,50.24132244486137
exog-past,3,0,43009,120.31601687197906,109.3555828252691,116.8545257341003,48.469416260130366
exog-past,3,0,43033,126.70556759823172,118.27819271078484,129.2318044700505,62.237777030976304
exog-past,3,0,43057,118.65635258464172,111.3373322385495,131.59255789529573,104.66674542267675
exog-past,3,0,43081,133.06778711652927,124.37584880195908,135.1277129145398,124.33895773537064
exog-past,3,0,43105,119.81124026361978,109.50502318988876,122.5840392077184,108.45786366147198
exog-past,3,0,43129,147.03476031079745,139.72519874604126,123.49484619665114,101.93429370945796
exog-past,3,0,43153,121.07709989660914,109.8346438808304,107.85221087368372,50.29080175468998
exog-past,3,0,43177,115.1475807319446,102.15414761764858,101.12508522131574,37.84170208585243
exog-past,3,0,43201,117.41814682550176,100.6477957251743,104.88147769800204,24.05860974222632
exog-past,3,0,43225,113.49071197568334,98.872696423689,104.40063653068266,31.920764802286165
exog-past,3,0,43249,104.49669600834063,85.88100171301717,92.38514649704332,16.45367490191918
exog-past,3,0,43273,125.39221379132329,110.2542529143467,109.40022311317897,18.345396583836887
exog-past,3,0,43297,120.97890988651264,112.5600293049554,126.07492410152032,76.97463528964833
exog-past,3,0,43321,120.7178407497787,109.5574187655288,119.82806663014551,97.61065873507115
exog-past,3,0,43345,88.03576077729137,77.59239305950575,97.00634198768924,48.2923669018888
exog-past,3,0,43369,106.74425959138954,93.8015699905172,98.8351290794857,56.41821882824824
exog-past,3,0,43393,85.08587584037913,75.79947020498969,100.2659772690573,40.10051933117642
exog-past,3,0,43417,95.33316243969142,85.69470992258137,115.84356848644228,51.85579134785154
exog-past,3,0,43441,87.96466334654608,79.51448980948561,107.76531934480936,32.24090473397175
exog-past,3,0,43465,73.23547910030722,64.0091524684169,90.45241700427576,-1.0324494017239632
exog-past,3,0,43489,83.65899774440494,75.4100923550594,102.72611154078592,34.62977535393115
exog-past,4,0,41641,107.61051610466453,69.91135297384255,65.42252321944135,-41.404057708255806
exog-past,4,0,41665,152.37535877172374,103.90925845891604,73.4921533652539,-81.62988068479062
exog-past,4,0,41689,169.41801401533678,126.32072180224368,80.454578862167,-102.4726352549132
exog-past,4,0,41713,192.2336734470832,157.03439094037944,102.680856293661,-121.83880194600384
exog-past,4,0,41737,196.5312840959748,162.52793832904007,114.5988539038192,-121.41290080232164
exog-past,4,0,41761,203.17634090522148,172.26056907770155,130.28421715008142,-123.9138885420517
exog-past,4,0,41785,185.54570653551227,156.5193358544091,121.17041011095311,-93.90873983808528
exog-past,4,0,41809,158.28282918515066,132.9929839456717,117.93489520081116,-43.48902619875063
exog-past,4,0,41833,123.54890352667438,109.85998882952347,115.99231722594055,19.03076266095523
exog-past,4,0,41857,102.32975180751622,92.04346413400744,109.5741232868094,56.419466645921794
exog-past,4,0,41881,106.71378414873668,94.00009793000577,104.71331498249032,71.65090644167127
exog-past,4,0,41905,114.57322672638269,95.79983379239704,89.76316774992506,23.306087148492217
exog-past,4,0,41929,107.56657877601177,88.59420149758573,72.85491746636701,-7.171003290694888
exog-past,4,0,41953,106.33942528267048,87.19820071133911,71.13220678646977,-3.710350429703269
exog-past,4,0,41977,100.46778543238052,85.20948014461331,63.91081936106504,2.1290724747661587
exog-past,4,0,42001,93.61289341940176,74.8891177326655,51.19207407692722,-18.75134181811837
exog-past,4,0,42025,108.57931825581556,85.4972273000683,53.61162887217588,-43.79603302107584
exog-past,4,0,42049,121.69717424180546,96.7479790587155,53.922480032526856,-46.67212693127509
exog-past,4,0,42073,131.822596734536,112.08656858803194,72.22107071118373,-0.6109419375369715
exog-past,4,0,42097,130.15235456366062,112.99426360936144,82.09747074945174,26.77349342008436
exog-past,4,0,42121,125.57328201271636,110.27151941642846,80.61334579603545,17.964017888744653
exog-past,4,0,42145,118.35779075868464,95.7832441911223,71.84597642295252,-6.169006573172088
exog-past,4,0,42169,121.85681556344238,98.61734116302073,74.00855857617837,-31.42592917198971
exog-past,4,0,42193,116.62805712030227,89.90842913262586,70.91545327511596,-24.80138431210065
exog-past,4,0,42217,82.6282608713352,69.54596752675373,74.1960758987869,34.791301019417176
exog-past,4,0,42241,93.0697556182466,77.9519527647609,82.81330987514673,67.41152738721507
exog-past,4,0,42265,96.23033153680836,81.48054268437582,85.0449962077741,60.46292954136089
exog-past,4,0,42289,92.17511120700914,73.91300570260844,77.97404245656155,47.830357785133295
exog-past,4,0,42313,102.6759048252297,85.88623772401614,91.23091642204264,60.25711183554662
exog-past,4,0,42337,123.91641441233094,109.06695125408606,114.73684551455136,91.36034660381836
exog-past,4,0,42361,118.68006523161635,109.29890466044638,123.91779491365516,101.17727607036002
exog-past,4,0,42385,108.40321443076373,101.44268022909384,115.36024861529062,89.45389485571124
exog-past,4,0,42409,86.19235443306837,78.3035770108841,93.83424265186164,69.66058601885926
exog-past,4,0,42433,101.4303770528501,92.09444308826608,92.91391503785216,87.25432551138202
exog-past,4,0,42457,119.46233440063322,111.83680387567956,111.22058335160408,108.46474266364218
exog-past,4,0,42481,124.0806975824525,118.3693339580099,121.92241569202874,115.66750603777196
exog-past,4,0,42505,128.52130975566288,122.03379591040031,118.85760444415594,119.21683082090688
exog-past,4,0,42529,106.74838985853668,97.03633160872894,108.47998755522455,93.4821996347776
exog-past,4,0,42553,73.71609513388051,65.2775759221965,95.9472230935995,35.96988162655344
exog-past,4,0,42577,90.75273673978153,76.58339599197896,101.02908799202316,21.51400129263036
exog-past,4,0,42601,114.49997293913866,107.549576354841,124.94812569026988,66.08811162989676
exog-past,4,0,42625,95.14519551513315,87.18649200985199,106.77623359620416,55.04718574717598
exog-past,4,0,42649,109.25006466034868,95.17305297340532,92.3440473887567,22.357454021735787
exog-past,4,0,42673,152.27584486953882,114.00064191479048,87.74006316700293,-79.49279848889321
exog-past,4,0,42697,173.94867864949177,137.5564118416505,100.9437966768323,-99.61523099897872
exog-past,4,0,42721,160.5574600958985,127.71807426422676,100.7111243727348,-67.52737895382087
exog-past,4,0,42745,125.55269090443242,103.02020918782948,79.68635449175811,-43.07709258138406
exog-past,4,0,42769,132.12672604369237,105.77684177839905,73.11833280262258,-49.36358730758569
exog-past,4,0,42793,138.60346779708684,105.95424263580712,69.94002079226487,-72.45401706588315
exog-past,4,0,42817,149.44325544566578,118.65827646774792,80.09866521672126,-74.13226072008476
exog-past,4,0,42841,118.57288845361438,97.30720846895272,77.58292676945455,5.4450280775026085
exog-past,4,0,42865,101.41174952021724,77.14749495343032,67.54360856506104,-4.017812768637027
exog-past,4,0,42889,121.19467028744326,92.7944196133863,64.45533184601304,-36.82194782212799
exog-past,4,0,42913,129.29955925791828,111.44892177190268,80.65140539224583,-19.66853191877846
exog-past,4,0,42937,129.13438883470903,112.96930503279113,90.2999474819362,-19.5274506690495
exog-past,4,0,42961,149.13177728213802,135.8855147565265,101.76902850632158,45.538230229867125
exog-past,4,0,42985,130.71427154548488,120.6229213354992,115.4600221078362,50.95074243078807
exog-past,4,0,43009,122.13416294471502,112.56410443685944,117.87052466200608,55.22273193038335
exog-past,4,0,43033,135.03376444919704,127.44111547080531,131.94497094522345,71.21479671602317
exog-past,4,0,43057,125.73973685454304,117.89135855288797,133.16773492762428,111.32777503407324
exog-past,4,0,43081,133.8239537854744,125.18070025854534,135.3759745143269,125.1574430361154
exog-past,4,0,43105,122.09335447881864,111.52158165161796,123.0536365415786,110.15144125967149
exog-past,4,0,43129,156.14574060864595,148.70226263042034,125.21311413313482,111.3039052921729
exog-past,4,0,43153,131.9876572800858,117.23406116141533,110.14419793481883,45.96443169205248
exog-past,4,0,43177,110.1924258449416,95.57730512227135,97.90713393009472,30.824818135021133
exog-past,4,0,43201,120.05912205223856,104.49761173127716,105.819376221452,30.2787605879698
exog-past,4,0,43225,115.72913908459986,102.8526858984676,105.15027417332364,42.18049019203946
exog-past,4,0,43249,106.24569889962086,91.22165642296928,95.09127800186988,28.885412573259032
exog-past,4,0,43273,139.4459748102237,125.6588238318602,114.7840644165906,32.543742074424
exog-past,4,0,43297,127.8582266924888,119.41050466042904,127.96218594323338,84.99620885981165
exog-past,4,0,43321,129.88940210927095,117.40493204346852,121.6780615157303,106.14785004257024
exog-past,4,0,43345,84.40483421409066,73.85677909075258,95.67959616192822,39.420370511079724
exog-past,4,0,43369,111.8113369302926,98.53096212386512,100.64393400881796,63.98300352498001
exog-past,4,0,43393,85.8021227057127,75.02304315866022,100.11992304305468,25.884067558118243
exog-past,4,0,43417,90.39941263864463,82.11908176708411,115.52731098492286,49.01688217829821
exog-past,4,0,43441,93.65930746549688,83.28246937826843,107.86237550740292,38.05560169426946
exog-past,4,0,43465,75.2696496533351,62.67519276665281,83.09623167852732,24.696340094252903
exog-past,4,0,43489,75.36891025625712,64.44021411835662,98.94210958373851,13.26092159830874
exog-past,5,0,41641,107.16448692576525,69.75304953105689,65.14857041683331,-39.89058532828748
exog-past,5,0,41665,151.49877912969686,103.12352506657632,72.74614106517896,-80.2111497920231
exog-past,5,0,41689,167.1595341723023,124.6824304664278,79.2349870268939,-100.1470114025081
exog-past,5,0,41713,189.26457826138696,154.56744115870768,100.79480162679327,-119.87184113799736
exog-past,5,0,41737,196.08188819036937,162.57987689639165,114.54698745395552,-119.89197491340911
exog-past,5,0,41761,202.8442512869884,172.48162880558945,130.15504863042574,-122.48442326621053
exog-past,5,0,41785,184.70667259495423,156.66676846765725,120.91712372028734,-91.46988530222188
exog-past,5,0,41809,157.66603770994718,133.43854618380936,117.82617953389376,-41.10374484136804
exog-past,5,0,41833,124.55681494230195,111.42239759250326,116.48903974246596,21.360784319084928
exog-past,5,0,41857,106.51757849017156,95.9655938804323,110.8185040265174,61.41503848853623
exog-past,5,0,41881,108.62062505985264,95.8085411726542,105.2983737383428,74.04050101362533
exog-past,5,0,41905,115.9234550006066,98.41812730570688,91.00450749105904,28.5574505665536
exog-past,5,0,41929,107.24180518038096,89.04245631203828,73.0373929559046,-4.171210254466511
exog-past,5,0,41953,106.1918007731548,87.79282324131766,71.35192967091527,-0.0549000869884063
exog-past,5,0,41977,100.3233248463434,85.85363851658084,64.21633346984113,6.295366414717042
exog-past,5,0,42001,92.37353939206488,74.68718403863343,51.05431259781204,-14.683623202243863
exog-past,5,0,42025,103.2805655131691,82.38458523493632,51.81259946825579,-38.29040632144893
exog-past,5,0,42049,117.1142791682686,91.68795310875322,50.83028074972391,-39.66017329907064
exog-past,5,0,42073,132.36254890949382,112.92654206319344,72.3135797339421,3.4521938062959654
exog-past,5,0,42097,129.5650488870632,113.30747161150164,82.442341206197,29.337871392817902
exog-past,5,0,42121,125.42257587810845,110.6222575350916,80.68760787235722,21.0303286459475
exog-past,5,0,42145,117.37347549836292,95.469837701726,71.6782403938693,-3.599889174187432
exog-past,5,0,42169,121.99318455305573,98.65850474291308,73.99825712238133,-31.529395872926564
exog-past,5,0,42193,118.61305769359171,92.66227104987084,72.65218449124762,-25.73081772062304
exog-past,5,0,42217,83.37154929237302,69.90307420766874,74.25852088816288,37.84173474678206
exog-past,5,0,42241,99.6705550752214,82.7309266473948,84.13332155516349,73.72480333968832
exog-past,5,0,42265,98.46190639301308,83.13284695571727,85.49740312566139,64.2552525102503
exog-past,5,0,42289,93.8993124684244,74.77185547057096,77.99511188571421,51.06724205014815
exog-past,5,0,42313,104.72216083437527,87.04044189133086,91.27171976503244,63.68815850334389
exog-past,5,0,42337,126.13802977465645,110.73004293736358,114.9385207823452,94.08051330040848
exog-past,5,0,42361,125.48017887602678,117.31574695273584,127.31365760064892,111.57811862750862
exog-past,5,0,42385,109.90023209116931,102.95882659312562,115.94657756452372,90.9144812041561
exog-past,5,0,42409,88.32713482768666,80.78219929302129,95.09632693933187,71.78279822948295
exog-past,5,0,42433,104.56526480859058,95.0087096770131,94.0401052692204,90.93538070454083
exog-past,5,0,42457,91.07010950729234,83.18828515271935,98.42914507825054,75.51704238211113
exog-past,5,0,42481,100.55439311817298,92.5291689293857,110.18017174713437,91.04024565760758
exog-past,5,0,42505,122.32756944716544,116.0419544746717,116.95909076754448,112.99080283949648
exog-past,5,0,42529,100.02022510397444,92.958753096252,108.3701381155237,88.14723891052587
exog-past,5,0,42553,75.56299393200288,67.45460419389835,96.3266199416222,40.851094521028806
exog-past,5,0,42577,85.86461256556915,71.52019893207591,97.5867695877156,17.769917356821697
exog-past,5,0,42601,110.50797720511852,103.62872987880364,123.3467350043962,67.81985868487835
exog-past,5,0,42625,92.976799223712,85.17312843551233,105.23405873886308,51.646020145641245
exog-past,5,0,42649,110.3765607296332,96.99477111939976,93.07961763004532,27.840567667476797
exog-past,5,0,42673,152.32964528550076,114.5059497643208,88.30812489289764,-78.72632146856078
exog-past,5,0,42697,172.09197615089604,136.80870717043476,100.019603067291,-96.3918381885306
exog-past,5,0,42721,160.29676951914692,128.26990084609884,101.00164161644078,-65.62518821612994
exog-past,5,0,42745,129.90781141615122,107.22880099098678,82.15666929626249,-41.22213747083346
exog-past,5,0,42769,128.3565332601206,105.17818564316154,73.07742888223541,-45.72624878418484
exog-past,5,0,42793,140.64736600230256,106.42797386315992,70.5489306842796,-72.15364447884465
exog-past,5,0,42817,147.42549713077602,117.04655380146,78.55391624921985,-70.31252012385937
exog-past,5,0,42841,124.2829392388164,102.8075492311534,80.33922691735792,9.898417046387657
exog-past,5,0,42865,99.97343953419586,75.56856123897896,66.27150613977288,-2.659479503991617
exog-past,5,0,42889,120.93679905203297,94.17784896904334,65.42995413923326,-37.14961801492137
exog-past,5,0,42913,130.16997296650723,111.94815254261876,81.358839642689,-24.18151890064993
exog-past,5,0,42937,126.70981900182028,110.93314091440004,87.72739220578497,-7.931711007707277
exog-past,5,0,42961,150.58629385362502,136.15029087662762,100.7048786670768,52.57861463923744
exog-past,5,0,42985,132.11345693608553,122.34634950409178,116.02087231712784,53.1237424171761
exog-past,5,0,43009,123.44811018938974,114.2677914376672,118.44823006684848,57.955291160835
exog-past,5,0,43033,134.0599813392768,126.63196859288026,131.5742996088037,71.90831012638094
exog-past,5,0,43057,127.8508930625318,119.85085243427754,133.6522560684535,113.48131775725544
exog-past,5,0,43081,138.84338141036125,130.1434169879362,136.4714672221633,130.06134792259877
exog-past,5,0,43105,134.20657273611306,125.4541038144389,128.291360994422,125.41117409658108
exog-past,5,0,43129,161.01651437605247,153.49277281428755,126.12788669107933,116.58306039399812
exog-past,5,0,43153,136.76671059876656,123.26328269925828,112.23522783303449,52.5853458655183
exog-past,5,0,43177,111.30956582525768,97.33816919399592,98.67310598200976,34.066105226785645
exog-past,5,0,43201,121.3073357314541,107.68263286477482,107.14607760016844,36.17567449595597
exog-past,5,0,43225,116.87746104948792,104.60539455823094,105.51534406164384,47.43379007197424
exog-past,5,0,43249,106.95705837417684,93.55182665878888,96.48941916310584,33.97896837610193
exog-past,5,0,43273,142.24876695022985,128.7128353238229,115.57088215575172,36.40814565454984
exog-past,5,0,43297,127.14614380902655,119.30003838838718,128.5960599498001,84.24951739543128
exog-past,5,0,43321,127.00073330521002,114.52441430097204,120.91819927499836,102.36536764671166
exog-past,5,0,43345,86.12824887696762,75.16627049734842,95.60585194450135,41.196205761857286
exog-past,5,0,43369,111.52217742909846,98.28575501571682,100.73388672465175,64.37178996470149
exog-past,5,0,43393,93.21279894808568,83.69458883364545,103.5714248003083,41.2144922883321
exog-past,5,0,43417,96.88550775863044,87.5717283735548,116.38323576056123,59.78225223076509
exog-past,5,0,43441,95.78255615728018,85.08734006206079,108.17851306231132,41.22916712621625
exog-past,5,0,43465,68.93319509347906,57.757249879258346,83.3938021449363,1.7771743072467
exog-past,5,0,43489,86.27037942493807,74.92171392834447,102.92612550668778,32.20441076891109
exog-past,6,0,41641,107.12469126236306,69.75560589691331,65.12397765731792,-39.46706665141042
exog-past,6,0,41665,151.14900402685157,102.8365307122183,72.48222889081755,-79.71187222737478
exog-past,6,0,41689,166.55395712327197,124.22744785607227,78.89727958008922,-99.44123573063246
exog-past,6,0,41713,188.98786768330228,154.5170309725419,100.7056112934796,-119.10007170083932
exog-past,6,0,41737,195.8789194209291,162.5746581968009,114.49546213045656,-119.20685799866531
exog-past,6,0,41761,202.67502295798104,172.48714010213553,130.03318765942856,-121.91000594633248
exog-past,6,0,41785,184.31799194692223,156.65690549156574,120.7941141663078,-90.49524050294734
exog-past,6,0,41809,157.3854083560242,133.56521913825028,117.75697879033832,-40.141779448226174
exog-past,6,0,41833,125.9637214517134,113.76199338135925,117.08230084225036,25.506153433293985
exog-past,6,0,41857,107.3932727461078,96.78532542225132,111.07348625480252,62.424405240412256
exog-past,6,0,41881,111.40358539819228,97.83504498947806,105.68531152203056,77.73671549639617
exog-past,6,0,41905,116.28651074471108,98.99791433956068,91.2088953585816,29.810688537131632
exog-past,6,0,41929,107.18050446012852,89.22026143168846,73.08040484335707,-2.95752778410185
exog-past,6,0,41953,106.12357956483818,88.01517934778367,71.3886760904077,1.7175247706686387
exog-past,6,0,41977,100.17186637412809,86.02122346893546,64.29036666485582,8.047630350075103
exog-past,6,0,42001,91.72342706144902,74.46189981862133,50.908797121010366,-12.917043620796262
exog-past,6,0,42025,102.49048313974002,81.86131793490183,51.4863008848659,-36.71520623070246
exog-past,6,0,42049,116.6402812310712,91.2853172766009,50.56227090875035,-37.65730012816113
exog-past,6,0,42073,132.72995861778548,113.39020197111763,72.39362318686395,5.186342718107074
exog-past,6,0,42097,135.0402596077139,117.30601572819444,83.46410769711736,30.474379261021586
exog-past,6,0,42121,125.4237188995301,111.75201005787896,81.03665850317253,28.498412365665565
exog-past,6,0,42145,116.91822794209946,95.27716504084366,71.58418880604455,-2.5172185812387973
exog-past,6,0,42169,121.36373838517746,98.241451905958,73.75175180568034,-30.684533143808288
exog-past,6,0,42193,118.02643950544008,92.1389430852984,72.26082438626496,-24.49860486907272
exog-past,6,0,42217,83.72272145824138,70.12261324477137,74.32772839319578,39.03482422431169
exog-past,6,0,42241,100.83558559140737,83.67439067535798,84.44517918549155,75.45008698972644
exog-past,6,0,42265,99.39634196933876,83.86540311720566,85.70929531153345,65.73813170107644
exog-past,6,0,42289,94.65891414768534,75.21251185584266,78.05708438486634,52.31699037253403
exog-past,6,0,42313,105.62022212637191,87.56366433103506,91.3041799093182,65.08485913386069
exog-past,6,0,42337,127.11511685609511,111.4476325799288,115.0183623011775,95.25355258852264
exog-past,6,0,42361,126.22264308893114,118.02734362259449,127.50421184356608,112.36776646793548
exog-past,6,0,42385,110.52826986088512,103.59111285272635,116.1862028566582,91.47043589289515
exog-past,6,0,42409,90.27932000725608,81.55912484881131,94.89830079151751,73.74750989257284
exog-past,6,0,42433,106.14984877773097,96.52499119555156,94.62143493768522,92.76881839509213
exog-past,6,0,42457,91.58885003144472,83.59788519035251,98.55802524575678,76.12882671906051
exog-past,6,0,42481,101.30524498899388,93.16161749173298,110.3472321322828,91.7007234184787
exog-past,6,0,42505,110.78851107806184,104.7690018726433,112.75561721404117,101.39510748283656
exog-past,6,0,42529,75.35039793884944,67.73182018084994,96.09115729115756,61.28317143311458
exog-past,6,0,42553,67.96508836651597,56.7452197721632,88.33239604528819,25.836568090981125
exog-past,6,0,42577,86.28749848370218,71.82660559858743,97.8411936473872,17.752384541603515
exog-past,6,0,42601,111.70774871315494,104.75809086049456,123.61387465935672,69.5573521559423
exog-past,6,0,42625,94.38667211132996,86.37473324157001,105.60814835459352,52.484858559053365
exog-past,6,0,42649,108.86504935623796,95.14079548640493,91.76549874176013,27.404499928369248
exog-past,6,0,42673,155.60481508557814,120.6464019130294,93.44561844577692,-74.55287244466747
exog-past,6,0,42697,175.19313415464933,138.51397140245604,101.15569280191872,-97.47673698359306
exog-past,6,0,42721,157.84671680789083,126.4665704524034,99.98229720929098,-63.70744759839816
exog-past,6,0,42745,128.85729499787942,106.8506425685079,81.88754242177728,-39.71667358408461
exog-past,6,0,42769,126.5044276930806,104.46141313589794,72.49635911217608,-42.05697992655426
exog-past,6,0,42793,139.59700311681198,106.08618039979844,70.3641126134063,-69.86420840826989
exog-past,6,0,42817,141.05520420755946,114.93728250028803,76.73862727812416,-61.04212193096252
exog-past,6,0,42841,117.34336052244365,96.15796250951117,76.58655908702741,7.500236642842331
exog-past,6,0,42865,102.9431923910562,79.35554987634865,68.83008491727054,-0.0352838215910488
exog-past,6,0,42889,120.60304417409225,92.9800036244528,64.63369086920736,-37.174159244891285
exog-past,6,0,42913,130.55666287326173,112.57156626891086,81.5773043319098,-22.9877468976528
exog-past,6,0,42937,126.70545671498128,110.87556068199947,87.43789895069595,-6.12754718922874
exog-past,6,0,42961,151.73003423403975,137.03779572048558,100.68974807979085,55.14922668169449
exog-past,6,0,42985,132.55092135135726,122.89283353775828,116.20000286970377,53.81427203469567
exog-past,6,0,43009,124.46236264337044,115.18041437479754,118.9676830689152,57.47217592997087
exog-past,6,0,43033,134.70632838085615,127.30761009589548,131.75461272497603,72.62019260109567
exog-past,6,0,43057,128.49565463325445,120.44058147988936,133.79011109306884,114.14056099794108
exog-past,6,0,43081,139.78182916641106,131.06942449898517,136.70947700801835,131.0016200107841
exog-past,6,0,43105,135.6558935417998,127.09572319339632,128.86164269484328,127.08473027985391
exog-past,6,0,43129,163.1891469416149,155.62937944106446,126.5188641602012,119.02617125339653
exog-past,6,0,43153,137.46588724138928,124.1934820387158,112.51270523212628,53.904767863641645
exog-past,6,0,43177,111.58356791188083,97.4038474614728,99.07285528096332,31.42363827075243
exog-past,6,0,43201,121.78487994516787,108.71355880796092,107.48203261712834,38.26734403678122
exog-past,6,0,43225,117.37856655797444,105.38554976715888,105.696298532015,49.75472278226111
exog-past,6,0,43249,107.30472015622772,94.32072476858396,96.80831362906676,35.97031938776695
exog-past,6,0,43273,143.66986775180845,130.27992342166914,115.95305340627944,38.49050434843843
exog-past,6,0,43297,128.7789188830893,120.97622044849928,129.0633067125219,86.1368890328657
exog-past,6,0,43321,127.85895126037198,115.11993126015858,120.99902500948978,102.5927209850137
exog-past,6,0,43345,87.05382897901568,75.8810800786019,95.7449440238191,42.99629237680087
exog-past,6,0,43369,113.08424868429772,99.87937859109891,101.25246896032756,66.53055016104042
exog-past,6,0,43393,94.11506010892,84.44773749327722,103.6640168767637,43.26270012152573
exog-past,6,0,43417,98.97855937409318,89.71456324200874,117.0008191241774,63.12688422683574
exog-past,6,0,43441,94.60442061850311,84.29429007277733,108.11913356368784,40.56183872924926
exog-past,6,0,43465,71.23613821021523,59.09131719860044,87.88745137661368,-12.082818022292892
exog-past,6,0,43489,87.44788365984076,76.12522467398527,103.3380053181222,34.1864434875746
exog-past,7,0,41641,107.16000469746578,69.79062597775037,65.15754660789662,-39.47168135905661
exog-past,7,0,41665,151.1135143546932,102.7775880685843,72.42522760167583,-79.67823101364313
exog-past,7,0,41689,166.3767288548536,124.06649245767986,78.77400602986296,-99.32335101512211
exog-past,7,0,41713,188.96410953849147,154.52587054877026,100.71720432594846,-119.01288525025365
exog-past,7,0,41737,195.9196761150048,162.66491466827978,114.57659218715712,-119.1237105154951
exog-past,7,0,41761,202.7064769182521,172.55417921760227,130.09070725548037,-121.85157634833767
exog-past,7,0,41785,184.2460001095164,156.6181072699305,120.75240344116848,-90.344174640531
exog-past,7,0,41809,157.30185721843986,133.5380643216224,117.71909651729506,-40.00413605693874
exog-past,7,0,41833,126.00433422838542,113.84002861226004,117.0960186809765,25.688066047611635
exog-past,7,0,41857,107.4982175177387,96.88233510782705,111.10038025547357,62.57595977220368
exog-past,7,0,41881,111.5533405112709,97.96754060216723,105.72084191206925,77.94997663018681
exog-past,7,0,41905,116.3448394239049,99.1377929496755,91.25644522221856,30.200505600883822
exog-past,7,0,41929,107.12222593046646,89.25881019848877,73.09977403400684,-2.601195248681095
exog-past,7,0,41953,106.12931326635334,88.10045085574266,71.41894725849194,2.1851453885468137
exog-past,7,0,41977,100.13549938300372,86.0503091658697,64.29820686155834,8.533330577968018
exog-past,7,0,42001,91.57857027981164,74.4447527358014,50.906763462308646,-12.499728839786687
exog-past,7,0,42025,102.21589649205372,81.68289959026616,51.38674363153695,-36.27938635252888
exog-past,7,0,42049,116.54466768099708,91.17996150940482,50.48562488249737,-37.05298365758432
exog-past,7,0,42073,132.90143723337832,113.58811470769098,72.45150209372856,5.704949249428702
exog-past,7,0,42097,135.1237237853967,117.37247862736724,83.45382065587756,30.758290789125752
exog-past,7,0,42121,125.368240195706,111.75223767768144,81.03394576015903,28.859137021881523
exog-past,7,0,42145,116.76487650233976,95.20911708794368,71.55852513377164,-2.304186577931161
exog-past,7,0,42169,121.15739535862916,98.08157115401984,73.6683097543901,-30.54673990891329
exog-past,7,0,42193,114.4432223581225,87.94784592726757,69.5250383490867,-19.77059557420994
exog-past,7,0,42217,83.76224814408657,70.10042094215545,74.30352866056256,39.38149151310458
exog-past,7,0,42241,97.05589347172344,80.94132642197789,83.87644114294675,73.91727666646204
exog-past,7,0,42265,99.68316662988434,84.07578071168922,85.76350586090715,66.2249988501762
exog-past,7,0,42289,94.89297240504608,75.33827475048629,78.06858540911541,52.73368733688434
exog-past,7,0,42313,105.88717168874452,87.7227313111707,91.32388748207502,65.53126827038929
exog-past,7,0,42337,127.41267383954616,111.68072885378474,115.0585619853204,95.62330585083262
exog-past,7,0,42361,126.38809561329984,118.21229403061642,127.57380112598588,112.56585311784826
exog-past,7,0,42385,110.71387734588008,103.78582578725197,116.27045697289684,91.59726625428505
exog-past,7,0,42409,88.92227543369978,81.32803265278628,95.33174038513155,72.56038673651857
exog-past,7,0,42433,106.72685904659367,97.09435313431926,94.84332763178917,93.42067845497586
exog-past,7,0,42457,91.7739386651432,83.74560222087418,98.6040691749636,76.34421676747426
exog-past,7,0,42481,96.56220022614244,87.8705785975951,107.748165872415,85.86441958601641
exog-past,7,0,42505,110.94202855334524,104.8968808689538,112.79069979250258,101.53407045357478
exog-past,7,0,42529,77.77103634751408,69.367621945625,96.55241881578264,62.87129987623238
exog-past,7,0,42553,68.06609537743725,56.8209311420744,88.40170956675864,25.806664985678477
exog-past,7,0,42577,86.53387805438025,71.97046692910814,97.96529488864051,17.633403463606232
exog-past,7,0,42601,110.22692460747884,103.31845353452076,123.31503381801627,66.8568604652926
exog-past,7,0,42625,87.98982377307595,80.36273886525042,103.61749341015248,44.13903372456223
exog-past,7,0,42649,109.00858311342972,95.3536598081482,91.82312830871656,28.34563851508341
exog-past,7,0,42673,155.66397067022558,120.78338547284896,93.55531920225832,-74.4174626800296
exog-past,7,0,42697,174.88747482452487,138.30597025686924,100.95142299304432,-96.98939213544176
exog-past,7,0,42721,157.84936570378096,126.5915554889256,100.0789224963278,-63.42365638407252
exog-past,7,0,42745,128.7183637996623,106.90378244007988,81.86971080561514,-38.95688398075449
exog-past,7,0,42769,126.23956190729156,104.4964113661294,72.49671019196494,-41.082129589253725
exog-past,7,0,42793,139.1188526838062,105.92980055184924,70.28049140313219,-68.97575771738782
exog-past,7,0,42817,140.66522290923908,114.654445877044,76.44714895286526,-60.14637383611708
exog-past,7,0,42841,111.52292520051888,90.27311869814751,73.7072130563827,-1.8701071647421037
exog-past,7,0,42865,103.20481931783776,79.7026475480884,69.02986536694875,0.4392974178771743
exog-past,7,0,42889,120.73251027178952,93.17356963536766,64.76185551811595,-36.91504516612739
exog-past,7,0,42913,130.79614987467883,112.89773190316365,81.70443092368745,-22.538962716886527
exog-past,7,0,42937,126.7294329460747,110.87651044287884,87.34465613866702,-5.543538824965616
exog-past,7,0,42961,151.67272767005096,137.2053282757091,100.91843875148056,54.80301702574256
exog-past,7,0,42985,132.75388835284537,123.09420489217077,116.2647884182168,53.97947030262152
exog-past,7,0,43009,124.67242770834191,115.43135017972676,119.0712336068205,57.771284188711554
exog-past,7,0,43033,134.9322484250992,127.52517466558272,131.81614331226865,72.81633025048659
exog-past,7,0,43057,128.70366900185414,120.62798792052776,133.8298476152321,114.35723542694907
exog-past,7,0,43081,140.09888954339692,131.39271317158776,136.80632691159974,131.33795670153404
exog-past,7,0,43105,136.24257773026602,127.76879080551286,129.09744728196725,127.76879080551286
exog-past,7,0,43129,164.00822838215225,156.420242297996,126.6648352555754,119.88410501866304
exog-past,7,0,43153,137.73368014935318,124.5470745971864,112.64356086040355,54.341102748712856
exog-past,7,0,43177,111.70829398947076,97.60970502226203,99.14783193852811,31.7697822061377
exog-past,7,0,43201,118.18087624388224,106.56727633295785,105.75068669959936,42.01793395189012
exog-past,7,0,43225,117.61896138202609,105.71766228304708,105.76168590181648,50.73266831515093
exog-past,7,0,43249,107.50822844851488,94.72332897583183,96.99344286989458,36.83994703292498
exog-past,7,0,43273,144.2437522499982,130.8606475314423,116.1308493102919,39.09346184658167
exog-past,7,0,43297,129.3444576367753,121.54453026585465,129.20213192362806,86.7769875423207
exog-past,7,0,43321,128.68316448347107,115.82505886598491,121.17102327138238,103.4353355312803
exog-past,7,0,43345,85.67135586572225,74.22392776625986,95.22800858634108,35.044731926328915
exog-past,7,0,43369,104.76500907393512,90.23309510826893,95.30358998758103,63.317319666774175
exog-past,7,0,43393,91.40238832232129,81.83768210259893,103.13220477615548,36.834339096410446
exog-past,7,0,43417,99.87185835530056,90.59263748000916,117.22996180486552,64.48204475424998
exog-past,7,0,43441,94.92202764152366,84.5321293121032,108.13895899040897,41.03759663381381
exog-past,7,0,43465,71.29559525291799,59.18680472743444,87.98524528735608,-11.989211465650811
exog-past,7,0,43489,88.06746893441611,76.66965771121741,103.6109318124752,34.73838155305606
exog-past,8,0,41641,107.12627748292417,69.79181269682324,65.1474991864454,-39.30060063627817
exog-past,8,0,41665,150.98141054982628,102.672818641868,72.32960291311444,-79.47500990445698
exog-past,8,0,41689,166.14261579508013,123.89952497404626,78.65489227446916,-99.06230594672633
exog-past,8,0,41713,188.8524557640857,154.49395356418594,100.68291739199108,-118.74671206744274
exog-past,8,0,41737,195.8415349442569,162.6560258856083,114.54399949758016,-118.88309796789405
exog-past,8,0,41761,202.6386593041679,172.55262244739265,130.025454046381,-121.60977549544916
exog-past,8,0,41785,184.105553736236,156.60366857367717,120.69491051404415,-89.9827879464585
exog-past,8,0,41809,157.1885101016538,133.56637072306808,117.6804850887662,-39.63722299032468
exog-past,8,0,41833,126.10202019396496,114.0233246660728,117.13024753576272,26.083917540678645
exog-past,8,0,41857,107.77312936439152,97.15450287972904,111.18464720896274,62.94454866953728
exog-past,8,0,41881,111.82354409700083,98.243385628907,105.81549430302556,78.34298119807242
exog-past,8,0,41905,116.47837509903604,99.3466500680494,91.3327406805981,30.627729476213123
exog-past,8,0,41929,107.11189501948353,89.33589383382844,73.12641556146147,-2.1856124549585028
exog-past,8,0,41953,106.13380250156924,88.198989780369,71.45660977932019,2.691509476093929
exog-past,8,0,41977,100.15544893712068,86.13858406575918,64.33373606767235,9.077441260949255
exog-past,8,0,42001,91.41311037726962,74.4020098109641,50.87826458135144,-11.95810845801729
exog-past,8,0,42025,101.97701177378671,81.52787558084937,51.29196851335645,-35.79916032204837
exog-past,8,0,42049,116.37454674622046,91.0299119404253,50.39280095621812,-36.470591121201146
exog-past,8,0,42073,132.9649328245294,113.67480730904596,72.45088556368513,6.18395290877562
exog-past,8,0,42097,135.14634370507756,117.43803489559004,83.44980072392111,31.168712016798
exog-past,8,0,42121,125.39903424404976,111.83802502738784,81.05938846398747,29.332912995076185
exog-past,8,0,42145,116.64425880748716,95.18290573901808,71.54495755046753,-1.916815274167761
exog-past,8,0,42169,120.96279189308667,97.9561006674964,73.58708075317224,-30.202650127354097
exog-past,8,0,42193,114.26548433464878,87.77760665752481,69.40168843514606,-19.287915486924103
exog-past,8,0,42217,83.89747896894062,70.18180980773931,74.32840208038627,39.807081770302815
exog-past,8,0,42241,97.41477540706587,81.24747266795342,83.98582627859066,74.46165910497032
exog-past,8,0,42265,100.009367306108,84.32114899095252,85.82798713494675,66.74549675353262
exog-past,8,0,42289,95.1686616000575,75.50611628986005,78.09456055863309,53.22821306782374
exog-past,8,0,42313,106.19956986844232,87.91314772712634,91.341735966502,66.06186112947742
exog-past,8,0,42337,127.78565550078623,111.976682423191,115.1023624857086,96.10249584864852
exog-past,8,0,42361,126.69106215360374,118.51235016983676,127.65615347582478,112.89711597333246
exog-past,8,0,42385,110.95894983157744,104.02442244099932,116.35359370496002,91.84560344220776
exog-past,8,0,42409,90.67592227539544,81.94843048359344,95.07859101401056,74.22954195753957
exog-past,8,0,42433,83.20019557224155,74.89761098771848,84.83646500101513,64.03904720974539
exog-past,8,0,42457,92.035618750241,83.98786891397197,98.7076211357804,76.6515256998641
exog-past,8,0,42481,96.8723717644433,88.16696041985381,107.86109382766742,86.18101049743042
exog-past,8,0,42505,111.3034723898282,105.25029465030904,112.92500437887765,101.90679368997152
exog-past,8,0,42529,77.99690444738363,69.60962614008949,96.69322189271917,63.14676556512556
exog-past,8,0,42553,68.18098491114108,56.96766246196077,88.51739775914466,25.98384304668363
exog-past,8,0,42577,86.69904688396855,72.13404310181755,98.08482933679214,17.771750396710303
exog-past,8,0,42601,110.64498986311044,103.716732349323,123.4121468324054,67.45140929292931
exog-past,8,0,42625,88.19218751161446,80.588094757891,103.7252377702032,44.54693290685394
exog-past,8,0,42649,109.13935065895144,95.55282552027424,91.88983724666774,29.144852786735157
exog-past,8,0,42673,155.5883327030693,120.81157000312376,93.57577213543912,-74.19054894777666
exog-past,8,0,42697,174.63053876025143,138.18483890600888,100.81892069871176,-96.5152595462285
exog-past,8,0,42721,157.71602965149646,126.64954336094922,100.11112770022122,-62.95813014785298
exog-past,8,0,42745,128.5452152355467,106.90089511612048,81.81634692459532,-38.264982752766
exog-past,8,0,42769,125.99668186449534,104.49220253163952,72.46463432113201,-40.247160823796925
exog-past,8,0,42793,138.73617281273016,105.8115966434552,70.21433993059615,-68.24516154239176
exog-past,8,0,42817,140.36875195497694,114.4325516271426,76.21708747747208,-59.43828065109169
exog-past,8,0,42841,111.41372560413286,90.24878907277864,73.67228240937959,-1.4276125076015564
exog-past,8,0,42865,103.23422932398854,79.83677059057717,69.07635765514667,1.1160619548418769
exog-past,8,0,42889,120.68084745603213,93.24995655080596,64.80998435983449,-36.44892518872581
exog-past,8,0,42913,130.8694935075628,113.05002394223712,81.74299547449128,-22.1225295849414
exog-past,8,0,42937,126.733285813936,110.880359362707,87.26370988418076,-4.948053061332191
exog-past,8,0,42961,152.0016540532711,137.45717973628604,100.90651308010597,55.60253415803244
exog-past,8,0,42985,132.96666307585886,123.35082019599766,116.3369854750742,54.32767388991493
exog-past,8,0,43009,124.93167660658231,115.74693695768842,119.17145228866264,58.22392788792259
exog-past,8,0,43033,135.2357464764953,127.84927456568376,131.89275893113697,73.19697695860452
exog-past,8,0,43057,129.06075596164504,120.96177393055002,133.9096709595692,114.71854190189724
exog-past,8,0,43081,136.43691626121748,127.73216830523464,136.00143768034656,127.69390057932392
exog-past,8,0,43105,136.78397131298755,128.39142893688154,129.3120753260345,128.39142893688154
exog-past,8,0,43129,164.60365942129195,157.02112616844838,126.7871756803388,120.56925795717444
exog-past,8,0,43153,137.9779194188687,124.87671557014198,112.74221675071306,54.812959219410914
exog-past,8,0,43177,111.81781016878266,97.81367151911574,99.22617889681354,32.15919087728354
exog-past,8,0,43201,118.35600962693776,106.91797522658626,105.87959855515513,42.733489912692185
exog-past,8,0,43225,117.79171755921372,105.95443681157272,105.8210194294506,51.39052997686382
exog-past,8,0,43249,107.62643841209588,94.93814594360768,97.08131008986814,37.33927957839397
exog-past,8,0,43273,144.65151508955418,131.3245163404104,116.25187153942484,39.706442246958126
exog-past,8,0,43297,129.81674573219857,122.0336482017423,129.33672788104138,87.3352868311091
exog-past,8,0,43321,129.3969007762531,116.46475669127982,121.3394570900272,104.20651822806796
exog-past,8,0,43345,93.64638211206054,81.7987308664106,98.09492479643504,55.66215250144618
exog-past,8,0,43369,105.15913362310876,90.56811189357911,95.39652704722631,63.93235306411345
exog-past,8,0,43393,91.59775058117408,82.01712518034124,103.158008750591,37.372066863904855
exog-past,8,0,43417,100.51499302826556,91.2354530020824,117.40678733005473,65.46793402980856
exog-past,8,0,43441,95.20670693220823,84.73664463360126,108.1059000278284,41.60226208742471
exog-past,8,0,43465,71.3184280583068,59.25883299359018,88.04642206845345,-11.818391116614208
exog-past,8,0,43489,88.45716285706568,77.06532249762432,103.76804961144076,35.26796048709666
exog-past,9,0,41641,107.10981738812563,69.79287054550075,65.14432349252822,-39.21583223264435
exog-past,9,0,41665,150.93195865095387,102.63416199458754,72.29670542380525,-79.39539567845303
exog-past,9,0,41689,166.0148384250531,123.8087008564039,78.59090221990608,-98.92865587247373
exog-past,9,0,41713,188.7897036515928,154.45943599871043,100.64833250382652,-118.6348168206116
exog-past,9,0,41737,195.8157163319626,162.6657920099169,114.53947572705854,-118.77440082580068
exog-past,9,0,41761,202.6079102430289,172.55431249639892,129.99825936803967,-121.49888792918806
exog-past,9,0,41785,184.03724252871825,156.59681044182298,120.66580925696672,-89.81743811354434
exog-past,9,0,41809,157.1422121252007,133.58092707224864,117.66283083744622,-39.48221696198178
exog-past,9,0,41833,126.1535787573533,114.11048557025543,117.14851009773824,26.253254488886427
exog-past,9,0,41857,107.889000429416,97.27117587937288,111.221813875138,63.10746312342198
exog-past,9,0,41881,111.94926454872886,98.36745937200786,105.8563372490947,78.52590288139479
exog-past,9,0,41905,116.5563589119816,99.45923743118176,91.37342496380228,30.838052511276363
exog-past,9,0,41929,107.09717264469978,89.36503350109729,73.13288779274109,-1.962139383105772
exog-past,9,0,41953,106.13137391406444,88.23506351178189,71.46340035055545,2.969015909535664
exog-past,9,0,41977,100.16775268970666,86.19282753915832,64.35612013757694,9.404416049723542
exog-past,9,0,42001,91.3644550882836,74.41826992553389,50.886032418308446,-11.670588526328697
exog-past,9,0,42025,101.84249923069332,81.44194625102516,51.23915138964453,-35.49113584389484
exog-past,9,0,42049,116.27886550075104,90.9560331014588,50.34785042405522,-36.12622015428796
exog-past,9,0,42073,133.03372847858293,113.7719200876359,72.47130904548675,6.527743981086554
exog-past,9,0,42097,135.22520815205422,117.5259297241578,83.46748144520268,31.394490188379432
exog-past,9,0,42121,125.41077244300052,111.88282239824863,81.07122815177112,29.62610358420581
exog-past,9,0,42145,116.56825032371742,95.1635956399496,71.53621072931314,-1.6917395451840993
exog-past,9,0,42169,120.83962476488948,97.88073569365116,73.54011453282344,-29.979707232811997
exog-past,9,0,42193,114.1738769605564,87.70643045097233,69.34943362929543,-19.01639483093288
exog-past,9,0,42217,83.97723435381349,70.23115033564541,74.34568171653659,40.07716688223452
exog-past,9,0,42241,97.57167717965244,81.39644062866233,84.0469044689247,74.76042383495644
exog-past,9,0,42265,100.18995994003498,84.45725117186761,85.86491804452008,67.06062954813949
exog-past,9,0,42289,95.31270847816332,75.59838495512453,78.11128308412158,53.51810551534785
exog-past,9,0,42313,106.36654080934886,88.0175138383019,91.35252468911716,66.3550309348232
exog-past,9,0,42337,127.9763040006835,112.1275715496354,115.12483140949834,96.35400884485692
exog-past,9,0,42361,126.81760208535285,118.64207639450652,127.69783714916574,113.05695957048032
exog-past,9,0,42385,111.09203842304676,104.15282161232508,116.3976662294927,91.97415557391358
exog-past,9,0,42409,89.23003895886066,81.6187925569287,95.46070615129526,72.95267324614021
exog-past,9,0,42433,83.33907642925699,75.03160002688026,84.90332747005753,64.21809581030192
exog-past,9,0,42457,92.1769656575867,84.11973058894588,98.76436016854215,76.82279781791588
exog-past,9,0,42481,97.0517326110345,88.3474902585807,107.93976633539472,86.37053804485883
exog-past,9,0,42505,111.54173361124832,105.48195817883988,113.01350840021388,102.14483089100958
exog-past,9,0,42529,78.13676604963439,69.75634322631568,96.77778566634404,63.30309504006265
exog-past,9,0,42553,68.24091575709858,57.04398926324618,88.57783055626062,26.076252250850818
exog-past,9,0,42577,86.77891851908913,72.21705056279147,98.13865554305993,17.854293196203294
exog-past,9,0,42601,110.83605276033433,103.90401528188866,123.4627902929896,67.71651669459548
exog-past,9,0,42625,88.3024870546714,80.71195556659444,103.78654482218288,44.77273693492545
exog-past,9,0,42649,109.26857744758044,95.71879580459374,91.96599568710953,29.562217717369283
exog-past,9,0,42673,155.55834531661213,120.88236917561753,93.62291506360351,-73.95586904738914
exog-past,9,0,42697,174.50170015430783,138.1193647551998,100.74175257955784,-96.26848557077274
exog-past,9,0,42721,157.6708757458055,126.68074248206788,100.11956203612246,-62.7729734862195
exog-past,9,0,42745,128.45409340830008,106.89855538006496,81.78911033569428,-37.90981800719341
exog-past,9,0,42769,125.88219352456574,104.49251044808813,72.4467500288845,-39.820755665761205
exog-past,9,0,42793,138.54262051040655,105.749766073222,70.1772209868868,-67.86566469472929
exog-past,9,0,42817,140.23192185173437,114.31974831023948,76.09905689066917,-59.09142014824562
exog-past,9,0,42841,111.35358410207049,90.23017519071394,73.64981211899295,-1.202712955772532
exog-past,9,0,42865,103.28999547639364,79.94018607610869,69.12780746982948,1.3754012402948557
exog-past,9,0,42889,120.6566127936144,93.2818174732404,64.83167804234071,-36.23920777555194
exog-past,9,0,42913,130.8939041602803,113.13003294110295,81.75181628754903,-21.770101005826096
exog-past,9,0,42937,126.74103203271504,110.88791028669311,87.22694452185858,-4.643800062739528
exog-past,9,0,42961,152.18858643002486,137.59179046819528,100.89440551459336,56.043104959531135
exog-past,9,0,42985,133.09330658030325,123.49266090980026,116.3729609867018,54.51480270722501
exog-past,9,0,43009,125.0351143111555,115.88070996953311,119.20860285040274,58.45906393829888
exog-past,9,0,43033,135.3824435267555,127.99971835072542,131.9223641538466,73.39413330758858
exog-past,9,0,43057,129.2455736024177,121.13028008794632,133.94779850699186,114.90316081890322
exog-past,9,0,43081,136.66104317925104,127.95237788572284,136.05807782382809,127.91726439716984
exog-past,9,0,43105,137.06356562705034,128.6981925772044,129.40925335745524,128.6981925772044
exog-past,9,0,43129,165.02189310253536,157.42159270161895,126.85407976114,121.01738400598845
exog-past,9,0,43153,138.09374343382308,125.03607705347324,112.78702651417518,55.05957716541984
exog-past,9,0,43177,116.54244517467326,102.828481742392,101.54038685458951,35.047681966585095
exog-past,9,0,43201,118.43824623689312,107.08869026926288,105.93246333870304,43.13704314138106
exog-past,9,0,43225,117.93306736376204,106.12539134283271,105.86081238963754,51.813702141392255
exog-past,9,0,43249,107.7360171737211,95.13618330955562,97.16814708679703,37.7668857711884
exog-past,9,0,43273,144.84747441510635,131.5493323873849,116.30566253743442,40.02492855358775
exog-past,9,0,43297,130.07195947314682,122.29848807778689,129.40737244907393,87.64441707374824
exog-past,9,0,43321,129.7875190859848,116.81240387902884,121.4279511586026,104.62767154496473
exog-past,9,0,43345,93.91532529661283,82.07315013147657,98.2009146776277,56.11014046412023
exog-past,9,0,43369,105.36795110586704,90.7492983456268,95.44928519144766,64.2397414185449
exog-past,9,0,43393,91.70268885679964,82.11034058203703,103.16625147225211,37.66780076720681
exog-past,9,0,43417,100.88648829475297,91.61654729196404,117.5200651252082,66.01429053222152
exog-past,9,0,43441,95.36981069023496,84.87563913979574,108.1465724805396,41.78317115268484
exog-past,9,0,43465,71.30624065514631,59.24924208834671,87.99928256390037,-11.668347550602087
exog-past,9,0,43489,86.57455877140708,74.75351060354134,102.6229928188848,29.771205652506893
exog-past,10,0,41641,107.10047370666604,69.79459323849467,65.14282781269888,-39.16333452950438
exog-past,10,0,41665,150.88829483002797,102.6005126490216,72.26708511321804,-79.33095873506142
exog-past,10,0,41689,165.9415522706487,123.75716518245947,78.55453587652474,-98.84614971692248
exog-past,10,0,41713,188.7537091779366,154.44447859863217,100.6322341624539,-118.55827791977852
exog-past,10,0,41737,195.7934437857892,162.6647164709685,114.5293268097158,-118.69910010159631
exog-past,10,0,41761,202.59081512672796,172.5573599445445,129.98014510679883,-121.4267825785701
exog-past,10,0,41785,183.9927198146032,156.59150066012214,120.64580055425408,-89.70902166583383
exog-past,10,0,41809,157.1116309361059,133.5899109482845,117.65012978655562,-39.37595868044018
exog-past,10,0,41833,126.18655810165356,114.16682934280792,117.15959200715396,26.36670655760832
exog-past,10,0,41857,107.9689761882019,97.35004693999986,111.24607085165512,63.21576115166789
exog-past,10,0,41881,112.02788587374536,98.44842514624564,105.88324062922248,78.65099522072644
exog-past,10,0,41905,116.59313889285544,99.51913195497872,91.39548149082498,30.966114188618786
exog-past,10,0,41929,107.0968577742078,89.39107819015565,73.14146443405694,-1.834263630782949
exog-past,10,0,41953,106.12912111182644,88.25883285356718,71.46874388446017,3.141870131512113
exog-past,10,0,41977,100.17626069395476,86.22255573647674,64.36782008592465,9.591720312700849
exog-past,10,0,42001,91.30882466370372,74.40075526233503,50.87387758560573,-11.48280983015265
exog-past,10,0,42025,101.7729867958742,81.39541993014035,51.20973194387006,-35.32832482491521
exog-past,10,0,42049,116.22628724545056,90.91564440527154,50.3237815026738,-35.93735779925561
exog-past,10,0,42073,133.05655632648453,113.8064775887466,72.47401493319056,6.697382274282593
exog-past,10,0,42097,135.24779579789163,117.56115704511755,83.47325216750664,31.522556874820484
exog-past,10,0,42121,125.42461342344382,111.91381573351448,81.07961427647764,29.79305860662853
exog-past,10,0,42145,116.5284458802274,95.1506489805154,71.52852723093889,-1.5598856144356594
exog-past,10,0,42169,120.7723872662509,97.83789491646968,73.51159287086048,-29.849562509878197
exog-past,10,0,42193,114.1342169262631,87.67516659918033,69.32468474206091,-18.877234104161147
exog-past,10,0,42217,84.02972966684948,70.2653852110496,74.35706943965366,40.22177090107522
exog-past,10,0,42241,97.6737847681161,81.49074211027876,84.08330436165956,74.92453561348772
exog-past,10,0,42265,100.28862087487718,84.5332634087162,85.88560386985948,67.22252076144461
exog-past,10,0,42289,95.39578254160882,75.65243631766482,78.1215662316312,53.67381020561171
exog-past,10,0,42313,106.46158717768904,88.07917574544247,91.3597055547695,66.51438874481545
exog-past,10,0,42337,128.08948718474815,112.21953044279287,115.13930257838668,96.4973651926405
exog-past,10,0,42361,126.91182058648587,118.73324165561834,127.72162990412096,113.1569042708086
exog-past,10,0,42385,111.16875782391809,104.22618451305584,116.4218283990924,92.0492160820226
exog-past,10,0,42409,89.28903091470151,81.67327383529751,95.4844268349992,73.03023444735298
exog-past,10,0,42433,83.41134653313304,75.09835912280103,84.93518373204084,64.31319401688366
exog-past,10,0,42457,92.25164571982508,84.18764855176099,98.79266353288038,76.91251963967463
exog-past,10,0,42481,97.14307087605424,88.43519233226264,107.97405497660742,86.46443887014348
exog-past,10,0,42505,111.65880503361444,105.59579248949288,113.05646651422462,102.26199817638096
exog-past,10,0,42529,78.20223137918668,69.82747712288052,96.81972232535163,63.38538483535077
exog-past,10,0,42553,68.27504630632356,57.08657766335399,88.609517911941,26.13144021961255
exog-past,10,0,42577,88.8293464493617,74.8602986731704,99.40518314912867,22.236460987961493
exog-past,10,0,42601,110.93847622938804,104.00343014083398,123.48947695726989,67.85856986375079
exog-past,10,0,42625,88.36389865477213,80.7800436956458,103.81854989472994,44.89688663345364
exog-past,10,0,42649,109.32690542776275,95.79750246143558,91.9999610719824,29.790732210451544
exog-past,10,0,42673,155.53714479125136,120.9016394801802,93.63860736089563,-73.85389479148694
exog-past,10,0,42697,174.42175512769123,138.07300978524282,100.69312302940654,-96.12545924307936
exog-past,10,0,42721,157.6336096698215,126.69228060284487,100.12211752267478,-62.65540098464639
exog-past,10,0,42745,128.40412572107888,106.89936762529196,81.77706435619969,-37.71941571411308
exog-past,10,0,42769,125.81551656321004,104.48768844724366,72.43505823018171,-39.60015830550508
exog-past,10,0,42793,138.45143923677594,105.72412389107907,70.1620885715396,-67.67868599334682
exog-past,10,0,42817,140.16818355465057,114.2653101955916,76.03907103666003,-58.90687739935486
exog-past,10,0,42841,111.33658387927404,90.24343212007796,73.64743246756062,-1.0120279487680162
exog-past,10,0,42865,103.30580824014164,79.98647584231074,69.14788730625429,1.5366641834289545
exog-past,10,0,42889,120.63214197093872,93.29423645395003,64.84022338965232,-36.10764339256938
exog-past,10,0,42913,130.90796458111512,113.1726967380838,81.75874961492308,-21.606658522381185
exog-past,10,0,42937,126.73924892333652,110.88684649527362,87.20444693859095,-4.475470573469018
exog-past,10,0,42961,152.7148045665051,137.76510070101884,100.63169895816522,57.51754563993464
exog-past,10,0,42985,133.14905980745797,123.56028951368452,116.39061491028735,54.615060563678085
exog-past,10,0,43009,125.09686276890288,115.95933125503484,119.2315110152128,58.58957725933324
exog-past,10,0,43033,135.4651907418914,128.08752359593723,131.94125560907472,73.50613332607831
exog-past,10,0,43057,129.3466467112858,121.22380865769334,133.9696562450523,115.00640497274382
exog-past,10,0,43081,136.77250121108133,128.0621473207892,136.08620181294836,128.02842995548465
exog-past,10,0,43105,137.2095123864231,128.85822273544787,129.4599702974264,128.85822273544787
exog-past,10,0,43129,165.2119513505999,157.6100105031234,126.88899463624712,121.23145061874057
exog-past,10,0,43153,138.16051034623115,125.12479521883664,112.81081944403142,55.193459367663706
exog-past,10,0,43177,116.5909416572167,102.89738229158436,101.56163981939169,35.18970904270956
exog-past,10,0,43201,118.48430971091317,107.18131558323824,105.96211332979917,43.3459747164282
exog-past,10,0,43225,117.99112523136404,106.19773124449404,105.877731886734,52.00637410874265
exog-past,10,0,43249,107.77698176112912,95.20907775313748,97.19761086287286,37.9387976286569
exog-past,10,0,43273,144.9524878477407,131.6712594216361,116.33478649332189,40.19911404291179
exog-past,10,0,43297,130.20124072126924,122.434467716842,129.44609062255986,87.8011625831487
exog-past,10,0,43321,129.9957637977614,116.99922223161076,121.4765583938052,104.85405547956488
exog-past,10,0,43345,94.04600807932196,82.20613956525213,98.252049388482,56.33649035275163
exog-past,10,0,43369,105.4759051864374,90.84261060977344,95.47668540206408,64.40722442381598
exog-past,10,0,43393,91.75865052495058,82.16410039714744,103.17560569425248,37.8250913917656
exog-past,10,0,43417,101.08033357119642,91.81913450063024,117.5820789018565,66.30377968171062
exog-past,10,0,43441,95.45833626208382,84.94400186286339,108.151546893159,41.91900650982207
exog-past,10,0,43465,71.30670302989905,59.255767409327206,87.99253727131077,-11.602656426312851
exog-past,10,0,43489,86.66142074362304,74.83704425044887,102.64480625488116,29.92372448647175
exog-past,1,1,41641,102.61637016072136,67.49618922204309,62.75843984980333,-32.29340476919148
exog-past,1,1,41665,155.07602332272788,108.00507625629726,77.55517047581121,-78.68011218876354
exog-past,1,1,41689,176.03958693728643,134.33157677797058,87.53456050160712,-102.52682170012196
exog-past,1,1,41713,187.8860482474208,152.70707830592758,99.72539542517842,-122.29377865079113
exog-past,1,1,41737,191.79753276292243,158.7058124532513,112.7669822628105,-122.90059319030264
exog-past,1,1,41761,195.5515391959132,163.32290298878087,123.82106465531886,-124.80076114225122
exog-past,1,1,41785,189.0197079689246,156.27220498850411,122.92214471933562,-106.33499825520836
exog-past,1,1,41809,157.87487801113056,130.8142647637178,117.4146300444408,-50.43497918511916
exog-past,1,1,41833,120.78556657304463,107.46600020694524,115.9554351216458,15.279750406279456
exog-past,1,1,41857,98.1399320459726,89.8579368974564,108.916282008046,59.28712634507284
exog-past,1,1,41881,101.57735199920204,91.61306608389644,105.26945324709828,69.98078329582513
exog-past,1,1,41905,109.9300041470678,92.076314836381,88.10486535546849,24.913214410977968
exog-past,1,1,41929,107.60532712098988,87.99492003778484,71.72931622720301,-5.78926559312383
exog-past,1,1,41953,107.8781918520442,89.15645547087058,72.38334335189533,-3.023205627097425
exog-past,1,1,41977,102.85287403769296,81.85587078029928,61.990619291566006,-11.923498235464454
exog-past,1,1,42001,98.00124527179442,72.94216709296659,49.26313946929558,-27.735581419155636
exog-past,1,1,42025,112.6177751314072,88.15947433296901,55.14074025856811,-49.80125007573211
exog-past,1,1,42049,135.24370114782636,107.58770539060568,60.70575872744565,-64.67559866274979
exog-past,1,1,42073,125.42396059292132,104.31815163999867,70.23931748673122,-20.91452901064872
exog-past,1,1,42097,132.66820883798067,115.76455120898022,85.04869266767365,19.03040967676151
exog-past,1,1,42121,128.97856983644348,110.0522195073006,79.67027982507355,8.734329290397614
exog-past,1,1,42145,127.0495763749845,103.68659439490564,75.70152280681563,-11.936269872012687
exog-past,1,1,42169,130.36746600197472,105.73038566588498,77.70498959662451,-34.75039020371128
exog-past,1,1,42193,121.06389381034072,95.56691907203567,74.30574001199916,-28.6762683974846
exog-past,1,1,42217,90.7953446098116,78.31457464344741,78.7929698740955,28.9910416906748
exog-past,1,1,42241,90.18193614782984,78.64796222327509,84.20696909137355,45.15624953256778
exog-past,1,1,42265,91.26042886722166,79.2728150990277,85.2836035242222,47.2237825410726
exog-past,1,1,42289,88.94103766633032,74.6218637252424,79.75783564405542,40.96625464810064
exog-past,1,1,42313,99.8127582908842,85.34646303092075,92.03726940040576,54.19471145955475
exog-past,1,1,42337,118.05603928426468,104.0412866655012,113.60809647370564,89.45838759259567
exog-past,1,1,42361,128.60753052682304,119.09775715266584,126.9421558264184,113.7840876900772
exog-past,1,1,42385,113.6698726610092,105.30216274651468,115.90661137680084,99.24756352184734
exog-past,1,1,42409,88.40342745247041,81.02187841067796,95.46877978144389,71.22029516995876
exog-past,1,1,42433,71.99209753662406,64.25863323120988,79.4621739064831,50.117879603435625
exog-past,1,1,42457,83.86155814670674,76.2838123312983,95.3756072056876,66.74029189871027
exog-past,1,1,42481,86.89389540688221,79.70304950424591,105.0122286736467,75.77707750929947
exog-past,1,1,42505,76.0071616143831,68.90696459494055,95.56800146591456,64.76550874626984
exog-past,1,1,42529,66.20068886465698,59.06209743132461,91.50087017420228,52.39482675766114
exog-past,1,1,42553,67.15697171568159,55.42663547670344,87.76790983325763,18.64813888807499
exog-past,1,1,42577,80.06659003975608,66.1386035279422,97.36551485542834,8.865621968086993
exog-past,1,1,42601,82.90880190828747,71.92659177935064,109.6941912733157,20.663421811961697
exog-past,1,1,42625,77.87475771493149,64.5131832387942,95.526383601268,13.758284490343684
exog-past,1,1,42649,121.8296689348722,87.5231190516876,87.09483048792612,-39.49762070209289
exog-past,1,1,42673,163.34945474450606,120.44142081011204,92.98754431147611,-96.12380473010325
exog-past,1,1,42697,182.00135068841897,140.11715672741832,104.02774858378478,-124.75873208734158
exog-past,1,1,42721,170.84637931543975,126.01356291521718,99.26690676746892,-98.69167408962105
exog-past,1,1,42745,160.9598247652815,118.50070168846716,91.85628302571467,-92.72641396365444
exog-past,1,1,42769,163.54480482931154,121.93399949580002,87.38364991392616,-102.64113383015636
exog-past,1,1,42793,170.2285599462286,133.5446086043917,95.09067965457967,-117.31210148780544
exog-past,1,1,42817,156.57421562980682,121.97893927998392,85.20485260472557,-99.01136022654534
exog-past,1,1,42841,123.92792728983906,93.828570768675,78.16484889924826,-39.3749760336913
exog-past,1,1,42865,111.4106989475483,82.25000909237934,71.08264167508979,-21.096667095429616
exog-past,1,1,42889,132.45694985316635,100.72349520494356,70.11850396227896,-58.89885849054095
exog-past,1,1,42913,133.33448163947685,108.077874104744,80.38541203958019,-48.98020289627132
exog-past,1,1,42937,135.02433569182463,112.7888859128736,91.91760588223424,-35.84303825513995
exog-past,1,1,42961,131.77348906100204,114.62336619866272,99.92928338659355,-9.307831294088372
exog-past,1,1,42985,123.72891645585284,113.99353547156475,111.9526725090986,51.1766092236605
exog-past,1,1,43009,123.52926783298592,115.87415006191924,118.69457282471838,63.28872193740769
exog-past,1,1,43033,130.6239332584254,124.6122347323772,130.26897132288272,76.67433198788862
exog-past,1,1,43057,128.5655081518518,122.8206492551115,135.4355512845667,117.86775139679315
exog-past,1,1,43081,127.43376366495428,121.331781464031,135.41357444833096,121.26314384346362
exog-past,1,1,43105,120.60395149675834,112.07770509462122,124.12180903580736,112.00217495434003
exog-past,1,1,43129,127.23892618551004,117.29522222830212,116.7222464380746,74.32308962974359
exog-past,1,1,43153,121.57618667035968,107.73043217053286,106.98113473885768,38.35400283434888
exog-past,1,1,43177,113.8932222897674,94.36671873345774,98.73980694230026,12.277748224901243
exog-past,1,1,43201,114.28670338005634,93.0469204408918,101.15613406934654,7.288538937011809
exog-past,1,1,43225,115.58413528511684,95.97016085774447,105.54271633174648,11.576491484577602
exog-past,1,1,43249,112.54013298829024,88.99638637935992,96.27539182553512,-0.182106358964423
exog-past,1,1,43273,119.2675032840598,96.88220845125622,104.32977147513334,-4.409816484390761
exog-past,1,1,43297,97.89605423183204,87.40217401728023,116.51919879029889,48.03930385140566
exog-past,1,1,43321,79.16488076122806,69.20627707499395,106.26929520962496,42.41897251650903
exog-past,1,1,43345,78.47354702465843,67.53982858718658,95.11221602867356,17.79961115921742
exog-past,1,1,43369,81.59995871278267,67.86817662374428,90.46899200348808,3.746880339111988
exog-past,1,1,43393,84.43120346029862,69.60636815065088,103.60624828930914,-9.476915548392643
exog-past,1,1,43417,83.62893760955463,71.1900551560933,115.17511295241938,2.461731598270501
exog-past,1,1,43441,73.28490705092926,63.741355811077135,102.47478848718276,5.933761587529895
exog-past,1,1,43465,74.02915919260542,61.19357465151266,89.20387298793209,-10.798839475808704
exog-past,1,1,43489,71.09643974287192,61.12655390988658,97.39932167004464,7.489254673647989
exog-past,2,1,41641,102.76458127884368,67.58750954570918,63.01001571055196,-34.49689353284361
exog-past,2,1,41665,155.58989621678958,108.43295677307928,78.09770851684186,-79.72672170821204
exog-past,2,1,41689,181.0725667766372,137.0265312731062,89.33912341700957,-107.26721259231432
exog-past,2,1,41713,191.1607742700892,155.41503438258357,102.4093739220572,-127.21962788553276
exog-past,2,1,41737,194.65788965177515,160.8654969719591,114.94472370255193,-125.72451073888804
exog-past,2,1,41761,196.70322212715223,164.63275651063233,124.9757958599471,-125.2301654305081
exog-past,2,1,41785,190.092156726528,155.9145274623957,122.6123174642822,-108.11212901791043
exog-past,2,1,41809,158.46048583959563,129.4606538644883,117.07024724767052,-54.63146221014968
exog-past,2,1,41833,121.63534148330729,106.88859572276188,116.15087524512003,12.81269597989938
exog-past,2,1,41857,96.53903652913262,87.91585605955781,108.0951368513942,56.286072383553325
exog-past,2,1,41881,102.75150760907184,92.12657406825616,105.37442966969095,68.58321167051716
exog-past,2,1,41905,108.79660628853247,90.2757948189743,87.43403769197306,21.41494472521733
exog-past,2,1,41929,109.25779965910937,88.89390740540047,72.44369262795567,-8.249968041164331
exog-past,2,1,41953,108.86610165177608,89.94084135633888,73.05910674576657,-5.571390734398002
exog-past,2,1,41977,102.96325331611703,81.20839746636842,61.49720903960974,-15.080464939761836
exog-past,2,1,42001,100.10161283215784,75.18540205242184,50.91103374868728,-30.68414583918556
exog-past,2,1,42025,113.6406613380123,87.7722500709831,54.74313790719236,-51.017629325534486
exog-past,2,1,42049,136.31422070004945,107.28233858116576,60.46764410072287,-66.0238720035501
exog-past,2,1,42073,125.3684692759228,103.24752848289113,69.80642207744046,-24.23789142777665
exog-past,2,1,42097,132.1266581577239,115.2717283529236,84.97951618106056,18.22085524903081
exog-past,2,1,42121,129.7792290862245,110.04193310013446,79.93341397276834,6.017388850872226
exog-past,2,1,42145,126.8023379194889,103.60661419288348,75.77102249395932,-13.275037891597531
exog-past,2,1,42169,132.10983806026263,107.20476166530857,78.58415058790565,-36.66993419633644
exog-past,2,1,42193,121.4496489028639,95.3734727282326,74.1672012132727,-30.39571910323705
exog-past,2,1,42217,90.4463625540622,78.20994864626495,78.7710291128844,28.09307341224885
exog-past,2,1,42241,89.77960937896027,78.43799633472307,84.27206282479477,42.99671263573165
exog-past,2,1,42265,89.23355474505533,77.69886599438013,84.90798822453355,44.89521111439518
exog-past,2,1,42289,87.85926666388734,74.20831299669541,79.97048858114552,39.05990714171604
exog-past,2,1,42313,98.5126333770543,84.69974858409306,92.11666731123402,53.04831003318806
exog-past,2,1,42337,116.59136927956028,102.66999438413936,113.3230437036686,88.11514011897857
exog-past,2,1,42361,125.22326628268615,115.75386263668204,126.04614673739296,110.78553093914527
exog-past,2,1,42385,110.53575333233545,102.42482999714927,114.93396953449408,95.31939627087908
exog-past,2,1,42409,85.33413286130262,78.01572332623155,94.04373890504674,67.76271426514805
exog-past,2,1,42433,70.08704339832012,62.717450032616775,78.78698336268019,48.38827540705606
exog-past,2,1,42457,81.27306975566324,73.70151338376233,93.97788320785706,65.64505416108265
exog-past,2,1,42481,84.34371885367109,77.69654108884973,104.5145664065058,74.51927815014733
exog-past,2,1,42505,73.76528777406797,65.69795414700516,93.1236215486552,61.49995958438486
exog-past,2,1,42529,64.11944045952602,56.2813426892144,89.17580544446928,49.2777556862821
exog-past,2,1,42553,65.7113886707999,53.942213687959146,85.9501836334233,17.818397387370084
exog-past,2,1,42577,79.32963471292463,65.17825014273308,96.36113623497543,8.5645470219357
exog-past,2,1,42601,80.63847434542043,69.19832454833488,107.49558417919106,18.76286299089845
exog-past,2,1,42625,78.76692066699691,64.30009682912204,95.20145923402283,12.287763900711344
exog-past,2,1,42649,120.9769050301921,85.03924476334035,84.25696525831586,-42.10467978102589
exog-past,2,1,42673,162.46358895547067,118.10832419014368,89.89688678815781,-97.563732951529
exog-past,2,1,42697,183.51707515599765,140.32767814814275,103.58811129657796,-125.25590744460848
exog-past,2,1,42721,172.25159234682846,126.16289922767471,99.31371088346816,-101.08336880966036
exog-past,2,1,42745,162.65978538560864,118.85080581160842,91.57311626674552,-94.99351055157403
exog-past,2,1,42769,165.05864465981227,121.9154830306228,86.9785331411137,-104.5057171856003
exog-past,2,1,42793,170.88612143665569,132.73506268923165,93.88317661847712,-118.84089907781464
exog-past,2,1,42817,159.01427041127891,123.21282449929248,86.56940609724857,-103.11574753151012
exog-past,2,1,42841,124.37927972899992,93.60801514844076,78.27146833261843,-43.31659014035888
exog-past,2,1,42865,112.32575891985576,82.43161747119534,71.55578390592157,-25.703378431245937
exog-past,2,1,42889,133.937522230505,101.10943829159484,70.61382818939335,-63.0307694328608
exog-past,2,1,42913,134.33800705039522,108.14307009976912,80.54729699940914,-51.49772699282445
exog-past,2,1,42937,136.1397766307793,113.14747851384112,92.48253535344514,-38.38107018985141
exog-past,2,1,42961,133.21544607294098,113.77707840126124,99.73008064229036,-13.59335068647883
exog-past,2,1,42985,121.6670118343892,111.39485544584876,111.16607063177122,47.74691404247718
exog-past,2,1,43009,122.325851653839,114.03064904451615,118.4064212655736,59.203586884373145
exog-past,2,1,43033,126.64503593831768,120.2604977137963,129.23045353664392,71.3899824030792
exog-past,2,1,43057,124.52036808599662,118.22684850526828,133.9821877032626,112.49080755839536
exog-past,2,1,43081,122.11214758536345,115.83648552146605,133.8052806145268,115.64294597887346
exog-past,2,1,43105,116.31067140509376,107.22761785249688,122.381246171062,107.13402378942568
exog-past,2,1,43129,125.0056270945591,114.547969395392,116.28460833896894,69.44074320407677
exog-past,2,1,43153,118.7473612642946,104.48777909746715,106.02774264914726,34.751726673543864
exog-past,2,1,43177,113.80676175828076,93.43396842694096,98.490257140154,9.502609489467332
exog-past,2,1,43201,114.75780069910842,91.252340360018,100.44788449421348,2.6844529055663395
exog-past,2,1,43225,114.68247078735811,93.70644386782448,104.14066663557122,8.920718519952489
exog-past,2,1,43249,114.48690303495285,88.89901239781246,96.08056449495088,-3.130366297356253
exog-past,2,1,43273,118.38726170904992,95.09381175581132,103.35558040056394,-7.689094064999197
exog-past,2,1,43297,98.31430558402148,86.97932451336612,116.41150714852132,46.38844953522096
exog-past,2,1,43321,78.57152692625432,68.0638302621853,105.82099685192586,39.11032329049623
exog-past,2,1,43345,80.105545982474,68.31353430591446,96.11946093711724,14.554453975238246
exog-past,2,1,43369,83.26824688632814,69.51960872979528,92.94523717177712,0.2350101992082377
exog-past,2,1,43393,85.16533536807172,69.71816038523615,103.65447608828389,-11.096075651703597
exog-past,2,1,43417,82.81544396314418,70.36831956900966,114.62359511095292,1.5255248309250389
exog-past,2,1,43441,75.95158123710041,66.17665767425794,105.84851786659009,2.0756004097233927
exog-past,2,1,43465,76.69615805539644,62.74101326160109,92.13979877912168,-16.717197511935193
exog-past,2,1,43489,69.62566301411547,59.12139567614116,96.25322240534628,5.446904418771501
exog-past,3,1,41641,102.40946217150676,67.62936933217605,63.12928100890792,-33.98806203685803
exog-past,3,1,41665,153.9535622200175,107.04548213863649,76.81489804596131,-78.06119317796094
exog-past,3,1,41689,181.11633350969228,137.53792422742288,89.85834462183657,-107.25024291109536
exog-past,3,1,41713,192.49195863843877,157.43836908065822,104.33736359551298,-128.70001462441502
exog-past,3,1,41737,190.0476720841046,156.74039443955496,111.22639677538189,-121.83291828026364
exog-past,3,1,41761,192.00006653707013,160.9575878756754,122.35787494103388,-123.02522455301622
exog-past,3,1,41785,188.0848889995858,155.4058099922455,122.15489058488389,-105.25516746338974
exog-past,3,1,41809,158.2935174841344,128.6892181645414,116.28019243561296,-54.95872532820673
exog-past,3,1,41833,122.09648188831204,107.65921568707329,116.23221103136106,14.255281842210463
exog-past,3,1,41857,96.5891891026834,87.92318760952341,107.91042465139536,56.9564275542076
exog-past,3,1,41881,102.24101333161566,91.90324793791416,105.15909078273197,70.42672750849144
exog-past,3,1,41905,108.46495176130138,90.34541429159398,87.55777347846619,22.117155846974427
exog-past,3,1,41929,109.41192933194678,89.71532162947612,72.92296475110626,-5.822443699785302
exog-past,3,1,41953,108.69588477976144,89.67688623776621,72.87065671310687,-3.087674117871724
exog-past,3,1,41977,100.14992428546438,79.84087420724174,60.844221785137584,-15.311646553249814
exog-past,3,1,42001,100.57941221559037,76.35892295939905,51.762205317965005,-29.49091070819912
exog-past,3,1,42025,113.39821599075432,87.14022418888105,54.19300981392641,-49.334371416674216
exog-past,3,1,42049,136.02666076509004,106.75237647640068,60.10765396659456,-63.71446079257885
exog-past,3,1,42073,124.43085474263393,102.30396718201732,69.14103406665623,-22.429303477977385
exog-past,3,1,42097,132.62375693979865,115.72291429702148,85.13539176710711,20.529882397303343
exog-past,3,1,42121,129.5172519683703,109.66527309121788,79.91882282584687,6.485083078647403
exog-past,3,1,42145,126.97461241537852,105.0807952111552,76.36018818384665,-10.380721882506815
exog-past,3,1,42169,131.91650626796348,107.98586997849046,78.87065116427785,-33.86500591802779
exog-past,3,1,42193,121.98337724668394,96.79866177151509,74.57826451655079,-26.01448028857438
exog-past,3,1,42217,91.7439920618908,79.0530855234277,78.70423911791136,32.26541537763941
exog-past,3,1,42241,91.72142346459329,80.22882185746498,85.03463618624329,44.87828676228997
exog-past,3,1,42265,90.03222485934968,78.70731625469713,85.53826552074139,47.09628676466007
exog-past,3,1,42289,88.9057489345548,75.262326317705,80.40593305945985,41.63341347316487
exog-past,3,1,42313,100.22958999408527,85.31445771103866,91.8871411863674,56.53437632229064
exog-past,3,1,42337,114.85997968730028,101.66677423421564,113.4818535968807,87.35311098541834
exog-past,3,1,42361,126.85916096143067,117.09491472601036,126.49261071344402,112.9819526120209
exog-past,3,1,42385,111.1342437668726,102.849053692732,114.9757979117948,95.7730509811144
exog-past,3,1,42409,85.90261826588763,78.29734879713274,94.08974792799938,68.96785354287968
exog-past,3,1,42433,74.33198389748539,67.1836654080929,81.39474294924293,50.83778004691474
exog-past,3,1,42457,82.98940265779308,75.5974018148458,95.01028568948416,67.54380838280616
exog-past,3,1,42481,83.20958114069026,76.60360892744303,104.15033402593936,73.89902983588182
exog-past,3,1,42505,78.9333895449608,71.3087852411683,96.50866669697056,67.92268722412594
exog-past,3,1,42529,67.1675533013033,58.43870198955971,89.9519742887228,51.05944526045656
exog-past,3,1,42553,67.40291677761044,56.644072559217314,88.11023945859446,20.365396864877976
exog-past,3,1,42577,78.52171950930597,65.24153682963899,96.39574830430053,11.29996196535645
exog-past,3,1,42601,81.00878355981872,70.88063830274227,108.8968280438252,22.600342306111745
exog-past,3,1,42625,77.2697705601915,64.80876100133602,95.70519948211344,16.332355502251545
exog-past,3,1,42649,118.63700551000738,84.481033911803,84.21943501444295,-38.47935528650206
exog-past,3,1,42673,159.69517315126984,116.4066649393272,88.1901825941872,-94.53284134786148
exog-past,3,1,42697,179.94907860277846,137.83912785924068,100.92222306886758,-121.44498364911462
exog-past,3,1,42721,169.88876197111065,125.90825682936504,99.350041237863,-95.22425323990451
exog-past,3,1,42745,163.73441679447038,120.1922790082412,92.61225644604308,-92.90240545566093
exog-past,3,1,42769,164.91027306526317,121.49044669640176,86.36063829007176,-103.9376082927321
exog-past,3,1,42793,167.51684756392584,130.2761368554574,91.34477662918972,-113.81462897226336
exog-past,3,1,42817,157.72053750502735,122.70733186900804,86.20373935231393,-101.39366014158934
exog-past,3,1,42841,122.93104967845156,93.1977508420892,77.87547467036153,-41.63666193638872
exog-past,3,1,42865,111.9751785356362,82.43562794661322,71.41402462895277,-24.208968267547025
exog-past,3,1,42889,133.22052000504115,100.58217416698842,70.3092409751965,-61.37257709329589
exog-past,3,1,42913,133.0797776385124,107.08896181736216,79.81731371465601,-49.71788695179093
exog-past,3,1,42937,135.66546827497908,113.60666994704587,92.45843320214546,-35.55742782365261
exog-past,3,1,42961,132.82120725471833,114.41750876707648,99.94374757637163,-10.398997866927722
exog-past,3,1,42985,121.77174722269,111.59215083309904,111.09942543489034,49.06037231113493
exog-past,3,1,43009,123.79163799055787,115.6923978282059,118.87984055988208,61.19536033797352
exog-past,3,1,43033,127.65733402625676,121.47220908794844,129.3290948320826,74.19079803649235
exog-past,3,1,43057,127.27865665138756,120.89295640517966,134.644932708711,115.5068974584854
exog-past,3,1,43081,126.27043863414268,119.90025605326149,134.8810987581995,119.84662664630125
exog-past,3,1,43105,118.51629604019844,108.7658595016502,122.53271027307692,108.6480200018464
exog-past,3,1,43129,128.1633062194838,117.11079803006665,117.1241750793792,70.31316662197806
exog-past,3,1,43153,117.24010338445105,103.52419567016167,105.82716766149134,35.38110656665948
exog-past,3,1,43177,111.7314237266686,92.73754996927828,97.9679619694742,11.189326383680292
exog-past,3,1,43201,112.90835776810476,92.03885326600648,100.689486242769,7.962083943415662
exog-past,3,1,43225,115.42954446888368,95.12890741367532,104.68087522696008,12.001340788750763
exog-past,3,1,43249,113.8728239389852,88.53357264302228,95.8279214499924,-1.0933016264575437
exog-past,3,1,43273,117.87281284555674,95.21581206502576,103.24681189965824,-6.614172481040749
exog-past,3,1,43297,99.99250443799228,88.58603839172676,116.88837455042876,48.534880139407925
exog-past,3,1,43321,78.87245071123502,68.53104268320428,106.2642531255293,39.62948937639869
exog-past,3,1,43345,81.35791206670483,70.38879658195985,97.42295541577252,16.864365767101848
exog-past,3,1,43369,83.5898362732665,69.98256552833043,93.0055034950924,1.7066086713315596
exog-past,3,1,43393,87.49759419587254,70.58432641485217,104.19902698249204,-12.084960203260229
exog-past,3,1,43417,83.79766596125363,72.2222780372194,115.91017518631524,4.1489054256408044
exog-past,3,1,43441,78.97576321089427,69.48108965416516,108.58442560020636,3.3631540969918285
exog-past,3,1,43465,77.7939834432576,64.05589991415937,93.814808828218,-17.591455269705452
exog-past,3,1,43489,73.93001653272837,63.85083110157103,100.51856720338006,4.571755856417639
exog-past,4,1,41641,103.04111755731635,67.73177817492933,63.406275894707406,-35.918379620680035
exog-past,4,1,41665,155.8443940637515,108.17549030601602,77.90865095311345,-80.36572916442704
exog-past,4,1,41689,186.4803078038249,139.78585615409563,91.92123061749076,-115.0733416460795
exog-past,4,1,41713,195.1133266107352,159.75817534594142,106.97152250498824,-133.10228826224017
exog-past,4,1,41737,189.89667056869595,156.26397772363205,110.86050218997372,-122.7008788417412
exog-past,4,1,41761,196.1602447337945,164.58241228723512,126.08420570808016,-127.1804836315588
exog-past,4,1,41785,190.08545696635085,155.800159635033,122.61034316530952,-107.97158376037572
exog-past,4,1,41809,159.3906215754217,128.328879397787,116.16112651948396,-57.696037927894544
exog-past,4,1,41833,122.2483174915783,107.2659025110064,116.19037098257206,12.77730160550036
exog-past,4,1,41857,94.69996459453913,85.54646156301585,106.89994909583574,53.52887113887471
exog-past,4,1,41881,102.6440014424022,91.34235094647856,104.72208955814754,67.84446439008327
exog-past,4,1,41905,112.52415098955808,93.89165987815804,89.27210280519647,22.66432382932853
exog-past,4,1,41929,110.7566443419088,90.4119400435012,73.39039918294823,-7.026227133782251
exog-past,4,1,41953,108.96938284783307,89.73584842577135,73.00708780580062,-4.066279080706452
exog-past,4,1,41977,104.443045190207,81.89748828351884,61.92840849076695,-16.916735871909218
exog-past,4,1,42001,101.904309447582,77.28264581261226,52.49546230535403,-31.2927657933647
exog-past,4,1,42025,114.82439695921023,88.09890756758882,54.81416914471474,-50.7358317086104
exog-past,4,1,42049,137.56409966515997,107.88934597324896,60.897197330566975,-64.76846243764824
exog-past,4,1,42073,124.37094759546522,101.88730433121886,68.87502717475957,-22.82150538948884
exog-past,4,1,42097,132.45151864544331,115.47906816356736,85.21133800743621,19.864466515935483
exog-past,4,1,42121,128.04100851519243,108.264236998377,79.44846764184949,5.53179208869433
exog-past,4,1,42145,127.54761167306134,105.51622516170578,76.73388926105955,-12.666662532499569
exog-past,4,1,42169,131.21582808088544,107.75053002406094,78.72080784775964,-32.38238526029853
exog-past,4,1,42193,121.9503571362926,96.39222683146282,74.33924891816952,-26.686670705505957
exog-past,4,1,42217,92.52828581549494,79.59595018407545,78.81246084361005,32.9824833825684
exog-past,4,1,42241,91.90713297340484,80.65086024039952,85.3702484206225,44.27813204167711
exog-past,4,1,42265,89.1388829571157,77.83024736835408,85.13325732590945,46.783475504396
exog-past,4,1,42289,88.73312642786313,75.48063053391682,80.70444954517471,41.214742419069296
exog-past,4,1,42313,100.33445781884036,85.49844956724628,92.01312567187595,56.3788524127816
exog-past,4,1,42337,114.29393536793926,101.12875463020345,113.37891695221651,86.78144342215926
exog-past,4,1,42361,127.21417671002754,117.59271220153737,126.5210662412952,113.29425175158224
exog-past,4,1,42385,108.21515576976786,100.0658161949532,114.06302607933718,92.9377130056924
exog-past,4,1,42409,82.0762274890799,74.8683079155437,92.75341316761964,64.02917452369638
exog-past,4,1,42433,74.52331162769083,67.37243558775951,81.62357419197961,49.95612070189286
exog-past,4,1,42457,81.37723318991708,74.2434036033061,94.6732789443148,66.81307770357323
exog-past,4,1,42481,82.43095080484726,76.07861034430756,104.10649617998402,73.1638385304667
exog-past,4,1,42505,79.45023788159892,71.75402872864208,96.67450144815793,68.44219856562995
exog-past,4,1,42529,67.12808863076403,58.05806760622114,89.44071253631385,49.80347430976452
exog-past,4,1,42553,67.58090897877291,56.92499348525613,87.87788384916159,21.44089663299052
exog-past,4,1,42577,79.26450261315121,66.53020757422604,97.247422016409,13.093401329510424
exog-past,4,1,42601,80.71139756511502,70.5633011211052,108.61817101672231,22.584075160914228
exog-past,4,1,42625,78.42969448575688,65.86831240368537,96.6994788908935,17.017224577926463
exog-past,4,1,42649,117.6467538387955,82.8989721852336,82.15825589409621,-39.85696394431831
exog-past,4,1,42673,159.19412812585583,115.78743056297272,87.39298801775904,-94.73421431631688
exog-past,4,1,42697,182.8725540124604,140.13280086979793,103.266245966776,-122.72888556434071
exog-past,4,1,42721,170.9132897513281,125.7666132234521,99.07596566977888,-98.34456624662825
exog-past,4,1,42745,165.26738404724955,121.3918929837824,93.78810285278738,-93.9089582310932
exog-past,4,1,42769,166.67738282697536,122.6488803290596,87.63823042956372,-104.40067123512992
exog-past,4,1,42793,167.62237213306594,130.5330023359325,91.62375753124536,-113.42649972826976
exog-past,4,1,42817,158.146393679573,123.0476082774497,86.6183340876109,-102.2286583156232
exog-past,4,1,42841,123.19183181634686,93.57981927750292,78.21578786527736,-42.15895961484582
exog-past,4,1,42865,112.4634770862582,82.75713421480448,71.68485957428807,-25.012670036611024
exog-past,4,1,42889,133.28781684197773,100.55191533179216,70.40190448419624,-62.10213041967532
exog-past,4,1,42913,133.32631727728372,107.12707213656492,79.90989211667124,-49.59287478586566
exog-past,4,1,42937,136.0397421060035,113.8099371404686,92.6366854460902,-36.13833030426164
exog-past,4,1,42961,134.59629777504637,115.21459914652344,100.35530894070324,-12.209464093546783
exog-past,4,1,42985,120.91865049755911,110.5138359535446,110.73807154288755,47.22555403349192
exog-past,4,1,43009,121.95751354731928,113.43917730219188,118.28896353900826,57.73605804449244
exog-past,4,1,43033,127.11765922107448,121.0481423441228,129.30643609204188,73.01128215877154
exog-past,4,1,43057,123.80384599113634,117.13966178055408,133.4456591653603,111.16854730162632
exog-past,4,1,43081,119.36371489972458,112.58861301941488,132.67076742399232,112.45965382951503
exog-past,4,1,43105,118.17970243011791,108.66081773337962,122.59478620884732,108.55899628146662
exog-past,4,1,43129,126.08076974434957,115.35731972223093,116.76765721074248,69.29234242364129
exog-past,4,1,43153,115.9680069392643,102.04926863013414,105.39573257028852,33.75675283509148
exog-past,4,1,43177,112.69078372020108,91.97527828073314,97.33383337021684,10.35973210276939
exog-past,4,1,43201,117.3695558405252,94.42401693243023,102.44092717991376,5.034688550636692
exog-past,4,1,43225,113.867618659489,93.70767847145709,103.58495835873828,11.99091166253288
exog-past,4,1,43249,113.7661458489869,87.51312665729877,95.21269564511684,-2.800440804616891
exog-past,4,1,43273,120.33483604065812,96.55618167432648,103.84501642740577,-7.609944839385448
exog-past,4,1,43297,100.32263320585896,88.68643344114119,116.86780499955572,48.075246885099055
exog-past,4,1,43321,77.00951173773365,66.48075838599252,105.26186942983796,36.48350428698996
exog-past,4,1,43345,81.50190835240412,70.29704169229497,97.57047560224784,15.541477140774914
exog-past,4,1,43369,85.22763005379238,70.8951398515767,94.1489426765656,-0.956352826883498
exog-past,4,1,43393,85.34083052624175,69.28661413087137,103.27489522268996,-11.84559415991437
exog-past,4,1,43417,83.86261251255985,71.84814294694144,115.9589641774106,2.980060768645172
exog-past,4,1,43441,79.3381505001135,69.89728275089908,109.55864300632582,1.9241702377502583
exog-past,4,1,43465,79.10718157378534,64.72890884824335,95.77008640213936,-21.387894095674245
exog-past,4,1,43489,70.83114410093063,60.58621123514176,97.6001208869967,5.714991214412671
exog-past,5,1,41641,103.36126758563,67.71426962594087,63.26756913155668,-36.54030256010227
exog-past,5,1,41665,153.88903525990483,106.54427763594016,76.4563326371269,-80.03667587005394
exog-past,5,1,41689,186.8809933133377,139.81276034484662,91.96168419041696,-116.05789815354862
exog-past,5,1,41713,195.58289278181343,160.35006095112578,107.6720003551522,-133.793084006014
exog-past,5,1,41737,189.1177537009437,155.45858455290642,110.14744639529307,-122.59757207416772
exog-past,5,1,41761,195.7989994843545,164.31741844302752,126.0540995936421,-127.23440833943776
exog-past,5,1,41785,188.17927600581092,155.1511749329286,122.34413122203516,-105.55564658521004
exog-past,5,1,41809,160.17282383834134,128.7330657178723,116.46034527318076,-57.82125589223944
exog-past,5,1,41833,122.28837190648598,107.34529304298955,116.22167440052668,12.83647142403897
exog-past,5,1,41857,94.6314257925343,85.34363468380596,106.75040484167972,53.27558827705256
exog-past,5,1,41881,102.6838560429988,91.33504921521056,104.67105680204558,67.87106312520478
exog-past,5,1,41905,112.01930012683113,93.10619724636332,88.63607636345142,22.801658071770092
exog-past,5,1,41929,109.63286748264676,89.5361951400046,72.76429968307794,-5.221002300753596
exog-past,5,1,41953,109.05864634121696,89.92262160502972,73.09287333919974,-3.355790964129196
exog-past,5,1,41977,100.46755464736108,76.56528493546426,57.96357444709672,-16.387495437647175
exog-past,5,1,42001,101.86737191145087,77.54938400385893,52.68697104909812,-30.713601485881902
exog-past,5,1,42025,114.81611453914788,88.26027975876647,54.92094509021509,-50.34389120048885
exog-past,5,1,42049,136.32885893370377,106.62330287446494,60.00929205490421,-62.93854829814078
exog-past,5,1,42073,124.14898689612674,101.71439318265998,68.71975208972191,-21.644442809257598
exog-past,5,1,42097,132.28273543416597,115.55029598768856,85.237884639869,20.80158131359817
exog-past,5,1,42121,128.11087789314652,108.42977229913112,79.57890779559429,5.656188155365588
exog-past,5,1,42145,126.43850752917612,105.08563930307515,76.26780045408272,-9.440873929809229
exog-past,5,1,42169,130.9081938619745,107.81766975582087,78.62509603591141,-30.934276504980488
exog-past,5,1,42193,123.05793143449092,97.91545796200828,75.12617158855109,-24.99797642985435
exog-past,5,1,42217,92.85103821382803,80.20759420637457,79.26371859916105,34.547426294346124
exog-past,5,1,42241,92.5649536085045,81.20610998199152,85.58237729037029,45.15855271611751
exog-past,5,1,42265,90.43877731670725,78.5727361080229,85.21494258100252,48.41834885194618
exog-past,5,1,42289,89.05872960165276,75.71510448352879,80.75897650544222,42.11193646576808
exog-past,5,1,42313,100.77560738217342,85.67992676442327,91.97453861123888,57.10018037781148
exog-past,5,1,42337,114.73204249167152,101.3743171043405,113.37232063194207,87.46779803548085
exog-past,5,1,42361,128.20655133529243,118.28083726555278,126.64908200509362,114.08479415341674
exog-past,5,1,42385,108.5425355265286,100.19860259723976,113.99671764234527,93.29739427461485
exog-past,5,1,42409,85.58806265193375,78.72473733256798,94.94066715548554,67.462085649562
exog-past,5,1,42433,74.97534134961715,67.98834062789241,82.0569167518075,50.55291552984543
exog-past,5,1,42457,82.1631490150828,75.2070012271382,95.43149782188574,67.11625817662761
exog-past,5,1,42481,83.01329630505377,76.72355856366849,104.43859874290318,73.84667328198536
exog-past,5,1,42505,79.76308982856874,72.47798111581102,97.28196682909169,69.49056995998725
exog-past,5,1,42529,67.91476707752855,58.70386021251837,89.77850926846635,50.42695786964396
exog-past,5,1,42553,68.50492311807113,57.7510177987019,88.52441844512695,21.88048179097156
exog-past,5,1,42577,79.5354634881641,67.15315578470175,97.63371454779556,14.424078072569996
exog-past,5,1,42601,83.80429174518949,74.69060785500862,111.3921717090511,27.756533786442404
exog-past,5,1,42625,80.29617533146092,68.26543157800491,98.0709195162396,19.73774085195651
exog-past,5,1,42649,117.2652919921257,82.99245960344338,82.37974656603882,-39.02057419696728
exog-past,5,1,42673,158.39887676686524,115.74220565140035,87.8403016621257,-92.18450880048974
exog-past,5,1,42697,180.64190640149263,138.53162941853526,101.5893577274022,-120.67916400340644
exog-past,5,1,42721,169.7540363762776,126.18263114639927,99.6510344600006,-93.79062388844646
exog-past,5,1,42745,164.46796089914298,120.86000853173611,93.15949707542026,-92.43722592658828
exog-past,5,1,42769,165.6696185335059,121.826260723489,86.64931393055643,-104.00250579292664
exog-past,5,1,42793,166.4926049954484,129.4892800569584,90.42880848360568,-111.12358765977544
exog-past,5,1,42817,157.61759579740217,122.82280158079266,86.42474095545492,-101.310302341872
exog-past,5,1,42841,122.60796988232852,93.47394950125346,78.06343962708952,-40.89359291498311
exog-past,5,1,42865,112.00436159294996,82.7862405161812,71.63965499085124,-23.789656263502582
exog-past,5,1,42889,132.97507822811485,100.57696630576956,70.38973942184958,-61.1210216549153
exog-past,5,1,42913,132.68884541274636,106.39723483007248,79.43457421901489,-49.78927629946557
exog-past,5,1,42937,134.30104434905627,113.00952112362818,92.15984542820082,-34.95520254044018
exog-past,5,1,42961,134.56777852736886,115.62331197737797,100.52717051661398,-11.248236886499338
exog-past,5,1,42985,122.0663229804347,112.0661087717401,111.2716570663627,50.37658178348455
exog-past,5,1,43009,123.95484578226848,115.69555861714665,118.9687034411632,60.06551358502886
exog-past,5,1,43033,124.2686041621169,117.76037404118948,128.43249592956423,69.09217339356816
exog-past,5,1,43057,123.89006326365798,116.6259753364697,133.01050499490438,110.58919190100632
exog-past,5,1,43081,121.92747430971112,115.39043756480147,133.61163221768294,115.27944249736464
exog-past,5,1,43105,119.37651890859053,109.65139585828425,122.83988516402373,109.55456760997406
exog-past,5,1,43129,128.55438823108193,117.67315297929044,117.55876682204666,70.09751247480229
exog-past,5,1,43153,115.8299752909972,102.07127845844283,105.42719415069806,34.06226676891396
exog-past,5,1,43177,113.51581414387772,92.91713981979925,97.75676039909348,11.788589564246664
exog-past,5,1,43201,117.4870219875405,94.8851035421987,102.6875458633408,6.008824520901901
exog-past,5,1,43225,115.56628911775351,95.25049247954593,104.52891292253476,12.258445491452406
exog-past,5,1,43249,113.15020523348431,87.75901822012,95.43903120316654,-1.816479298555399
exog-past,5,1,43273,121.5499099296577,97.31407439145087,103.92292330153884,-8.089130402558897
exog-past,5,1,43297,101.10585189288226,89.53010363376322,117.23124419223292,48.99643475673576
exog-past,5,1,43321,77.71397424004628,67.28794313538307,105.79651455168646,37.745232569425085
exog-past,5,1,43345,81.29430933574686,70.06915004885589,97.64629409699916,14.6669866189374
exog-past,5,1,43369,81.90424141444132,68.64514281183712,91.75729433698956,1.916820083004883
exog-past,5,1,43393,87.91677773262862,70.27535850892566,104.63776170037238,-14.997287650918626
exog-past,5,1,43417,84.13010083509043,72.3677161388871,116.23196424072408,3.949652804659701
exog-past,5,1,43441,80.18970877990395,70.78764543460528,110.20098774944616,2.5426353427198234
exog-past,5,1,43465,79.21876543838394,64.89239322524489,96.29008881100248,-21.83803699046821
exog-past,5,1,43489,73.03580252690625,62.880246948745565,99.10004026230872,6.715406011330138
exog-past,6,1,41641,103.66273925668996,67.79304230285264,63.3689775270261,-37.40707220440528
exog-past,6,1,41665,154.14220255962036,106.64869245588514,76.55984452785137,-80.73308992221267
exog-past,6,1,41689,187.9922733296021,140.48633628278986,92.63333279041348,-117.49918916783956
exog-past,6,1,41713,196.40265555412037,161.04181630303086,108.42550624888996,-134.86532535348053
exog-past,6,1,41737,189.87321982751203,156.17254740566872,110.84243430741712,-122.92048217420268
exog-past,6,1,41761,196.10799400179823,164.46128486414412,126.30463193805896,-127.83208496752282
exog-past,6,1,41785,188.30524038800277,155.07874749726878,122.3309103184283,-105.9236675620724
exog-past,6,1,41809,160.4230873222873,128.5980216830297,116.4118214418667,-58.59969075009607
exog-past,6,1,41833,122.29320653176228,107.19731198923992,116.18431775983976,12.349363277663011
exog-past,6,1,41857,94.21075767945568,84.79411949349087,106.47198249772,52.57822613768944
exog-past,6,1,41881,101.47828048542932,90.49545757792018,104.40837187603267,67.66140606173069
exog-past,6,1,41905,113.14183788087986,94.2868701588948,89.51613520080373,22.140870907622684
exog-past,6,1,41929,110.36591820838662,90.14343830844504,73.26107420011242,-6.91519047627222
exog-past,6,1,41953,109.04945057734032,89.85776449566224,73.10109395813478,-3.8529060929483223
exog-past,6,1,41977,102.934480132672,80.15891795961198,60.64667912726384,-15.663596405653266
exog-past,6,1,42001,102.16390701822564,77.71443486116797,52.823603797369465,-31.188170940054192
exog-past,6,1,42025,115.11437454094578,88.46424654185441,55.07039986724175,-50.855540276686334
exog-past,6,1,42049,137.35195885912822,107.68439298539369,60.75529670144535,-63.78758828952687
exog-past,6,1,42073,124.15700555708332,101.6290086916986,68.67376081902984,-21.98569333035139
exog-past,6,1,42097,130.90745868699892,114.52620164304192,84.924856937035,20.19697852930446
exog-past,6,1,42121,126.56217251851332,107.32373100913853,79.18464021423158,5.41512838470514
exog-past,6,1,42145,127.58814283120918,105.85385834678146,76.85033651500451,-12.080256459815214
exog-past,6,1,42169,131.07660358313643,108.01550058391084,78.76960806118011,-31.195098974598896
exog-past,6,1,42193,123.27537423470083,98.15610485572648,75.30404010590908,-25.26722675562211
exog-past,6,1,42217,93.25799841477554,80.56727688397021,79.33297727329558,34.541185418609224
exog-past,6,1,42241,92.42861821255838,81.23139105384122,85.67529314049196,44.74350199203168
exog-past,6,1,42265,89.26126836946781,77.90336524465235,85.16990430024714,47.43039561506445
exog-past,6,1,42289,88.98444505929201,75.78420141101927,80.85962683335259,41.813239271153
exog-past,6,1,42313,100.66318246952407,85.67877814335968,92.02957115034565,56.80084526255955
exog-past,6,1,42337,114.37820234894583,101.14674179452012,113.3571938504022,87.03904372945227
exog-past,6,1,42361,127.184134479695,117.50132712516589,126.59560456264278,113.33809217788018
exog-past,6,1,42385,108.1122768547624,99.81583960855862,113.87588588113832,92.79360920498196
exog-past,6,1,42409,86.10201962738554,79.34997740851311,95.37815507222471,67.62247382319133
exog-past,6,1,42433,74.86168164039731,67.8970676155034,82.05703270165921,50.12704558207181
exog-past,6,1,42457,82.66055709686422,75.49675019030927,95.42939907986852,67.3127819241605
exog-past,6,1,42481,82.1262633232602,75.78836831009006,103.97288793468886,73.08465440912637
exog-past,6,1,42505,80.71152194395084,73.09854104736876,97.4332544800665,69.84920624347518
exog-past,6,1,42529,67.76798521938504,58.50813876853623,89.62334243150325,49.96361107732996
exog-past,6,1,42553,68.57639602816381,57.79732036990925,88.55472836536453,21.58367160928282
exog-past,6,1,42577,79.53593939917361,67.12963682032614,97.64449801361908,14.2215796689782
exog-past,6,1,42601,83.83138082787525,74.7132185982442,111.42578781296676,27.70616409748044
exog-past,6,1,42625,79.81847601779914,68.22359190826789,98.4513143133225,20.131012917635346
exog-past,6,1,42649,117.23805813880628,82.8437966841551,82.21816760963063,-39.26542826045248
exog-past,6,1,42673,158.45840449950413,115.70612965794216,87.78442845411423,-92.36699442587452
exog-past,6,1,42697,180.78660915100957,138.59471761138843,101.62431968459144,-120.80768915753822
exog-past,6,1,42721,170.04038638627136,126.34158634271918,99.8150326921902,-94.01108882165144
exog-past,6,1,42745,165.14382556967402,121.32804255131926,93.64327202483734,-93.0436156869406
exog-past,6,1,42769,165.978479012476,122.02545086192792,86.80380515486038,-104.32119922180908
exog-past,6,1,42793,167.11350609381535,130.26801269534408,91.3697912038951,-112.28602850221162
exog-past,6,1,42817,158.28777156420972,123.27915785296224,86.88577886208266,-102.39802562453436
exog-past,6,1,42841,122.76721530676966,93.622193155011,78.20448280495084,-41.18019933814978
exog-past,6,1,42865,112.21676542082032,82.91407694354929,71.73414643380369,-24.13873321497032
exog-past,6,1,42889,133.19647834485846,100.70518376607932,70.50400270277211,-61.50190951535294
exog-past,6,1,42913,132.87803322556695,106.77247829505764,79.65840571110279,-49.07118782188155
exog-past,6,1,42937,134.41929519485214,113.08417124741784,92.23250101014804,-35.20647624882669
exog-past,6,1,42961,133.15474283168422,114.73493847988428,100.17818135804087,-10.455058204007273
exog-past,6,1,42985,121.83611125882538,111.82107801031304,111.20693141779684,49.924807520678456
exog-past,6,1,43009,123.79807297896018,115.52815469997724,118.95336817554195,59.57762938218266
exog-past,6,1,43033,119.51778184946276,112.2137613417087,126.66719140038371,62.7108119199552
exog-past,6,1,43057,122.8620285106243,115.48207864679183,132.61063549612692,109.0676004638927
exog-past,6,1,43081,123.73729968029264,117.12875544603932,134.03817483449103,117.02870005918592
exog-past,6,1,43105,119.09550374829578,109.3083301829643,122.70348484556656,109.19489408527711
exog-past,6,1,43129,128.27876644636805,117.33943068818314,117.4899669863633,69.62871642024959
exog-past,6,1,43153,114.21228207152524,99.86495201248393,104.41395282109428,31.366869405116447
exog-past,6,1,43177,112.23911198402932,91.94105632599846,97.26706321165582,11.357666656427028
exog-past,6,1,43201,117.50195007407876,94.81786067468816,102.69997885022364,5.694500834865287
exog-past,6,1,43225,116.30828763966947,95.30785893042597,104.71652985587244,11.591313089383448
exog-past,6,1,43249,113.0754278005598,87.51930287562973,95.3001753065963,-2.2440064271009934
exog-past,6,1,43273,121.70720388985109,97.2974094085334,103.91133348226356,-8.517152885240952
exog-past,6,1,43297,101.0752691396138,89.42517167606593,117.18946828693366,48.73069519688392
exog-past,6,1,43321,77.40184183778621,66.95210969704476,105.65933259395705,37.20687392086637
exog-past,6,1,43345,81.19924862989056,69.92858960798787,97.63936828231822,14.18839262335498
exog-past,6,1,43369,81.96951165200616,68.64707687016191,91.81849110532862,1.5362791443898014
exog-past,6,1,43393,88.38585287910013,70.31056866378391,104.91881003901464,-16.25137939452969
exog-past,6,1,43417,85.91464731354284,73.66947520846763,117.47555731183223,3.1112432138204675
exog-past,6,1,43441,79.96450542716636,70.55571774171709,109.89116321405376,2.733103740000166
exog-past,6,1,43465,79.47462271246351,65.02500869005303,96.73090507259504,-22.691010372577416
exog-past,6,1,43489,73.15166910355777,62.95213900319786,99.26350833347448,6.3540089194024825
exog-past,7,1,41641,103.29942020777544,67.697561459045,63.29052954483394,-37.13934563848958
exog-past,7,1,41665,154.16171432570926,106.63917237770612,76.55669085508873,-80.86879522963287
exog-past,7,1,41689,185.73968741580103,139.00860379132476,91.4621222725363,-115.8593907194736
exog-past,7,1,41713,196.56990238745092,161.19700298888884,108.60424313616755,-135.07811956772036
exog-past,7,1,41737,189.8781505636312,156.17296397980283,110.82941477659912,-122.92011647819896
exog-past,7,1,41761,194.31243388759347,163.0179406044232,124.93310815222054,-126.3420624204058
exog-past,7,1,41785,188.2665419546827,155.04858827496423,122.30740379532874,-105.90461646123136
exog-past,7,1,41809,160.43265258379972,128.5606440077096,116.41202816407616,-58.7022654180275
exog-past,7,1,41833,122.25483633803351,107.15094971633523,116.1552964677053,12.317349687045954
exog-past,7,1,41857,94.09845137952702,84.64029289717496,106.37828148774626,52.42162852391376
exog-past,7,1,41881,99.19036208640289,88.92799187792826,104.10378775242825,66.59725762868523
exog-past,7,1,41905,112.17615816746226,93.09168417188636,88.68796822623621,22.090160065252537
exog-past,7,1,41929,110.43854997220082,90.20411075321006,73.31293789915469,-7.023980147548589
exog-past,7,1,41953,109.06376763207685,89.86856440649198,73.10916790129973,-3.830762577362851
exog-past,7,1,41977,102.95141021719964,80.16483147882703,60.64844679970859,-15.695147954627478
exog-past,7,1,42001,102.23038619466192,77.76242259850427,52.85441294942574,-31.197994323130697
exog-past,7,1,42025,115.14974415770386,88.49540910649173,55.08970683027751,-50.91032595718376
exog-past,7,1,42049,137.3949882756927,107.73186172445536,60.78666197984751,-63.722952765190655
exog-past,7,1,42073,124.14521825342749,101.61633311196069,68.66372876137474,-21.89348061105954
exog-past,7,1,42097,132.74997361051516,115.67756885126111,85.41659523195746,19.31449095765256
exog-past,7,1,42121,128.5208953423309,108.3232143800678,79.60973140033933,3.862727985562666
exog-past,7,1,42145,127.63432951388468,105.91730185671196,76.88110539649367,-12.042137712205788
exog-past,7,1,42169,131.13049363090977,107.59238385050176,78.66801562957527,-33.463680919281046
exog-past,7,1,42193,123.31092937474592,98.21185976500485,75.33598288049066,-25.253387379400813
exog-past,7,1,42217,93.32090696832904,80.62638165578521,79.35077414251425,34.670608584860965
exog-past,7,1,42241,92.56583888131271,81.346331142894,85.71437619299623,44.81794642871503
exog-past,7,1,42265,88.16208503000877,77.52625900720031,85.4157499130413,45.85103729662495
exog-past,7,1,42289,89.15922615540778,75.93914890414308,80.91955582438517,41.89302645218901
exog-past,7,1,42313,100.65001140323322,85.62803797788517,91.995993725266,56.846195319871015
exog-past,7,1,42337,114.31588384893114,101.07734200516435,113.33470244550882,87.01689134855732
exog-past,7,1,42361,127.24203711214057,117.54690254420996,126.60462280601624,113.39211004306723
exog-past,7,1,42385,107.12703735794196,98.9120577718373,113.56665504435884,91.69553578481651
exog-past,7,1,42409,83.57592934869145,76.26357728756312,93.37564642958002,66.09159480163362
exog-past,7,1,42433,75.61719719327377,67.83779379776126,81.45156336242275,50.57036109133605
exog-past,7,1,42457,82.6989238662314,75.56082046569351,95.47699194244588,67.36838221131022
exog-past,7,1,42481,82.1849238546913,75.85875917346246,104.01698875540316,73.15338206093107
exog-past,7,1,42505,79.77930888517467,72.49316339162007,97.28549369778428,69.51364059612139
exog-past,7,1,42529,67.80326516072418,58.53015905333833,89.62813933037161,50.00628878747981
exog-past,7,1,42553,68.65116057379639,57.86915865208531,88.60767091808206,21.67892906544621
exog-past,7,1,42577,80.71583926330489,68.27087129563589,98.65215277433296,14.671648019638525
exog-past,7,1,42601,83.58580816052867,74.28538260907469,110.91531116061692,26.92768367869142
exog-past,7,1,42625,79.83796455768677,68.28388342698406,98.50701306396228,20.243677448714894
exog-past,7,1,42649,117.1286061013778,82.80802082714072,82.22037684992145,-39.152511879049705
exog-past,7,1,42673,158.35829389408835,115.62372714302684,87.71617013273953,-92.28247624261914
exog-past,7,1,42697,180.66391822491,138.5261910112861,101.55642905937437,-120.65026568651568
exog-past,7,1,42721,169.9681147871303,126.3151761339848,99.7801874125401,-93.85896520755618
exog-past,7,1,42745,165.0450394765972,121.28822868497892,93.55649602135443,-92.78398682986888
exog-past,7,1,42769,165.95509635320508,121.99503762266625,86.76244377815846,-104.27169640308288
exog-past,7,1,42793,167.12083553727996,130.28298140465515,91.37910141130256,-112.21739923546475
exog-past,7,1,42817,158.28367379274522,123.2426349882742,86.845615633116,-102.3865311345966
exog-past,7,1,42841,122.72483895235229,93.60692688138852,78.1841709620387,-41.07017189077381
exog-past,7,1,42865,112.24190379679705,82.96323013116665,71.76015327470152,-24.067310505108637
exog-past,7,1,42889,133.22160131211163,100.76680481883594,70.54632115396883,-61.42816258770277
exog-past,7,1,42913,132.91981915887214,106.76859164136869,79.57725535395123,-49.135018244926414
exog-past,7,1,42937,134.35745114676135,113.04048629797572,92.20460157069974,-35.150898967751374
exog-past,7,1,42961,133.1258651719645,114.71607488232648,100.16672456247125,-10.428124010345666
exog-past,7,1,42985,120.9825362122649,110.6931004303502,110.8124733899302,47.44201728526249
exog-past,7,1,43009,123.83757612688404,115.56888593900123,118.9716970126008,59.558746050366445
exog-past,7,1,43033,119.48006328438026,112.17005992982416,126.65643544971006,62.664457116968215
exog-past,7,1,43057,123.0161028475384,115.63706294121236,132.65259809014114,109.22056140050503
exog-past,7,1,43081,124.03748638077523,117.43388071356291,134.08799387417585,117.30384242070124
exog-past,7,1,43105,119.14275778101954,109.34667677200162,122.71227127668088,109.22685394734816
exog-past,7,1,43129,124.6723522429242,114.4853367551672,116.36328871996616,70.85705485327446
exog-past,7,1,43153,114.22533837784565,99.87761530800373,104.41635113890904,31.408881884109363
exog-past,7,1,43177,112.14318822399017,92.31286201134355,97.33772909464292,12.362532228299354
exog-past,7,1,43201,117.47832775161272,94.859258221229,102.72268211969524,5.834827359772156
exog-past,7,1,43225,116.2764300213201,95.3043455307578,104.7032084730922,11.664709509332516
exog-past,7,1,43249,113.00761100818728,87.49667611122948,95.28559272811114,-2.147621106785902
exog-past,7,1,43273,121.7375504183344,97.36909020822652,103.92038969089536,-8.335872303881521
exog-past,7,1,43297,101.2137040760685,89.58239924362637,117.23382730051983,48.950662209783246
exog-past,7,1,43321,77.37200575092436,66.912595734583,105.6498037101533,37.16625818132051
exog-past,7,1,43345,81.20681258809009,69.94300420067111,97.64289943674515,14.227058178681252
exog-past,7,1,43369,82.03797441407407,68.71946373845378,91.86007874466232,1.6268026584699846
exog-past,7,1,43393,88.37278694663382,70.28652158735697,104.90198876792208,-16.293341472449256
exog-past,7,1,43417,86.01409117606912,73.80234029733293,117.55599749223772,3.26445502278914
exog-past,7,1,43441,80.06026022377682,70.68156999709008,109.96468551669273,2.8629290056811536
exog-past,7,1,43465,78.78228098655646,64.65558836447693,96.2822178963428,-22.588825340960767
exog-past,7,1,43489,73.21251143254581,62.991630279610966,99.28826346609944,6.355726352475112
exog-past,8,1,41641,103.31855374274294,67.69439855515152,63.29038562377163,-37.22658527695664
exog-past,8,1,41665,154.14500828563106,106.5990554648742,76.51550297922977,-80.92555107210613
exog-past,8,1,41689,188.18260441716205,140.53978972989924,92.68943377401165,-117.89807733153908
exog-past,8,1,41713,196.636825652889,161.26922173198315,108.69606450107968,-135.17738303858604
exog-past,8,1,41737,189.85800800010497,156.14323777419744,110.79868927851268,-122.92107781566182
exog-past,8,1,41761,194.3114149233283,163.01345869752282,124.9347138301577,-126.35013262293758
exog-past,8,1,41785,188.25206284545573,155.02591576278422,122.2977858065614,-105.90236500258818
exog-past,8,1,41809,160.45693160694384,128.56718512225885,116.4174125578574,-58.737078539205655
exog-past,8,1,41833,122.23780550204653,107.13282638802076,116.14206539086358,12.307456864345829
exog-past,8,1,41857,94.05342090965236,84.58446792412339,106.34779521642535,52.35634653166922
exog-past,8,1,41881,100.7396756203024,89.79814742838198,104.1728924385757,67.12237366654736
exog-past,8,1,41905,112.21703123006228,93.12908548140592,88.71303421709213,22.0733985796647
exog-past,8,1,41929,110.44662391782596,90.21022510547634,73.32462292036915,-7.049142145968024
exog-past,8,1,41953,109.0787040361056,89.90022775377703,73.13111430167865,-3.796430636758568
exog-past,8,1,41977,102.93752472285824,80.15222306076552,60.6403955458788,-15.68174259692502
exog-past,8,1,42001,102.2372061987733,77.76799309782557,52.8611950187703,-31.193023834315674
exog-past,8,1,42025,115.149586095841,88.50980124072227,55.10220682811256,-50.91866309299128
exog-past,8,1,42049,137.36013328888438,107.70071813078522,60.76549054532959,-63.639281855066514
exog-past,8,1,42073,124.10157896830336,101.59242639000593,68.6474241330012,-21.822612090378097
exog-past,8,1,42097,132.2290741541413,115.45118465825506,85.2845045492432,20.28835714621409
exog-past,8,1,42121,128.50219608414852,108.31758873295588,79.61244152989308,3.86354763311741
exog-past,8,1,42145,126.52457320541976,105.28615781471578,76.39726804634164,-9.627357678578209
exog-past,8,1,42169,131.11293768097426,107.60855787218274,78.67187814731955,-33.401770487716234
exog-past,8,1,42193,123.33519083399028,98.23878056131534,75.34620711908357,-25.198481607751493
exog-past,8,1,42217,93.1605985871637,80.69335361920557,79.53103547443412,34.49871492512975
exog-past,8,1,42241,92.6388367305629,81.41763273593122,85.74372242296036,44.89387016353688
exog-past,8,1,42265,88.22630318647047,77.57068842398755,85.42679425148056,45.92438988497328
exog-past,8,1,42289,89.23045965562068,76.01057772828547,80.94867660903924,41.95315417735548
exog-past,8,1,42313,100.6953522179108,85.65565423585917,91.9973420984569,56.88813845862718
exog-past,8,1,42337,114.35880697557415,101.1106122474368,113.33788903341508,87.06995907519487
exog-past,8,1,42361,127.28105042937568,117.58513697814487,126.61088787714657,113.42502478245412
exog-past,8,1,42385,107.10814567692547,98.8834657732541,113.54746571292571,91.6734308710943
exog-past,8,1,42409,81.4791238946639,74.37442928054035,92.57539150263744,63.6215567454098
exog-past,8,1,42433,74.98012566498164,68.01883904568363,82.12899719935616,50.237435147523925
exog-past,8,1,42457,83.36647537851263,76.05195034182482,95.62095761681584,67.73611594817
exog-past,8,1,42481,82.25482758789587,75.93798084316515,104.06170921487828,73.22399867165716
exog-past,8,1,42505,79.88147954327764,72.60227627697321,97.3511144294774,69.62369919929573
exog-past,8,1,42529,67.84887066640297,58.570863766004734,89.65390484247825,50.03834581612559
exog-past,8,1,42553,68.68323759301822,57.921572810616,88.64760572820258,21.742974732639556
exog-past,8,1,42577,80.74566884510051,68.32651317818161,98.69749709247702,14.75390654284561
exog-past,8,1,42601,83.64195521765365,74.37890750945814,110.98956136649964,27.033999332301967
exog-past,8,1,42625,79.88875370487577,68.37797054700748,98.59052830661396,20.357770622429207
exog-past,8,1,42649,117.08170102771837,82.8125687309033,82.25166991602903,-39.08670356570539
exog-past,8,1,42673,158.31378257529448,115.60486150207484,87.71321671793947,-92.21194915959236
exog-past,8,1,42697,180.58833923940952,138.4830480268957,101.52546931995734,-120.54800799911608
exog-past,8,1,42721,169.87698138621744,126.26177882455934,99.72495555150915,-93.71423282857536
exog-past,8,1,42745,165.02548600331855,121.28232784752949,93.54624174797928,-92.723353161888
exog-past,8,1,42769,165.96183628321288,121.9905681112972,86.75957508557293,-104.24453355997072
exog-past,8,1,42793,167.08681929694035,130.28217631131474,91.38273763134484,-112.12998860783809
exog-past,8,1,42817,158.2553571054495,123.24109344810974,86.85071156416329,-102.3414795062624
exog-past,8,1,42841,122.7105877358293,93.64750072539002,78.2159608847586,-40.99008722692362
exog-past,8,1,42865,112.22091466118896,82.98078445768063,71.77102075770465,-23.995592198795688
exog-past,8,1,42889,133.18706501284473,100.74705440409603,70.52305024724407,-61.37568489312899
exog-past,8,1,42913,132.9097842588588,106.77151002173956,79.57281450396772,-49.09611879351635
exog-past,8,1,42937,134.32194472638213,113.05579890178508,92.21362843670197,-35.08271134448461
exog-past,8,1,42961,133.14069574080995,114.76158774329434,100.18985261330342,-10.377515353587553
exog-past,8,1,42985,121.8655358728774,111.886036748726,111.2340760188872,50.00867396852099
exog-past,8,1,43009,123.83586882419122,115.58204193105244,118.9854010119072,59.54437861973823
exog-past,8,1,43033,119.42644115287284,112.1214136550371,126.6394414195532,62.62341834314121
exog-past,8,1,43057,122.96295678455016,115.584556281327,132.63651134207586,109.14898333702727
exog-past,8,1,43081,124.02336572583782,117.41471049556142,134.08019991540004,117.28430238810375
exog-past,8,1,43105,119.18949428820494,109.39334301370812,122.72841277168686,109.2731374621156
exog-past,8,1,43129,124.7028135501901,114.53260197375646,116.37931775413874,70.9113895797291
exog-past,8,1,43153,114.19582521437852,99.8498087678894,104.41134288036884,31.3822711032983
exog-past,8,1,43177,112.14492356084676,92.35218660738626,97.3666077747162,12.41072362524969
exog-past,8,1,43201,117.50464069019522,94.9049947921196,102.76310817848572,5.864015129017405
exog-past,8,1,43225,115.4218243115002,95.0762353978785,104.43563999570576,12.149836964686816
exog-past,8,1,43249,112.99191975025656,87.52205725970168,95.31621616701054,-2.083942930523308
exog-past,8,1,43273,121.74683899928834,97.42455059045643,103.9660222792364,-8.276263183417655
exog-past,8,1,43297,101.28767467876234,89.67638752538778,117.28115209712978,49.04101269329734
exog-past,8,1,43321,77.35737620258116,66.91669846464356,105.6625440874212,37.16254755038155
exog-past,8,1,43345,81.194375149851,69.94770906712327,97.64861284067814,14.242268424939253
exog-past,8,1,43369,82.039502041447,68.72559853062532,91.86062574906782,1.6536360957028506
exog-past,8,1,43393,88.36838565480046,70.27907290662729,104.9121211492692,-16.323691624896526
exog-past,8,1,43417,85.99234667241309,73.81019113314852,117.55818183974868,3.3388041077021446
exog-past,8,1,43441,80.07141246613976,70.70745168371828,109.9654442220722,2.9231798831153486
exog-past,8,1,43465,78.7781867864542,64.64641210128664,96.28852455577248,-22.62444124870988
exog-past,8,1,43489,73.21345514476646,62.99461944729152,99.28366840062527,6.389809531700331
exog-past,9,1,41641,103.34372185089656,67.71068532528187,63.31050271869041,-37.29340684746866
exog-past,9,1,41665,154.1521974521234,106.60388353626917,76.523193801813,-80.97222153576722
exog-past,9,1,41689,182.9205114530635,136.08293720230228,88.45437250691684,-113.18187791695588
exog-past,9,1,41713,196.69500738451367,161.31906157956217,108.75021086325717,-135.25174366430323
exog-past,9,1,41737,189.85983494289624,156.13703641865854,110.7920497795626,-122.93321973159742
exog-past,9,1,41761,194.3062102178032,163.0087416412701,124.93536247940384,-126.35578491765912
exog-past,9,1,41785,188.24179429479528,155.0134769305397,122.2914876892512,-105.90455383557207
exog-past,9,1,41809,160.47022380986428,128.56045531377163,116.41721974748064,-58.775155922990486
exog-past,9,1,41833,122.23317885992417,107.125752073806,116.1408824867034,12.292776448538254
exog-past,9,1,41857,95.03713636838252,85.63739456722864,106.58844646607176,54.17596514477509
exog-past,9,1,41881,100.71540120885052,89.77077771347193,104.16210358656362,67.0876529165271
exog-past,9,1,41905,112.23471822785676,93.1360962158474,88.71913525505268,22.036688883548724
exog-past,9,1,41929,110.4633322395906,90.22004326477855,73.33392607351644,-7.077446900573136
exog-past,9,1,41953,109.08562670657032,89.90684067037591,73.1363168605222,-3.796677100313029
exog-past,9,1,41977,102.93911652717904,80.14587293897281,60.63516142962,-15.69703594750843
exog-past,9,1,42001,102.260092150288,77.78768723573991,52.87529691978663,-31.2054916557247
exog-past,9,1,42025,115.1619367189412,88.51948728703586,55.10853806793919,-50.93784774196742
exog-past,9,1,42049,137.3672868806626,107.70541858942936,60.768576214627664,-63.62439005927226
exog-past,9,1,42073,124.09779534734156,101.58555279355362,68.64258255149488,-21.807999802287355
exog-past,9,1,42097,132.22472847629842,115.4451081604627,85.28681517164136,20.27205871601525
exog-past,9,1,42121,128.51426214564427,108.32103850713276,79.61836272328627,3.831740254369398
exog-past,9,1,42145,126.52607866506868,105.29961518753449,76.4047144369057,-9.614943168290324
exog-past,9,1,42169,131.11660491093977,107.6201566785872,78.67952781368666,-33.39884166774773
exog-past,9,1,42193,123.34572092093684,98.25660088289294,75.3569656591055,-25.19360013777497
exog-past,9,1,42217,92.87267105153522,80.32240087626187,79.34031652410344,34.65533352146302
exog-past,9,1,42241,92.6652007544471,81.44650985558873,85.75664954222071,44.90373815144403
exog-past,9,1,42265,88.24790277333979,77.59523024034002,85.4392359586015,45.93571197445775
exog-past,9,1,42289,89.2632776416421,76.04644161822054,80.96615321693716,41.96573119711463
exog-past,9,1,42313,100.69976186855988,85.65672244601923,91.99703610866388,56.89519058571541
exog-past,9,1,42337,114.34368955092708,101.09720180907718,113.33494445383508,87.0612769079032
exog-past,9,1,42361,127.28172289682908,117.5879917509141,126.61314921035026,113.42555329801615
exog-past,9,1,42385,108.06947361712456,99.77239383562508,113.85676049087108,92.74381272188538
exog-past,9,1,42409,81.46055688140352,74.35974933781434,92.5712257536145,63.60336385025654
exog-past,9,1,42433,74.99301122115114,68.03687463923804,82.14324377545317,50.241571207967766
exog-past,9,1,42457,83.36524007710125,76.05804143756176,95.62866895229236,67.73935882272065
exog-past,9,1,42481,82.26251733768721,75.94750069076662,104.06821022932805,73.23518497481403
exog-past,9,1,42505,79.90987495290246,72.63305412693391,97.36740282893692,69.65966851087957
exog-past,9,1,42529,67.85563800413934,58.57088518387685,89.64905534110893,50.03121217390812
exog-past,9,1,42553,68.70659955359234,57.94435653273651,88.66278675396434,21.75738662100585
exog-past,9,1,42577,80.7627855624109,68.35067498880774,98.71735248495132,14.774674076927274
exog-past,9,1,42601,85.11772895392534,76.11356404570964,112.26768124402656,28.3583877205255
exog-past,9,1,42625,79.89813836930284,68.40241022545364,98.61231082615986,20.394679664768724
exog-past,9,1,42649,117.05930026325306,82.80117446666834,82.24513375780388,-39.07130154551005
exog-past,9,1,42673,158.29516772097486,115.59072590922815,87.70308967334365,-92.19319610011978
exog-past,9,1,42697,180.56101211497008,138.47246931150062,101.520134013334,-120.50916543675471
exog-past,9,1,42721,169.84964952110457,126.25334011536296,99.72144245497708,-93.66789615375484
exog-past,9,1,42745,165.04405951265616,121.3006648417288,93.5644891948268,-92.72141974125306
exog-past,9,1,42769,165.97694537700647,121.99807750548268,86.76309488010665,-104.24593498650292
exog-past,9,1,42793,167.08106281499678,130.27607698634435,91.37354382076362,-112.09970515591206
exog-past,9,1,42817,158.25538591861115,123.23946421691544,86.84903605278397,-102.34023634140628
exog-past,9,1,42841,122.70997681205226,93.65093605865356,78.21573258180811,-40.977140311071295
exog-past,9,1,42865,112.23202552410854,82.99566502673319,71.77979824066136,-23.986513819753394
exog-past,9,1,42889,133.19640124958113,100.75762722783698,70.53142650321954,-61.373068712473504
exog-past,9,1,42913,132.9138746475704,106.7678912143368,79.57124570509862,-49.10233363386679
exog-past,9,1,42937,134.31159701325518,113.04985592827498,92.20984659171609,-35.07310198111025
exog-past,9,1,42961,133.13910589901332,114.7555871373217,100.18598050119134,-10.379700600692876
exog-past,9,1,42985,121.86179535014712,111.88291099167188,111.2328501249016,50.00695288993769
exog-past,9,1,43009,123.8321851585948,115.575197896233,118.98512054285588,59.51919823077097
exog-past,9,1,43033,119.40621733051124,112.09833389121212,126.63342245976534,62.59639182304583
exog-past,9,1,43057,122.96813879241776,115.5891246110806,132.6370696414155,109.15135523268866
exog-past,9,1,43081,125.62771753509097,119.34676142031964,134.79224368371175,119.25206828149972
exog-past,9,1,43105,119.19492075258329,109.39359059039565,122.72628969014956,109.27140029080908
exog-past,9,1,43129,124.70556532610225,114.5352289677042,116.38036905131032,70.91561989868762
exog-past,9,1,43153,114.18349221414611,99.83561040626634,104.40675087422116,31.367654394479253
exog-past,9,1,43177,112.13517522012204,92.34619570554834,97.36356751520545,12.410398125274725
exog-past,9,1,43201,117.50829378535086,94.91760881957644,102.77193033522732,5.882738324721017
exog-past,9,1,43225,115.4098613261957,95.06937055542237,104.4278790217294,12.16646558989672
exog-past,9,1,43249,112.98003561014588,87.51439968763273,95.31125287851836,-2.0707057155403032
exog-past,9,1,43273,121.76587761100016,97.44574396202611,103.97317405568695,-8.261774638449625
exog-past,9,1,43297,101.78489937816576,90.14601115061711,117.43075974363148,49.59184456494187
exog-past,9,1,43321,77.33905425521442,66.90110926417236,105.65670098447347,37.150834382478685
exog-past,9,1,43345,81.19528566003538,69.95273425748185,97.65513142711345,14.242287235893569
exog-past,9,1,43369,82.04767323481698,68.73636849780885,91.86727778297788,1.6666098320979492
exog-past,9,1,43393,88.37695112580168,70.27578624619385,104.91035561566147,-16.351033821567903
exog-past,9,1,43417,86.01103582742154,73.83179291471725,117.57073702566495,3.363393975622197
exog-past,9,1,43441,80.5248712251294,71.10065796721058,110.57794571199732,2.3351292994981785
exog-past,9,1,43465,78.79408071431477,64.66371809179739,96.32701985483924,-22.66424715614902
exog-past,9,1,43489,73.220318222246,63.00067878693333,99.28866925720818,6.387663856474181
exog-past,10,1,41641,103.3544073150576,67.72102641288086,63.32154765757727,-37.32743813879284
exog-past,10,1,41665,154.15183488924723,106.60083057016416,76.52122802636903,-81.0002477924395
exog-past,10,1,41689,182.93779655797647,136.08832555330534,88.45910800191213,-113.22416196065303
exog-past,10,1,41713,196.7265756554827,161.34592921581958,108.78237941765111,-135.29757083428368
exog-past,10,1,41737,189.41190961963804,155.50951222166415,110.18126112757103,-123.22189593817052
exog-past,10,1,41761,194.3179821523467,163.018807905998,124.94985348986631,-126.37653411883734
exog-past,10,1,41785,188.24417989456649,155.01193120618768,122.29357181171494,-105.91111754771563
exog-past,10,1,41809,160.4775587626049,128.55353741760638,116.41323421417349,-58.80276969331095
exog-past,10,1,41833,122.23592507607806,107.12203886874693,116.14001380876444,12.279052345193024
exog-past,10,1,41857,95.02687318472198,85.61849789371797,106.57567640324696,54.14827891843929
exog-past,10,1,41881,100.70409895837555,89.75746343390408,104.15638063667872,67.06361725766467
exog-past,10,1,41905,112.24581168769062,93.13975204684978,88.72082810652002,22.02301105473369
exog-past,10,1,41929,110.46739773292994,90.2173408560681,73.33385366206913,-7.09226269323438
exog-past,10,1,41953,109.08858238240032,89.90470615828386,73.13586536709657,-3.8045086113441497
exog-past,10,1,41977,102.94242837823508,80.14211377742154,60.632015517325065,-15.708849882772586
exog-past,10,1,42001,102.27702554453444,77.8049024263993,52.8884552744867,-31.216750900898745
exog-past,10,1,42025,115.17931399666728,88.5309896881691,55.11565009995856,-50.9543649823159
exog-past,10,1,42049,137.36885369482064,107.70522335384707,60.76874484506618,-63.61149750605422
exog-past,10,1,42073,124.09393732624088,101.57804599932888,68.63787164097305,-21.803920948930237
exog-past,10,1,42097,132.2180677749672,115.43681029439826,85.28485922798514,20.271293961820724
exog-past,10,1,42121,128.51311548259946,108.3122204422002,79.61537452825267,3.8184036644352632
exog-past,10,1,42145,126.52454720794218,105.29864953668113,76.40265785670066,-9.60949054180581
exog-past,10,1,42169,131.11410050409188,107.61951824113856,78.67819166705713,-33.39102967629936
exog-past,10,1,42193,123.35687902021895,98.2629279071753,75.3584520212703,-25.183971433714238
exog-past,10,1,42217,92.88743733500306,80.33268355392792,79.34350135978777,34.67426486111658
exog-past,10,1,42241,92.67750126394864,81.45587776053179,85.76132203882106,44.90554559324846
exog-past,10,1,42265,88.25078267565802,77.59330165785826,85.4375702228249,45.93979046207115
exog-past,10,1,42289,89.26906447596274,76.05063118060832,80.96828584388565,41.96933076719339
exog-past,10,1,42313,100.7054712073698,85.65965935210409,91.99751374025566,56.8989354673601
exog-past,10,1,42337,114.34639564229336,101.09558926096418,113.33352265496882,87.06490568977303
exog-past,10,1,42361,127.28234477394616,117.58574004181602,126.61137045004811,113.42447928366244
exog-past,10,1,42385,108.06080055976707,99.75791311985832,113.84875401943906,92.73308848024874
exog-past,10,1,42409,81.44122985772658,74.33845371155873,92.56021949773957,63.581504565239
exog-past,10,1,42433,74.9958651983314,68.04251751208358,82.14806745348785,50.238809187008144
exog-past,10,1,42457,83.36567938984295,76.05600928600263,95.62725408684668,67.73958146522828
exog-past,10,1,42481,82.26191501793284,75.94916957931277,104.06974785569912,73.23820647900908
exog-past,10,1,42505,79.92848043536239,72.65344359929655,97.37848632965704,69.68157950887723
exog-past,10,1,42529,67.8643765200004,58.57215234768228,89.64452460538782,50.0284449043275
exog-past,10,1,42553,68.71837647439382,57.954357726887935,88.66637347107374,21.76358507444792
exog-past,10,1,42577,80.76535822828849,68.35682506469328,98.71997455566414,14.78880228731668
exog-past,10,1,42601,85.13208077211422,76.13218031902264,112.27754956573288,28.384576033560627
exog-past,10,1,42625,79.90577554019522,68.4157955944673,98.619863064586,20.420470996798787
exog-past,10,1,42649,117.04737299010388,82.7933641608214,82.23485387817482,-39.06249926321364
exog-past,10,1,42673,158.28641301158507,115.58383874447937,87.69612225703128,-92.18169647784364
exog-past,10,1,42697,178.93067950758063,137.14871912796804,100.24084203859856,-119.70766244333782
exog-past,10,1,42721,169.83974722799024,126.24727432750052,99.71346537106284,-93.64797546146536
exog-past,10,1,42745,165.0468319320569,121.30438034461248,93.56955491767506,-92.71611355536945
exog-past,10,1,42769,165.9827989686229,121.9963406323368,86.76154563812317,-104.24999624838271
exog-past,10,1,42793,167.07405880512837,130.2712779796479,91.36840483138332,-112.08042642731763
exog-past,10,1,42817,158.24796933563476,123.24021617008016,86.85301529944832,-102.337428041941
exog-past,10,1,42841,122.69792017391504,93.64687623390805,78.21275444926708,-40.96675012264431
exog-past,10,1,42865,112.22419831517364,82.99466581094354,71.77895743242014,-23.978315575119545
exog-past,10,1,42889,133.19275767336524,100.75885666338984,70.53382917746612,-61.37086022076526
exog-past,10,1,42913,132.83617530365692,106.40170955328938,79.40480380358055,-50.15607781126663
exog-past,10,1,42937,134.30337790578326,113.04760981664582,92.20965999424024,-35.06605427475034
exog-past,10,1,42961,133.1381281628885,114.75572046680568,100.18591859021836,-10.376814222896568
exog-past,10,1,42985,121.85744299657696,111.87828773675422,111.2309312816116,50.0070425130484
exog-past,10,1,43009,123.82820786872836,115.56653191707592,118.9828003033759,59.50410470346809
exog-past,10,1,43033,119.3874669521504,112.07785716512196,126.62798857926812,62.57272072320127
exog-past,10,1,43057,122.95062569721313,115.57054669116368,132.6316738993943,109.12793168567876
exog-past,10,1,43081,125.62435539161366,119.34309687507582,134.79166213986798,119.24825114161956
exog-past,10,1,43105,119.1958519099774,109.3942950604857,122.72613222267093,109.27248125429324
exog-past,10,1,43129,124.69812608616212,114.5302894080855,116.37988873556498,70.91259918958758
exog-past,10,1,43153,114.16413313752057,99.81290063990916,104.3989683248978,31.33913769934547
exog-past,10,1,43177,112.13067252520256,92.3408041986438,97.35888182491634,12.410280693715665
exog-past,10,1,43201,117.51925639873866,94.92341434501034,102.77582363502312,5.878210167143283
exog-past,10,1,43225,115.41201257870506,95.06919674765088,104.4260602637292,12.170608289383992
exog-past,10,1,43249,112.97824775795236,87.51110487747532,95.31177997938303,-2.077238232130721
exog-past,10,1,43273,121.78161182188532,97.45326268317312,103.9740902596906,-8.268566467826965
exog-past,10,1,43297,101.8050972030968,90.15932440053692,117.4353441603635,49.59943010140199
exog-past,10,1,43321,77.33022594174352,66.88824062443095,105.65168139001078,37.13188421199343
exog-past,10,1,43345,81.19447227009866,69.94968859531846,97.65534956748958,14.230394408319867
exog-past,10,1,43369,82.04914359162204,68.7365084206183,91.86748502554455,1.6622586050273915
exog-past,10,1,43393,88.38939454673832,70.27425707969566,104.9106061379948,-16.378344993631583
exog-past,10,1,43417,86.01954746001006,73.83746943995953,117.57284028608662,3.364472450458968
exog-past,10,1,43441,80.09792376511481,70.74218440786956,109.9962562533437,2.935930519823168
exog-past,10,1,43465,78.8001205587229,64.66414442969833,96.33852136616974,-22.69515506775318
exog-past,10,1,43489,73.22247859722013,63.00390119971362,99.2923816804776,6.387317222873564
exog-past,1,2,41641,101.84600579546918,65.40319093171681,60.90756810448117,-38.07321833483151
exog-past,1,2,41665,156.9426274407477,107.83811573732213,77.1769774728746,-81.30730860350175
exog-past,1,2,41689,179.851160571402,135.02763658569486,87.6207944970142,-108.08154372830164
exog-past,1,2,41713,190.0325981428572,153.33636352853915,100.55990499153876,-127.29889199939537
exog-past,1,2,41737,195.948384956946,160.31266397920504,115.17537124391691,-131.60084619036388
exog-past,1,2,41761,195.722477995113,160.66601313430306,121.81238247002068,-127.66641811034664
exog-past,1,2,41785,191.9457636263079,155.49533528724464,122.46387906512032,-112.2628133423316
exog-past,1,2,41809,159.2938135749966,130.271972026411,117.3681379625898,-54.221807952999335
exog-past,1,2,41833,120.52235364522774,106.23799952233412,115.58821242427912,12.617569981584229
exog-past,1,2,41857,95.82369813057872,86.4483620673507,107.80733697613454,52.86117394304568
exog-past,1,2,41881,101.9689767085626,91.43642021479717,105.59499307129218,64.74877749568614
exog-past,1,2,41905,108.92160332432196,90.44655125338764,87.23170856708468,20.313674379042496
exog-past,1,2,41929,103.85940988992608,83.19814257851307,69.50164147944541,-12.772736874323916
exog-past,1,2,41953,105.3867645199355,85.91495235656332,71.12234433338875,-9.530230835078545
exog-past,1,2,41977,102.61896397409276,80.57922880961175,61.044430325800704,-16.469556351913344
exog-past,1,2,42001,99.03576547355416,73.73093399329088,49.811511590052845,-31.515296359580116
exog-past,1,2,42025,115.57064494709806,90.50199325774396,56.90704667073543,-53.00882900676426
exog-past,1,2,42049,135.8217181016049,106.48649657757385,60.11277808798128,-70.4821002347925
exog-past,1,2,42073,127.5408457870121,104.99308541748488,71.06989409410966,-26.872023786343192
exog-past,1,2,42097,131.66171963649987,114.2368200481182,84.58593725090434,13.455550785858224
exog-past,1,2,42121,131.00388811976867,111.6554762007708,81.00299073043257,4.872593977602064
exog-past,1,2,42145,129.28962386688858,104.03748341450216,76.18227449964404,-15.33107233207375
exog-past,1,2,42169,134.0059881442671,107.21712869102392,78.82743599705987,-38.89628300725558
exog-past,1,2,42193,122.64520710724804,96.56418773369708,75.15174441329434,-30.70248879820849
exog-past,1,2,42217,90.40853496221877,78.57485686175838,79.51435139387983,24.90293836505684
exog-past,1,2,42241,88.38395141249586,77.45124330833795,84.14404534754635,40.070135733644165
exog-past,1,2,42265,89.44637487562838,78.64043748717393,85.76271311365554,41.56524934498942
exog-past,1,2,42289,88.39229169132983,75.80047442457527,80.92741659656055,36.403169015221
exog-past,1,2,42313,98.0660644939897,84.45027381469282,92.08982762673072,50.40904962977722
exog-past,1,2,42337,113.23210237659876,100.63949457730756,113.25454202826351,82.54706971755661
exog-past,1,2,42361,123.15919608643796,114.25673574122158,125.7086271597507,106.5139715150379
exog-past,1,2,42385,105.31489105071284,97.7216807343995,113.50629885490022,89.54171121635143
exog-past,1,2,42409,86.19538934039663,78.54641355432071,94.07458462236762,67.29845048278982
exog-past,1,2,42433,69.76828883496272,61.93806539400341,77.97466315799443,46.70185861350763
exog-past,1,2,42457,79.92325025896987,72.33903322367412,93.32649809627496,62.246361730437535
exog-past,1,2,42481,84.0508142208094,77.56265257204575,104.52741654694704,72.90607852833881
exog-past,1,2,42505,78.83921377719726,70.75218982161357,95.6039488465212,65.64935933142576
exog-past,1,2,42529,69.38582696442586,60.16380522209082,90.51203814618604,53.74395521570198
exog-past,1,2,42553,65.22193279808953,55.04129493883365,87.44433932564962,16.875226768361056
exog-past,1,2,42577,82.30695233623806,68.3809203795606,97.02222205495256,12.015538636396064
exog-past,1,2,42601,83.84471848252049,74.14071423721782,111.28532081599234,24.32049057903869
exog-past,1,2,42625,81.69741518601802,67.9087322545718,97.8245774286289,14.978003600884248
exog-past,1,2,42649,115.5217372070712,82.49968252903065,82.40047277620646,-36.74003762098162
exog-past,1,2,42673,156.07975873108023,114.3020101481371,86.20259004173082,-92.99567716774972
exog-past,1,2,42697,171.37994903137854,131.8525825816676,96.00698991348744,-116.4354015822486
exog-past,1,2,42721,162.82366482174038,119.50701029608626,92.48274845313756,-94.45937189775653
exog-past,1,2,42745,152.47243290365697,112.74661859210092,87.10740122985887,-89.01206625363618
exog-past,1,2,42769,153.24772714020094,114.12800092119282,80.05054154715329,-96.9698652552388
exog-past,1,2,42793,166.71518496961778,131.32370130521238,93.29240253840608,-117.18684171736436
exog-past,1,2,42817,156.21597485965265,122.44405095848715,86.24469978914459,-99.42270833772852
exog-past,1,2,42841,127.73813363023726,98.33711100423194,81.55947946033749,-39.3745814161062
exog-past,1,2,42865,112.77669224078367,85.59748143581534,73.26707618270983,-18.707045021138786
exog-past,1,2,42889,134.24401362983096,101.2629682550865,70.59672613948689,-64.32139708866922
exog-past,1,2,42913,132.5153129446098,107.50626108658469,79.90696396627767,-49.82752074364678
exog-past,1,2,42937,134.2327953970162,113.9403753331468,92.56942226871304,-34.56334109060425
exog-past,1,2,42961,130.81911254528995,114.79607071617323,99.85443467726992,-7.730534080593178
exog-past,1,2,42985,119.00126584600712,108.91018042973572,110.60030936857548,44.32381273536701
exog-past,1,2,43009,122.71876440118464,115.66923642402423,119.4390008461466,59.23499447344296
exog-past,1,2,43033,128.94954057079693,123.33416197090392,130.52357197052115,71.97339108680049
exog-past,1,2,43057,126.0099632841342,119.6374507520446,134.328706642025,112.89599287863282
exog-past,1,2,43081,123.6789813604112,116.9206865053592,133.8393064392756,116.65753047821396
exog-past,1,2,43105,116.85517550991348,107.99487877489966,122.84970686876824,107.79863304689523
exog-past,1,2,43129,125.71249770175032,115.77062565004896,116.76587469900606,71.6276125258665
exog-past,1,2,43153,121.0951680513714,105.47175871942342,106.33216673430302,32.263682124243395
exog-past,1,2,43177,115.57341109446062,94.37597374751876,98.92013881612162,8.480094603066679
exog-past,1,2,43201,115.75415556504672,93.70209348286129,101.323402342967,4.320586078194902
exog-past,1,2,43225,118.68688043694748,96.33513144723014,105.28585169496094,8.15172834538959
exog-past,1,2,43249,115.23979125132756,92.44683944175787,98.53512483281354,0.602977950604197
exog-past,1,2,43273,119.1501215715716,96.615466945322,104.40580800452122,-4.752932453446205
exog-past,1,2,43297,99.19913730950098,87.64192806344106,116.3279882788651,47.99106241763488
exog-past,1,2,43321,85.31600638730806,75.83963334266944,110.0003403208014,48.34761078563286
exog-past,1,2,43345,84.84648833756901,74.33209949055433,98.50960605917356,23.48368867814225
exog-past,1,2,43369,78.9631150292703,65.94884149490797,90.21051744039758,4.459385465160638
exog-past,1,2,43393,85.79564225337973,71.54641718296487,104.72982862185056,-7.464566739152546
exog-past,1,2,43417,81.41421328646572,69.32918839014177,113.54751608995556,4.538221545738529
exog-past,1,2,43441,77.39674426838975,67.05532523841427,105.88978176731214,4.153083490504168
exog-past,1,2,43465,78.37151819209012,66.55558374939017,93.78679830387972,-7.7768410695777295
exog-past,1,2,43489,74.25645031284522,63.72992089876181,99.56057094053192,6.769233908439423
exog-past,2,2,41641,104.10328896641232,69.30425576892361,64.92336284937808,-37.29046382710309
exog-past,2,2,41665,154.47642850064534,105.97408502555494,75.67899506336502,-80.5848252302409
exog-past,2,2,41689,176.7187915008014,133.45395116273494,86.94870524793187,-105.34151133664152
exog-past,2,2,41713,182.59763583639628,146.87243154497733,94.88878558839902,-118.43112524575083
exog-past,2,2,41737,192.91457491865268,157.3505967245459,111.6832711380874,-126.36915182496897
exog-past,2,2,41761,196.60961089627497,161.4735303576458,122.18415748871176,-126.67996876786786
exog-past,2,2,41785,182.59778695046472,148.90126334001303,115.99751024477668,-102.20880543750226
exog-past,2,2,41809,158.70983950445628,132.50812387894598,118.64167733164592,-47.3596682708191
exog-past,2,2,41833,120.42235703932108,107.88764194437128,115.53718795750768,21.05713217976248
exog-past,2,2,41857,99.80062501827184,90.92643195482516,109.783474355708,58.8231693620547
exog-past,2,2,41881,105.28411280115776,94.12556453790395,106.41157908062206,67.12972433591388
exog-past,2,2,41905,110.06128523047522,91.56301651034144,88.52275182442416,19.1843282576775
exog-past,2,2,41929,107.61579709317137,86.27389350566344,71.33909800593716,-16.87235861826429
exog-past,2,2,41953,108.25229755305942,87.88036262895123,72.40054556831528,-12.654172623672062
exog-past,2,2,41977,107.00183310587587,84.80936723955499,63.86934227160985,-17.358463174894517
exog-past,2,2,42001,101.8133123592002,76.210017742298,51.61408933647167,-32.5957080199924
exog-past,2,2,42025,119.63740923277658,93.9570450878212,59.32880955835307,-54.95778893904045
exog-past,2,2,42049,136.69692573966267,109.2222316139904,61.93710743223159,-67.05347878172867
exog-past,2,2,42073,128.87674968655264,105.43901650751502,70.96505689634392,-27.648057691790893
exog-past,2,2,42097,130.64590005215803,111.76253600110856,83.1140795304017,14.30113343376282
exog-past,2,2,42121,126.32041138707072,105.48828967054496,77.86987770538416,1.142853502294491
exog-past,2,2,42145,129.86186967374752,104.44959547701562,76.74448743668957,-17.648924820398303
exog-past,2,2,42169,133.22325593771384,105.68334159752382,78.14907654344107,-37.836682358708416
exog-past,2,2,42193,121.85871013171317,93.95242214113138,73.31796864034986,-28.688584677758183
exog-past,2,2,42217,89.63188213800011,77.57766698453445,78.78835617007682,24.40454187700456
exog-past,2,2,42241,87.73983003713604,76.27420228126464,83.27445588265283,41.54487221324815
exog-past,2,2,42265,87.11997617530346,75.58564420982485,83.79273752911864,40.74506180941332
exog-past,2,2,42289,88.821029795771,75.27359549110223,80.36130797487098,37.1643076026035
exog-past,2,2,42313,94.15525004990646,82.78399881944271,92.50274285136238,46.71160903892622
exog-past,2,2,42337,110.68379802364883,97.71007453270398,111.92221988124412,82.75543530818886
exog-past,2,2,42361,121.2234706993908,112.20340786161462,124.92422631195058,106.20958136056645
exog-past,2,2,42385,106.06924108296856,97.87405185542283,113.1892293875485,91.20212230832584
exog-past,2,2,42409,82.7470327568864,75.82772246089058,93.212841556625,63.36513697135037
exog-past,2,2,42433,71.34314970241303,63.34632649672153,78.66629425499532,48.060042285000414
exog-past,2,2,42457,81.18974503618529,73.308463616871,93.6858118583031,64.9823718322972
exog-past,2,2,42481,83.06743954774474,75.97170158931084,103.08410748592244,71.58969263633055
exog-past,2,2,42505,78.76987466132137,71.42725363762814,96.4366241421274,66.68437603749852
exog-past,2,2,42529,73.27954464112868,64.55693396285085,93.58738562301312,57.76901687191586
exog-past,2,2,42553,67.79861139937829,55.5420835780897,87.60561533703975,13.663874741737407
exog-past,2,2,42577,83.68689615058454,68.70168548830736,97.2757217491463,9.281072549931038
exog-past,2,2,42601,82.92984940406653,71.54845605691318,108.86314747282024,19.96908146849412
exog-past,2,2,42625,82.39439747609865,69.30242758012933,97.70199372170173,17.832722875636883
exog-past,2,2,42649,117.03368281092472,84.6335182334517,83.83569367850102,-38.822998439335386
exog-past,2,2,42673,155.23760904760135,117.1378563909186,90.4220833192732,-90.1861584639968
exog-past,2,2,42697,171.29135335119176,135.41567351447517,101.47916833198138,-113.63222880616216
exog-past,2,2,42721,153.70135971323927,116.02414812470016,91.09941706119488,-85.63709034571181
exog-past,2,2,42745,144.46371129176038,107.35650524226013,82.21820799231723,-82.32302554802948
exog-past,2,2,42769,146.53428568331714,109.8085421158444,76.57729319100768,-92.34768157307256
exog-past,2,2,42793,171.7432555941356,134.83487287179818,95.69028046828922,-113.35485869724184
exog-past,2,2,42817,158.52596498773144,123.57330740868078,86.83406944438656,-98.8708411818026
exog-past,2,2,42841,130.0404441772036,100.55359343316186,83.01011254621825,-37.75083546858911
exog-past,2,2,42865,111.97723720508954,85.21972457885302,73.1492458789324,-18.30588271871061
exog-past,2,2,42889,137.38047379653028,104.3535156540582,73.08758439744918,-65.48971337123218
exog-past,2,2,42913,132.06724047208036,107.29361357334626,79.78939074581966,-50.12132138135731
exog-past,2,2,42937,131.33297300857754,112.32724168833695,91.27322916826893,-26.704693605571915
exog-past,2,2,42961,129.47203187856846,115.02885161558928,99.86713596371165,-3.0128986170650776
exog-past,2,2,42985,117.46604231533098,107.22607796014844,109.96579867730004,42.68998328397116
exog-past,2,2,43009,123.21483336303714,115.8497073303082,120.12619732015754,57.51579093092858
exog-past,2,2,43033,126.64136720446358,120.06630189317016,129.52810882378765,69.31646802915463
exog-past,2,2,43057,121.2392608701762,115.63015931797412,133.68284667836514,109.48677042421176
exog-past,2,2,43081,121.02458207599165,114.75914297951412,133.55415084800697,114.5834621615886
exog-past,2,2,43105,114.39727192307711,105.92226253601108,122.42222815645464,105.63719873530216
exog-past,2,2,43129,127.10769922068584,116.05090758528642,116.82843853205596,70.28177900569517
exog-past,2,2,43153,117.71720369023308,102.61257910919636,104.76718675152456,31.432083647314283
exog-past,2,2,43177,115.17316600863592,92.87698794590926,97.80208812814833,7.359002669221184
exog-past,2,2,43201,117.20601929670796,93.27124694270528,101.25052109041594,1.1626846050316877
exog-past,2,2,43225,120.52611011433538,97.86252455711644,106.06147449400626,8.908115526923698
exog-past,2,2,43249,117.9633515692026,92.00675899482914,97.81718717067145,-1.668410921507405
exog-past,2,2,43273,123.25134374672942,100.16857941828567,105.71345639968077,-4.425007660294693
exog-past,2,2,43297,103.11574098355462,90.82007055281775,116.68856963520138,51.027142790535
exog-past,2,2,43321,75.9228359620242,65.57367596806155,104.36652078737043,37.41237398407536
exog-past,2,2,43345,80.44544203886771,68.84846947282473,96.5277922252174,14.29676021943358
exog-past,2,2,43369,84.0267537027559,71.2885662372486,93.62860992164632,12.228754047047966
exog-past,2,2,43393,89.83369864049932,75.22598530120653,108.44521951490212,-8.315378208207537
exog-past,2,2,43417,79.39500688528669,68.71755866742784,111.60841570271712,11.214047727877178
exog-past,2,2,43441,81.08942223278116,71.04623451390766,107.20818437558594,11.203384914831402
exog-past,2,2,43465,79.85507812968144,67.63430732206704,94.60895865093056,-6.889159410501397
exog-past,2,2,43489,73.93064713149835,63.84595573240681,99.86710274623634,5.241735825707212
exog-past,3,2,41641,107.9770318598936,70.60229408159672,65.81788950257642,-37.20975567756612
exog-past,3,2,41665,157.64106483207195,109.56713914483224,79.11076695867025,-82.69552737501539
exog-past,3,2,41689,175.7077436102173,131.8531030116083,85.43304126729598,-105.0315585716822
exog-past,3,2,41713,178.88842089033906,143.2457732171878,91.77540006605764,-114.42918512914513
exog-past,3,2,41737,196.23483899277417,158.74189932672658,112.9094714771797,-129.0185452651875
exog-past,3,2,41761,197.65865087369187,163.19124902045465,123.65043685223644,-127.26594674549128
exog-past,3,2,41785,189.71005838671343,153.00630090548944,120.00367952567647,-110.2641395691353
exog-past,3,2,41809,161.24729946246885,131.93630985542163,119.79806517372124,-57.54534891070185
exog-past,3,2,41833,121.0817730600794,108.60186601768258,115.22154562848638,20.447153672562383
exog-past,3,2,41857,93.97200685338736,83.97092306266528,106.58499971469888,49.44397285321086
exog-past,3,2,41881,95.7019524102272,85.37434830108943,103.4777044637877,57.93756085133205
exog-past,3,2,41905,109.2918717457433,89.8731698563511,88.25176923854924,14.875051585093187
exog-past,3,2,41929,108.79450897253624,86.58382045044715,71.77469040918987,-19.19801802533097
exog-past,3,2,41953,108.9185876923692,87.8494956418295,72.66992830164986,-15.934854538872736
exog-past,3,2,41977,106.42092933002428,84.14375881309763,63.546094653874576,-17.01022852323866
exog-past,3,2,42001,98.20394517601792,72.01032746146927,48.56883716988116,-31.91915424085252
exog-past,3,2,42025,118.75501281254404,91.85737088710056,57.95807593314338,-58.91869680358608
exog-past,3,2,42049,131.39645202610924,103.8841497971916,58.81693302343406,-70.73576915500186
exog-past,3,2,42073,127.73030728598862,104.81538895990283,70.90286282055386,-29.22839566270705
exog-past,3,2,42097,131.62796492490168,114.18565757587452,84.61600233544657,11.892745518846947
exog-past,3,2,42121,129.18765692244816,110.02279235366242,80.49924788286168,2.313076277611799
exog-past,3,2,42145,130.04291960433318,105.62842116297928,77.99986014998471,-19.84756212095998
exog-past,3,2,42169,133.6873712325129,106.91024321433716,79.30964594542615,-36.75617471044978
exog-past,3,2,42193,120.86433969608436,94.80948386667876,74.18358791592335,-32.619401026315764
exog-past,3,2,42217,90.7140075969078,78.99658206665052,79.43413776718839,22.870286134600452
exog-past,3,2,42241,86.3421128636259,75.94786137145424,83.73652745107701,38.6380630748739
exog-past,3,2,42265,88.90278314502764,78.21257362410363,85.7029435164729,40.329687887152616
exog-past,3,2,42289,89.11995927255545,75.35801287945266,80.55804818829388,38.4606372982534
exog-past,3,2,42313,93.1807919776551,83.15116386342959,93.5180013160657,41.41802314535058
exog-past,3,2,42337,108.2574521200534,96.48499304677908,111.98332713026144,75.91622495437717
exog-past,3,2,42361,115.3081817973331,107.13940254462707,123.83892361243096,98.41230794792452
exog-past,3,2,42385,102.16192015888647,94.36306239803092,112.20947501173876,86.161625329044
exog-past,3,2,42409,81.34922202578524,74.60318479276393,92.63950999161672,61.68885105592668
exog-past,3,2,42433,69.54828433233766,61.24344698971773,77.3264047970599,44.36282272261416
exog-past,3,2,42457,80.19862556371511,71.88187895041173,92.67618698092376,63.54663032681905
exog-past,3,2,42481,82.74778024623927,75.80828975677898,103.15029550080668,71.19651767958206
exog-past,3,2,42505,80.9965663337094,72.58869075288528,96.26913054137552,67.98301063012791
exog-past,3,2,42529,80.41659128826466,70.53176403850505,96.25730282535484,63.20268994493208
exog-past,3,2,42553,63.86525192348791,53.71206993624902,86.52016652942378,19.869743651432472
exog-past,3,2,42577,82.09183911785904,67.4217583107461,96.06576415861213,10.235124663972933
exog-past,3,2,42601,85.5058378014687,76.67670912259779,112.20829861466416,29.737863084541264
exog-past,3,2,42625,83.94506621805314,69.30297566152203,97.51457494107709,14.300204557340477
exog-past,3,2,42649,111.788947347929,81.1017239232145,80.45619460733656,-36.66176102507317
exog-past,3,2,42673,150.2174272945055,113.96173221368232,87.90994829201195,-86.4724842571053
exog-past,3,2,42697,170.0729910399719,134.86588025979117,101.4026765326738,-112.66020645885509
exog-past,3,2,42721,162.86704291351842,121.7383520737198,95.19575066693326,-90.62137520427468
exog-past,3,2,42745,142.2604298744102,106.6854751863776,82.09481827674514,-81.02036107890237
exog-past,3,2,42769,143.92420542123085,107.88400782024684,74.86208872782795,-91.33123247652208
exog-past,3,2,42793,171.62052074748016,134.39241444204595,95.1138080037684,-110.4851097964762
exog-past,3,2,42817,159.1704507158072,123.7075734286347,86.69219776530946,-97.44504366885542
exog-past,3,2,42841,132.89543881404362,105.14440738642745,84.95707421953543,-28.35492146527412
exog-past,3,2,42865,103.20279989926703,80.33982988455102,69.35322573582567,-8.425806596335208
exog-past,3,2,42889,129.95813106396758,99.6757035495509,69.16018286106545,-57.51137774212724
exog-past,3,2,42913,129.67544480017023,105.83906802883186,78.3148051395522,-44.45030621912471
exog-past,3,2,42937,131.44957377323414,111.07184272403336,90.83394510277984,-31.91402915657012
exog-past,3,2,42961,127.68573505707047,112.22205957094494,98.4698914022302,-5.38619260411281
exog-past,3,2,42985,119.32539014978734,108.4796053170862,111.29878523083138,37.49111936596451
exog-past,3,2,43009,118.2416709703152,109.95849706626775,118.22017746210712,49.22979173916503
exog-past,3,2,43033,121.60732797800516,115.143600952451,128.47729874128757,63.270632400438735
exog-past,3,2,43057,119.32269845109022,113.02850266322602,132.54138731841803,106.77141435463182
exog-past,3,2,43081,116.55674365163,109.97891789040185,132.09412553926884,109.76413118259514
exog-past,3,2,43105,112.30061244899083,103.85449366253722,121.79153544141474,103.53782596308254
exog-past,3,2,43129,127.40386318982203,116.32299721127433,117.24438018210108,69.18883347135504
exog-past,3,2,43153,124.31615519723402,107.84546075123804,107.1376490162985,32.56815246404765
exog-past,3,2,43177,116.44455238224828,93.1142709110474,97.99838357657848,7.293706564536971
exog-past,3,2,43201,117.54128666203604,95.47962878065556,102.61636275112852,4.845096727726824
exog-past,3,2,43225,119.53365342263496,98.018309995294,106.21742757579416,9.971611804646788
exog-past,3,2,43249,119.02003367812716,94.08244658152228,99.3629391476744,0.6593585812771391
exog-past,3,2,43273,121.27116521794738,96.60513933051178,103.97329084404316,-7.665139681246698
exog-past,3,2,43297,102.5899752657729,89.41401315154135,116.34758581855434,47.964898129886606
exog-past,3,2,43321,80.25335986259319,68.86839736488123,105.53207147378704,40.37151166862702
exog-past,3,2,43345,85.60737973766624,74.06379134887544,100.0336053778805,17.455834477132488
exog-past,3,2,43369,86.52610128172077,73.42720385768946,95.27311143527604,10.762389018061784
exog-past,3,2,43393,90.41135271342549,74.5914053768221,107.8443729149886,-9.517764539001462
exog-past,3,2,43417,80.48945865583885,70.93959264271777,113.1818737861763,12.179686836193133
exog-past,3,2,43441,77.62516012474373,68.10637203690551,105.54352931051436,8.017496271867126
exog-past,3,2,43465,80.21843110664734,67.64147726962717,95.19588662651488,-8.946936377249086
exog-past,3,2,43489,74.73158096758489,63.57921708000504,100.41020338130193,2.163064569021211
exog-past,4,2,41641,108.20956004274532,70.145109244385,65.37633742506958,-38.160184754796674
exog-past,4,2,41665,148.44001934206636,101.8867519501833,72.17987790071996,-71.74830695125065
exog-past,4,2,41689,174.9153158743657,131.0366431961442,84.78930464227817,-104.28892858186956
exog-past,4,2,41713,179.23199558246577,143.68222105656247,92.06367856692444,-114.97541448990108
exog-past,4,2,41737,197.8303787473303,160.8843508501516,115.08398778864763,-130.7561688813799
exog-past,4,2,41761,192.4251129106869,159.6358329288531,119.6505653924369,-120.31520573765783
exog-past,4,2,41785,190.13455199130016,153.25382250282976,120.2155727599408,-110.83395724643005
exog-past,4,2,41809,159.1316187116657,129.35308855707171,118.01228907958428,-58.34740520974966
exog-past,4,2,41833,119.06355597897388,103.57575601479998,113.74150028796262,10.203968485501756
exog-past,4,2,41857,94.655021344211,83.89978572569333,106.066825186646,47.81507683522661
exog-past,4,2,41881,97.10687411841764,86.56339790827404,103.6570991396628,59.65403418861405
exog-past,4,2,41905,109.38822507914236,89.75827692532573,88.21135714562493,14.370223644978555
exog-past,4,2,41929,109.56114585320503,86.94512460932029,72.06664433807437,-19.532356324256355
exog-past,4,2,41953,108.34918458786288,87.7538464314104,72.5745034842455,-14.654348832271989
exog-past,4,2,41977,104.34992578311208,80.53686517308056,61.05443155701794,-21.17154102194061
exog-past,4,2,42001,99.36381794243758,73.97486443413487,49.99173602533077,-32.41025412997516
exog-past,4,2,42025,118.71234473677497,92.25421826170545,58.22601534830751,-56.97892423402664
exog-past,4,2,42049,133.27812959876238,104.40284266028436,58.97514848562626,-72.12021353094364
exog-past,4,2,42073,127.7048934248695,103.03535123239968,69.71820469844002,-31.67784901098596
exog-past,4,2,42097,130.77892552598496,113.4531625531512,84.6058531216183,9.880516417125396
exog-past,4,2,42121,127.74954976598994,107.15936434219296,78.84797902609277,-1.0909102216688291
exog-past,4,2,42145,130.23208631579064,105.62386727081156,78.11409524433496,-20.499017938633383
exog-past,4,2,42169,133.6059943722267,106.67516523784406,79.24047130970993,-36.87718629614722
exog-past,4,2,42193,120.76429314689864,95.11962770675028,74.45439320588527,-32.35751895344091
exog-past,4,2,42217,90.80473543666692,78.9006736582429,79.20661712378431,22.603328711803798
exog-past,4,2,42241,85.45746535463356,74.8870733546575,83.23369058765867,37.473279973943214
exog-past,4,2,42265,87.27527333176194,77.23205119407264,85.57951055862684,37.97337652547077
exog-past,4,2,42289,88.38323285018318,75.09553175853591,80.70931727237326,36.594400435376464
exog-past,4,2,42313,93.20768953529864,83.308351358201,93.69557418328408,40.44718424132489
exog-past,4,2,42337,107.81705201863012,95.87560119605033,111.59749904741676,74.67690234327607
exog-past,4,2,42361,115.29890859531484,106.77059686066067,123.41646415940548,97.94802102035024
exog-past,4,2,42385,101.48432338282572,93.20698035520998,111.21285802160938,85.27673509950438
exog-past,4,2,42409,80.08314567135012,73.00214183590363,91.6634658505978,59.41429649659209
exog-past,4,2,42433,68.67664217426149,60.03711714898344,76.40861429679465,42.8881030930614
exog-past,4,2,42457,77.20627499574243,68.86092681568145,91.04916905687948,59.153939633348514
exog-past,4,2,42481,81.95580167539087,74.41247964461158,102.29098691304736,69.3151239879122
exog-past,4,2,42505,81.67361787605734,73.40133631128198,96.71954551729128,69.41825245018947
exog-past,4,2,42529,76.09717436422993,66.63353969927164,94.16599330358213,58.77517869813269
exog-past,4,2,42553,65.27636264686092,55.12347405617913,87.92615831218107,20.056936911193965
exog-past,4,2,42577,83.58214731728087,68.49728876502176,97.77032164056584,9.457720273115758
exog-past,4,2,42601,85.68211752782675,75.56790809785356,112.08093673607443,25.833562061662047
exog-past,4,2,42625,83.56945561990479,68.64438842879491,96.24383701325688,14.29179768176097
exog-past,4,2,42649,118.81072488931288,84.30677382908753,83.2588550098984,-42.25674476878982
exog-past,4,2,42673,155.7939127787759,117.81486615595648,91.538177049017,-91.38704851739806
exog-past,4,2,42697,170.28648618226484,134.92979437056243,101.5322659005287,-112.697786386471
exog-past,4,2,42721,164.21554204492952,122.84695389566735,96.26584670329396,-91.21401852706263
exog-past,4,2,42745,142.28048500520367,106.78924853459264,82.04653792149608,-81.03955571725358
exog-past,4,2,42769,145.1451533502382,109.14533428223096,76.28870016753643,-92.58656419268274
exog-past,4,2,42793,172.85407835952643,135.55788669488982,96.10233913641969,-110.95284705876938
exog-past,4,2,42817,158.91743539271488,123.28216685428808,86.12569506494377,-95.91639017789228
exog-past,4,2,42841,133.51864279194038,104.3781142287469,84.8922786137248,-30.98499897638996
exog-past,4,2,42865,107.23058488160316,84.51361764208062,71.98457556761029,-3.9514141946391312
exog-past,4,2,42889,130.2213975857833,99.78512884415034,69.2461015408015,-56.59274818860283
exog-past,4,2,42913,129.23589691370498,105.90139983690467,78.324276885961,-44.00886303141856
exog-past,4,2,42937,134.27625449745264,112.6532408020974,92.22463000321233,-36.1073998596646
exog-past,4,2,42961,127.85016950430273,112.23344360429472,98.50199210001564,-5.660421681720591
exog-past,4,2,42985,118.67074419522434,108.1125808765433,111.43786047403628,37.44411508961003
exog-past,4,2,43009,120.7818308812684,112.29428822606368,118.87895408045884,50.59399239956334
exog-past,4,2,43033,122.07384661959031,115.52213792363766,128.74290209660032,62.62343337838805
exog-past,4,2,43057,117.18065197667391,110.8296602699742,131.95570335186022,104.80527893079062
exog-past,4,2,43081,116.19197288111418,109.52657930095395,131.88301667844405,109.33730293064616
exog-past,4,2,43105,111.1549174007598,102.73402023636824,121.4708292328113,102.42400260106722
exog-past,4,2,43129,127.6902072064442,116.4066132995968,117.3056002220954,68.71940305819118
exog-past,4,2,43153,124.36796288957056,107.8962955059534,107.52447196163908,32.73976505967685
exog-past,4,2,43177,117.07782067790929,93.21648887500284,98.12546093463249,6.5477940423248375
exog-past,4,2,43201,117.31037623028044,95.47969923998856,102.50025417694152,5.462007467649259
exog-past,4,2,43225,119.8132372530318,97.81783669871945,106.16046277055464,9.25080128944399
exog-past,4,2,43249,120.29564729743174,95.23145548821722,100.13005250855642,1.1248578776896434
exog-past,4,2,43273,120.20924783392375,97.40310729292976,104.60883593177049,-4.311935539406309
exog-past,4,2,43297,100.7087477843626,88.56468604344415,116.55938458444548,47.58132776991781
exog-past,4,2,43321,81.824818871847,70.65725117032049,106.7153225311866,43.19061761869551
exog-past,4,2,43345,85.97598893272145,74.35468166947248,100.23974174709988,17.6215003692621
exog-past,4,2,43369,83.99858567286435,71.67047322221735,94.14593544362556,12.514713301131902
exog-past,4,2,43393,90.74973302341893,74.5009041035374,108.07451698178023,-10.59681215824941
exog-past,4,2,43417,80.30203034929299,70.48494721427083,112.48958719372088,12.766549692954507
exog-past,4,2,43441,78.15385318205722,67.33273790480965,105.59293465624162,3.906084756594147
exog-past,4,2,43465,79.71989885984662,66.29834955560996,95.56747798377488,-13.871117729239804
exog-past,4,2,43489,74.58796891316686,62.65600243202547,98.20571283247855,4.861690145817194
exog-past,5,2,41641,103.21406544734386,65.66734064740169,61.03570052336248,-41.28093259699936
exog-past,5,2,41665,149.191761340296,103.97411195026432,75.24070656516793,-78.77215942492879
exog-past,5,2,41689,173.61280079592098,130.1923665021172,84.29093760300374,-103.03496278329746
exog-past,5,2,41713,177.30261060492262,141.4090425948911,90.15880104915657,-112.67621678134137
exog-past,5,2,41737,190.1784924000825,154.5243983919603,108.36291797537967,-121.97996383713854
exog-past,5,2,41761,193.8455444962216,159.8059113436894,120.15401116837997,-122.416371961985
exog-past,5,2,41785,191.35517727465296,154.4657262700995,122.23974976334392,-112.14946728959202
exog-past,5,2,41809,156.50483173111067,131.58396963892685,118.06442899327114,-47.51747302121083
exog-past,5,2,41833,120.21740542311468,105.23928701383343,114.46624249468348,12.546768950555853
exog-past,5,2,41857,94.33507396643678,83.62097081935657,105.82138260747124,48.962865467851074
exog-past,5,2,41881,97.41707668233325,87.18280161441511,104.08508422502447,60.35995523566327
exog-past,5,2,41905,110.4173470684254,90.50879391927722,88.47299329167738,14.967718160524653
exog-past,5,2,41929,109.6676451813741,87.35661374579132,72.66689265978587,-19.37461817847755
exog-past,5,2,41953,108.4507025742416,87.90023575661014,72.68446947410266,-14.592931105189493
exog-past,5,2,41977,103.1138786890696,79.35216863500513,60.29525196895422,-21.637000205809333
exog-past,5,2,42001,99.66330401189704,74.19163947577005,50.15661187867602,-33.032264509972265
exog-past,5,2,42025,118.58903517598752,92.13615693173826,58.14100105698709,-56.8179481114825
exog-past,5,2,42049,137.60413012248412,107.58176170638411,60.90975660159359,-74.0999881101781
exog-past,5,2,42073,127.81617032110836,103.0672591111583,69.68453042956075,-31.30655895721656
exog-past,5,2,42097,130.25964233722928,112.6434488837898,84.2419233535037,9.547758942021687
exog-past,5,2,42121,128.1005917063838,108.2726072689414,79.54229839836066,0.2633315714614869
exog-past,5,2,42145,127.88190905502796,103.24886750661972,76.30766679292955,-17.27080812053754
exog-past,5,2,42169,134.2511967179855,108.05442498997988,80.14965748086212,-35.916771708014544
exog-past,5,2,42193,119.84698086741602,94.88762987176057,74.19088730351045,-31.31941941550644
exog-past,5,2,42217,91.03901824707144,79.08143154612358,79.29629133375336,22.69055532661441
exog-past,5,2,42241,86.18169730651282,74.90625759018424,82.95254726144756,38.83555624201055
exog-past,5,2,42265,87.26220299095012,77.49405315053798,85.93208926065708,36.599277154693695
exog-past,5,2,42289,83.86545889164077,71.68535229923458,79.40767035765275,33.765470973525474
exog-past,5,2,42313,93.45901144080575,83.51670656489229,93.7687268259478,40.32716679473539
exog-past,5,2,42337,107.6850462442868,95.66732098669684,111.45052312559228,74.26997107785853
exog-past,5,2,42361,115.34751494129054,106.7761445725587,123.3856868060675,98.13534087514088
exog-past,5,2,42385,103.11787883167024,94.4628648504994,111.48780037980804,86.82054436973502
exog-past,5,2,42409,79.81045092043381,72.76026340360627,91.58114703225432,59.00403277724341
exog-past,5,2,42433,68.88944496922856,60.41153739896723,76.91227263185635,42.32561487199802
exog-past,5,2,42457,77.20244725116694,68.76845369481944,90.94797251165332,59.10616233381128
exog-past,5,2,42481,81.69111437554238,74.13027061769556,102.0900351564312,68.99713762510505
exog-past,5,2,42505,85.16363955433674,76.51438496813006,97.90067007462552,72.64853335167213
exog-past,5,2,42529,76.90352217872906,67.55526470628848,94.77073360957164,59.68754787472402
exog-past,5,2,42553,65.72458531535293,56.559810857559135,89.29451399800908,21.88022484607699
exog-past,5,2,42577,84.80169448480763,68.71340422514875,98.14645217632048,6.220673405205996
exog-past,5,2,42601,84.85377076673748,74.61396598706011,111.4068584731655,25.64712540438339
exog-past,5,2,42625,83.79870425347681,68.5028079813963,96.004766845489,13.609196477478164
exog-past,5,2,42649,113.6741388136532,81.6118925225451,80.96057551007738,-38.47796040956509
exog-past,5,2,42673,155.45749470524527,117.6060916976486,91.50199661249847,-91.2773390503859
exog-past,5,2,42697,170.1555038751397,134.84185848969676,101.46547834764928,-112.27503074638322
exog-past,5,2,42721,165.36584181972796,123.5190585847431,96.8308128047874,-92.0159294439798
exog-past,5,2,42745,141.47707216336525,106.2673251669938,81.55929966563907,-79.68361820708338
exog-past,5,2,42769,144.1444390227068,108.28904767379063,75.51147140518864,-92.42933406094087
exog-past,5,2,42793,172.76176102541663,135.51362530680487,95.99291959197753,-109.94303050573836
exog-past,5,2,42817,159.72262587911655,125.09048852756533,87.50601577196755,-98.8213369254452
exog-past,5,2,42841,132.16001699276657,104.5967148990743,84.72023757950522,-30.585925887502786
exog-past,5,2,42865,110.01824155554546,86.80342059846255,73.58659269106559,-5.9034587576795134
exog-past,5,2,42889,130.95868109747025,100.69205523083312,70.2295120374835,-56.95263069955352
exog-past,5,2,42913,129.67978639608538,105.84102800890057,78.33753108510211,-44.68625614466588
exog-past,5,2,42937,134.3594375740689,114.77866199710748,92.97871295443365,-29.10928534925105
exog-past,5,2,42961,128.00800369088932,112.55051157868428,98.59564286377896,-4.931885450830096
exog-past,5,2,42985,117.36972897817282,106.33202935990178,110.01620180758223,38.20205608310329
exog-past,5,2,43009,122.53071243907648,113.97334692803356,119.56760216142536,51.395017461363416
exog-past,5,2,43033,123.39749205848396,116.50130877150042,129.02652851084082,61.70014203119341
exog-past,5,2,43057,117.61899898808416,111.19340806828096,132.0319680862631,105.13281091420431
exog-past,5,2,43081,116.4327495605376,109.74166148857582,131.92186638115584,109.56889338994463
exog-past,5,2,43105,111.3619519688178,102.95197341669774,121.55472054317782,102.62819853849102
exog-past,5,2,43129,128.50815982957806,117.1605622323054,117.63616290009251,68.91789596985565
exog-past,5,2,43153,125.74118890007766,108.89046567252258,107.76851725259706,32.20336481662022
exog-past,5,2,43177,117.33781589028251,93.28531077135555,98.1525586004726,6.147188568792379
exog-past,5,2,43201,116.46425090481266,94.3526595203204,101.84993286395505,4.80834152633509
exog-past,5,2,43225,120.15261377968751,98.12252362638276,106.26653142616074,9.714247495469998
exog-past,5,2,43249,120.93524619491996,95.88454148867616,100.4919344212801,1.7908491206242811
exog-past,5,2,43273,120.44493192072908,97.57664570609776,104.69318595379822,-4.14078532780774
exog-past,5,2,43297,99.52840944849156,86.9487298067281,115.44827542314631,45.83244127099168
exog-past,5,2,43321,82.90108058796052,71.73246946269514,107.19052650544812,44.64725835282517
exog-past,5,2,43345,86.58466222085605,75.04686492064634,100.58351596156112,18.636696188341688
exog-past,5,2,43369,84.26537662179283,72.16507378551235,94.36779232686509,13.770277570659644
exog-past,5,2,43393,91.02541759672113,74.73313149091416,108.2565756388088,-10.340970929118445
exog-past,5,2,43417,80.76237700289497,71.37485883229881,113.0007044496101,14.34062831608871
exog-past,5,2,43441,81.1679099931858,70.45396840476526,107.16444327577804,8.677943895655366
exog-past,5,2,43465,81.32077095706342,67.8467478184614,95.14050094440483,-8.612790642386715
exog-past,5,2,43489,72.70968767405128,60.97272749389545,97.0044074150514,4.798940743900904
exog-past,6,2,41641,102.32039057870313,67.69330945145248,64.04875630361754,-38.00157533395571
exog-past,6,2,41665,147.84617707706073,103.23915794878005,75.10274312854838,-77.89551364299463
exog-past,6,2,41689,174.3154522334839,131.80849388372786,85.82031343632792,-104.06300989314514
exog-past,6,2,41713,177.0907699487136,141.1745572284145,89.96067859059428,-112.53338479673609
exog-past,6,2,41737,193.6502396173439,157.03106202351188,110.7982484138156,-126.98443325418764
exog-past,6,2,41761,194.02862439197145,159.826563165605,120.18522357726758,-122.5524226149519
exog-past,6,2,41785,191.3797804475333,154.3563118548985,122.17726751963848,-112.38332191911528
exog-past,6,2,41809,156.4330085463924,131.3904192541279,117.62897862687484,-46.83889655909967
exog-past,6,2,41833,124.5210265750275,111.6376894486388,116.80576890953904,21.770050806406044
exog-past,6,2,41857,94.18624132501536,83.42301387925768,105.75348331678724,48.61257629264996
exog-past,6,2,41881,97.30574347623856,87.08029976526113,104.04998576506586,60.24548389885531
exog-past,6,2,41905,110.50479691728148,90.50439575973532,88.50125232661689,14.698934479999902
exog-past,6,2,41929,110.26917613453315,87.83431285298333,72.9480468821903,-19.33543218277304
exog-past,6,2,41953,108.5218461380905,87.88623251130512,72.69888576932539,-14.91132803518785
exog-past,6,2,41977,103.45556197431,80.3667444417955,61.0287975129148,-20.79896227021101
exog-past,6,2,42001,99.79860216302438,74.43844872561638,50.33412357356314,-33.04830368751324
exog-past,6,2,42025,118.71712723163436,92.3556436754414,58.30163887549885,-56.79720537045131
exog-past,6,2,42049,137.6387363903915,107.53713311128504,60.88355508141815,-74.19826909007787
exog-past,6,2,42073,127.93850903772864,103.07970649862528,69.6860737706759,-31.48996481365165
exog-past,6,2,42097,130.30694871508578,112.62284514127008,84.26197420756678,9.168531311545424
exog-past,6,2,42121,128.03974180197346,108.15858073611624,79.50798113057415,-0.0372619406794109
exog-past,6,2,42145,127.85153060978864,103.24108919539644,76.32534236948749,-17.35200652367641
exog-past,6,2,42169,134.297164034635,108.08357656451209,80.19386489776815,-35.99218230043658
exog-past,6,2,42193,119.81018718215796,94.91604084951766,74.2143999362499,-31.27962002188325
exog-past,6,2,42217,91.11440891214887,79.06984779086785,79.2370704036869,22.594468840775043
exog-past,6,2,42241,86.08578352638874,74.81038916710519,82.91875905513804,38.5997184964258
exog-past,6,2,42265,88.31606095076906,78.47536949799057,86.357170907662,37.393319588661306
exog-past,6,2,42289,82.70108794042127,70.45473064785749,78.88170893779906,33.81851088773921
exog-past,6,2,42313,93.44045147275074,83.56651222338539,93.853043592042,39.898516646154505
exog-past,6,2,42337,107.4072066674998,95.41548488374949,111.35818094689196,73.72481605744522
exog-past,6,2,42361,115.0580913010636,106.48656478906643,123.28208848839748,97.71928244762609
exog-past,6,2,42385,103.35558149824038,94.64501080574225,111.52184830377357,87.10188017956928
exog-past,6,2,42409,79.40178818987361,72.34172084481698,91.37153666668374,58.393596309225664
exog-past,6,2,42433,68.70961652948486,60.19491764466834,76.7767358407767,41.96606484145967
exog-past,6,2,42457,76.82120940101007,68.42741563504157,90.76730141650816,58.12201456083934
exog-past,6,2,42481,81.50416460549344,73.89677629939499,101.93979044970416,68.71305048833918
exog-past,6,2,42505,86.80610273835092,78.29024039827787,98.9510829996782,74.71491402573486
exog-past,6,2,42529,76.97108146524948,67.69135522233807,94.91024614968649,59.73314705220117
exog-past,6,2,42553,64.91528599011959,55.39069254153864,87.49728458163408,21.069731450881815
exog-past,6,2,42577,84.95548650730076,68.69190377888539,98.01530233557952,5.974908385453889
exog-past,6,2,42601,84.96029328720935,74.74786002429335,111.50807640087872,25.80876615480613
exog-past,6,2,42625,83.92310263564961,68.4641228418858,95.8525621103344,13.400192355973624
exog-past,6,2,42649,113.465415859434,81.42907924049011,80.7443661807924,-38.47708946446736
exog-past,6,2,42673,155.39386951866422,117.618492715174,91.5745671162777,-91.21482492702486
exog-past,6,2,42697,170.00638206557574,134.7946595184246,101.51055624347724,-112.00785369448906
exog-past,6,2,42721,165.02580468103756,123.34312528574117,96.70096546873818,-91.79174643178328
exog-past,6,2,42745,141.17218732807615,106.07589014288098,81.3971649187865,-79.23320314728842
exog-past,6,2,42769,143.58325224559772,107.91280578214769,75.2235114185002,-91.9173699064764
exog-past,6,2,42793,172.89256495643016,135.6574183903445,96.13524495192414,-109.66987873815312
exog-past,6,2,42817,159.70285380157708,125.06463008554006,87.46120018413916,-98.83270148890568
exog-past,6,2,42841,132.15080161701306,104.67325705560248,84.73988498352996,-30.224356637625814
exog-past,6,2,42865,110.05704882098674,86.95951749058537,73.65128959248624,-5.327223719393915
exog-past,6,2,42889,131.0652183249283,100.79720559205911,70.30064736725964,-56.83978899745055
exog-past,6,2,42913,129.4894343051369,105.74011241207953,78.26051447186241,-44.49286618265912
exog-past,6,2,42937,132.51998270399488,112.24883683493536,91.54682395392652,-31.391131393066573
exog-past,6,2,42961,127.53841483968122,111.05432205196158,98.11866876111806,-8.291013015042479
exog-past,6,2,42985,116.36419159335983,105.29662540081154,109.95832578257864,36.69094225710191
exog-past,6,2,43009,122.6405355063007,113.99195405179064,119.5880759789646,51.14856534832292
exog-past,6,2,43033,124.33982735043824,117.56345123546578,129.36311301962593,63.11088743482816
exog-past,6,2,43057,117.19328324512756,110.7487016277388,131.90180567479618,104.67287261572764
exog-past,6,2,43081,116.23818998868695,109.52840879869424,131.84387825721006,109.36085925852451
exog-past,6,2,43105,111.207318459459,102.82255454395911,121.51708340765536,102.5196314461147
exog-past,6,2,43129,128.1580740889053,116.8536885985374,117.66802906843272,68.53043452616978
exog-past,6,2,43153,126.0444105503988,109.04123534912348,107.84123992324244,31.996101822019927
exog-past,6,2,43177,116.98418503962556,92.7647795767008,97.72321431578096,6.620606944026092
exog-past,6,2,43201,116.5805590081526,94.51046691291226,101.88321700754516,5.0760277352152885
exog-past,6,2,43225,120.93311697703636,98.02012153734287,106.25900930220322,8.244950696215856
exog-past,6,2,43249,117.82967912394888,92.28524550049003,98.38000673481936,-0.3119391015202111
exog-past,6,2,43273,120.3572239278496,97.63510934086808,104.72774858884377,-3.7809123314113218
exog-past,6,2,43297,101.37620472115132,88.9289991284699,116.38734344859316,47.82913016699106
exog-past,6,2,43321,86.44269355911321,75.91859521793127,109.67826262218412,51.051696559957215
exog-past,6,2,43345,86.92241492275541,75.3976263584368,100.79683610373786,18.92206823642772
exog-past,6,2,43369,84.4125608981989,72.36467833145144,94.48561461464703,14.09696648699478
exog-past,6,2,43393,91.14230334833428,74.7560189550452,108.32583690560026,-10.495903126925484
exog-past,6,2,43417,80.98743381378706,71.7607453537558,113.23096401985153,14.846045960290423
exog-past,6,2,43441,81.50650141904923,70.65107672702848,107.22160681740522,8.805784159905816
exog-past,6,2,43465,87.20738134762013,73.51147696263078,96.78181432352004,-0.1543178764123083
exog-past,6,2,43489,72.4709305585634,60.76285205676744,96.85349323803564,4.643318393677374
exog-past,7,2,41641,104.370288763548,70.48104488719639,66.58312099890583,-35.92604896810625
exog-past,7,2,41665,147.72221704201792,103.117384495083,75.07337896719363,-77.99149316470091
exog-past,7,2,41689,174.25819260488447,131.69624562265858,85.73473581801646,-104.18480897871792
exog-past,7,2,41713,177.12494072618023,141.1613196953935,89.94009042558388,-112.63226212175412
exog-past,7,2,41737,193.0010832091098,157.4713258311372,111.1595906482498,-125.19871859595068
exog-past,7,2,41761,194.17374110758263,159.88655012714904,120.25399625253696,-122.68384787419552
exog-past,7,2,41785,191.97878486993736,154.82277614102182,122.76372899023336,-112.9243226952616
exog-past,7,2,41809,156.51925096244244,131.4095043562136,117.62759811940929,-47.00928792356277
exog-past,7,2,41833,124.58715692638948,111.67687279468916,116.8281131441351,21.74934939242628
exog-past,7,2,41857,94.1130283212672,83.33488107676256,105.73314351289196,48.46012421088754
exog-past,7,2,41881,97.27733701522358,87.06542359705949,104.0485017858627,60.26110390230147
exog-past,7,2,41905,109.59393205211649,89.52596601994121,88.17667160185803,12.78891698197058
exog-past,7,2,41929,110.38045855088868,87.91003007777552,73.01983453085758,-19.462334150420453
exog-past,7,2,41953,108.56080944662703,87.87963002237741,72.70318555442525,-15.024439592540784
exog-past,7,2,41977,102.70923942332227,78.91983761545386,59.973080995718696,-21.37093545606957
exog-past,7,2,42001,101.18840319824716,76.32411078025602,51.69548404676949,-33.08520988341258
exog-past,7,2,42025,118.7806932374054,92.44014603630588,58.36415736447778,-56.813544187501726
exog-past,7,2,42049,137.67535815240635,107.55612749799823,60.89898013229573,-74.24306126499273
exog-past,7,2,42073,128.0019448416177,103.09737845547208,69.69632206163475,-31.565442309344192
exog-past,7,2,42097,130.32402949599643,112.63313926830445,84.28173870525345,9.025982605381794
exog-past,7,2,42121,128.0287885598119,108.11870910612268,79.49696639657772,-0.170239738239345
exog-past,7,2,42145,127.15793306827292,103.49071283250927,75.86303401910824,-13.075189291241909
exog-past,7,2,42169,134.32534986640496,108.07963317944454,80.2009229933495,-36.06128649731656
exog-past,7,2,42193,119.8001604285401,94.9226148044728,74.2195187779284,-31.27413965652121
exog-past,7,2,42217,89.89182788491573,77.90555397911095,78.96681660980258,19.16167428379037
exog-past,7,2,42241,86.04242543102119,74.77376728128328,82.91384145055565,38.44415618382728
exog-past,7,2,42265,88.16911674478537,78.34750616902744,86.3206316509392,37.11989242600157
exog-past,7,2,42289,83.42066421332686,71.46198325002493,79.46716482886673,32.5680965222056
exog-past,7,2,42313,93.3907427898382,83.5462097980256,93.8761068098222,39.67073687851558
exog-past,7,2,42337,107.23112739229582,95.25700650848204,111.30617201956858,73.4238215113024
exog-past,7,2,42361,114.91084865357897,106.34669519532916,123.23813613035132,97.504022898158
exog-past,7,2,42385,103.31138076423989,94.57556168869142,111.4786154579909,87.01911929545088
exog-past,7,2,42409,79.20350072273803,72.13425525404223,91.26090795979628,58.10208965183996
exog-past,7,2,42433,68.53898899336242,59.99521556044762,76.63904413841716,41.72185507527338
exog-past,7,2,42457,76.60309525428644,68.18032526146108,90.61400469037967,57.81673949940161
exog-past,7,2,42481,81.31139393397675,73.68874120193443,101.82511414615706,68.48374208294025
exog-past,7,2,42505,86.80715702090643,78.30076376710852,98.96668190816764,74.7467850597902
exog-past,7,2,42529,76.81481787315876,67.57763849928153,94.87368845091936,59.595894856608645
exog-past,7,2,42553,65.36157564276498,57.19388238495156,89.19250289510275,26.1292422191831
exog-past,7,2,42577,84.98108136393165,68.63772098912597,97.94422286523772,5.809231607479582
exog-past,7,2,42601,84.94666551353302,74.69177710452747,111.47362220022217,25.715451753841588
exog-past,7,2,42625,83.96233126086442,69.02913223784824,96.66480149009912,14.842935116372846
exog-past,7,2,42649,113.51437345769868,81.36347157136198,80.63729379532936,-38.6672262355656
exog-past,7,2,42673,155.57362270557294,117.712259352272,91.68359928728536,-91.41310936477495
exog-past,7,2,42697,170.16086725560422,134.8697458209581,101.59700529157368,-112.14310311827732
exog-past,7,2,42721,165.0782756453393,123.33920341594492,96.69390527058242,-91.9537440049493
exog-past,7,2,42745,141.2753303136474,106.09963434574948,81.38277489744709,-79.23309337050667
exog-past,7,2,42769,143.5420745773133,107.8448762328104,75.14468908396252,-91.93198707048734
exog-past,7,2,42793,173.06553378128825,135.76891019006035,96.23925358102674,-109.82369400635274
exog-past,7,2,42817,159.17042526270683,123.01724521862252,85.87819649197431,-96.06042959777116
exog-past,7,2,42841,132.0969246108478,104.5959188400011,84.73108352272459,-30.43877830602256
exog-past,7,2,42865,102.47268469776144,80.48494342749733,69.2060333067762,-2.977575448782226
exog-past,7,2,42889,131.27178606738536,101.05797192589095,70.51397666144332,-57.031466251236864
exog-past,7,2,42913,129.4349064621015,105.67425036422598,78.21978661580758,-44.57661783667032
exog-past,7,2,42937,134.23098699238037,113.71244476458564,92.79613146026568,-35.41787731943671
exog-past,7,2,42961,127.45531307867256,110.83642544661828,98.05518451230544,-8.849243595694682
exog-past,7,2,42985,116.87893729279968,106.7621785214016,110.4452399655899,38.105913741838734
exog-past,7,2,43009,122.63673104944093,113.93834888464944,119.57642854120716,50.97389334433131
exog-past,7,2,43033,124.46586904834405,117.57229094288483,129.41405084893444,62.98446525931994
exog-past,7,2,43057,116.6318926103508,110.3432059183072,131.88163606322266,104.07802652194012
exog-past,7,2,43081,116.38415362129425,109.67822497548146,131.8720768081499,109.52468526400352
exog-past,7,2,43105,111.08753794356242,102.70963257303836,121.4853797283951,102.39862329522772
exog-past,7,2,43129,128.19115760612172,116.84506488663162,117.68578023760672,68.38229603167966
exog-past,7,2,43153,126.14135676539584,109.04016838527488,107.8474955192546,31.823952330527163
exog-past,7,2,43177,117.0946008484116,92.73450046599362,97.70531754382591,6.468003323115984
exog-past,7,2,43201,116.5923611604618,94.5046776233187,101.86099130106604,5.1035277065670615
exog-past,7,2,43225,120.60213799412456,97.06223337357656,105.96174737800166,6.572419571308566
exog-past,7,2,43249,117.8756498607861,92.28208268206926,98.37788879579864,-0.3079690986591383
exog-past,7,2,43273,120.29907846375096,97.61248547802968,104.71110977682793,-3.700068010919544
exog-past,7,2,43297,101.3408780396976,88.86437770911935,116.33187256770844,47.76469821878391
exog-past,7,2,43321,82.34778695419415,71.16566733731534,106.75635771844787,44.42856630560116
exog-past,7,2,43345,86.88120864139276,75.34077363860463,100.77218910977312,18.837453664796872
exog-past,7,2,43369,84.23274848341966,72.17970577496689,94.46027346685156,12.892561471563646
exog-past,7,2,43393,91.18759884699692,74.74130955603638,108.36590176750032,-10.662510062711435
exog-past,7,2,43417,81.1023808640483,71.88497308887251,113.33094029069863,14.869642140318955
exog-past,7,2,43441,81.61711134549135,70.67048840544905,107.20514542932844,8.738112038483337
exog-past,7,2,43465,87.29298142728997,73.57295872666624,96.84484284220316,-0.2123151365203739
exog-past,7,2,43489,72.32894207057852,60.65640269003957,96.83105570240863,4.442987975678005
exog-past,8,2,41641,104.37556887403092,70.54399504867632,66.65738747727423,-35.86352804071957
exog-past,8,2,41665,147.85181797447245,103.61112612803896,75.72872997254798,-79.52170182176943
exog-past,8,2,41689,174.17259395501722,131.6068221533492,85.65761950520545,-104.137033047738
exog-past,8,2,41713,177.02913052331505,141.06582673606053,89.86176171927666,-112.5316869349274
exog-past,8,2,41737,192.9734391509112,157.43651996818272,111.11026111740598,-125.14252951509764
exog-past,8,2,41761,194.1814089658432,159.88066816688848,120.23761546544624,-122.64197334021316
exog-past,8,2,41785,191.9428933490898,154.76493597578792,122.7141143548132,-112.92342998642545
exog-past,8,2,41809,156.5460320867685,131.4502500778934,117.63075558502344,-46.97949437738461
exog-past,8,2,41833,124.669481576666,111.77284027070586,116.85657389152308,21.87404350841693
exog-past,8,2,41857,94.11498104969296,83.33209365848022,105.73575595389048,48.44634901274855
exog-past,8,2,41881,97.5662757055973,87.30420388053884,104.08628904532507,60.59100726058932
exog-past,8,2,41905,109.6326412678798,89.5600038747748,88.19340562992018,12.822581014929316
exog-past,8,2,41929,110.44208456880042,87.95831757189777,73.05177573884392,-19.47278650335161
exog-past,8,2,41953,108.58713637258228,87.90011929904249,72.71407984538806,-15.012426108303858
exog-past,8,2,41977,102.70190423336096,78.91647470540795,59.97151053422402,-21.372092581705772
exog-past,8,2,42001,101.21857558156614,76.37572684625798,51.73050857899823,-33.04199437794794
exog-past,8,2,42025,118.79223472822466,92.46993076090476,58.385998795834816,-56.79017812983724
exog-past,8,2,42049,137.65972381656684,107.52587375479769,60.87877394783333,-74.22167283922181
exog-past,8,2,42073,128.02161122184944,103.09725782365554,69.69253461725289,-31.56638537154801
exog-past,8,2,42097,130.33746275793823,112.65532959113376,84.29776144398114,9.006009611741867
exog-past,8,2,42121,128.00738838017188,108.09538763341148,79.48968638877817,-0.2042043528951061
exog-past,8,2,42145,127.17059563761627,103.54187758866344,75.88782348774012,-12.991423758847104
exog-past,8,2,42169,134.32630676626914,108.09300737737314,80.20853360175774,-36.01574894864831
exog-past,8,2,42193,119.76660625846569,94.90881638558376,74.2069280294279,-31.210002734284632
exog-past,8,2,42217,89.91739457850308,77.92324539988381,78.96994754227583,19.15067285612768
exog-past,8,2,42241,86.02736722404678,74.75850724518122,82.9091751729096,38.42355670301688
exog-past,8,2,42265,88.13457837290281,78.32349754737119,86.31910043438398,37.0413447702742
exog-past,8,2,42289,83.43248028827922,71.46734246079548,79.47140171001598,32.55517608500521
exog-past,8,2,42313,93.12608177041082,83.44928962482712,93.93726375986896,38.172983280623285
exog-past,8,2,42337,107.21345677303178,95.23539138521888,111.29104378721154,73.35745312905017
exog-past,8,2,42361,114.88341231309732,106.31978278727114,123.22716278141814,97.45535198337627
exog-past,8,2,42385,103.32779372136623,94.577141884388,111.4695545879002,87.02846817377008
exog-past,8,2,42409,79.14304369437708,72.06739588073745,91.22586578399616,57.99893444527929
exog-past,8,2,42433,68.5180963547391,59.955529215422175,76.60997657189489,41.65872719421317
exog-past,8,2,42457,77.51001583132573,68.8550412659215,90.84519762149328,59.98436598716159
exog-past,8,2,42481,81.2693505718825,73.63878070266156,101.79759389729388,68.43121360167204
exog-past,8,2,42505,86.95083092247904,78.43551688860953,99.02862282730467,74.88745814077592
exog-past,8,2,42529,75.73068211036666,67.7769937066286,96.38887314073614,59.16165502604523
exog-past,8,2,42553,65.40664474854881,57.25240600591415,89.24590494834541,26.191918426639536
exog-past,8,2,42577,85.01168411636966,68.64128035920048,97.92675711581428,5.791811449274857
exog-past,8,2,42601,84.97009542447137,74.72221108781824,111.49747746095412,25.75615052118497
exog-past,8,2,42625,83.9850321810034,69.0420562887555,96.6561859645397,14.84028537078107
exog-past,8,2,42649,113.46769359708796,81.33254453175935,80.59133086077456,-38.63517792513674
exog-past,8,2,42673,155.56006071388086,117.73502855993294,91.7161251186727,-91.36282346093851
exog-past,8,2,42697,170.12234198554307,134.8699756257299,101.61069156349778,-112.05315463083014
exog-past,8,2,42721,165.1347629626028,123.4025535340143,96.77180790539846,-91.96071364888007
exog-past,8,2,42745,141.1843484887457,106.04982240799345,81.34408478450177,-79.11568892618031
exog-past,8,2,42769,143.4150764842161,107.76498663757256,75.08831589604571,-91.80506911149136
exog-past,8,2,42793,173.08425590901535,135.805244424418,96.2732460579024,-109.75601554404749
exog-past,8,2,42817,159.17383493895045,122.96845580685442,85.82595971295723,-96.04669546032676
exog-past,8,2,42841,132.08918835105445,104.59701876727634,84.72255260470382,-30.373787664421872
exog-past,8,2,42865,102.4581224949901,80.48667675849488,69.1974123650261,-2.8612218239000824
exog-past,8,2,42889,131.28867908182272,101.08028903258452,70.52826450841853,-57.01379451502895
exog-past,8,2,42913,129.38757419377268,105.6500894600082,78.20262166566022,-44.52501330948486
exog-past,8,2,42937,134.25215213684143,113.7408298436652,92.80885829432674,-35.39881499980495
exog-past,8,2,42961,127.46862760461832,110.852967595306,98.06462890402192,-8.83312929558843
exog-past,8,2,42985,116.8791290452625,106.75763284390511,110.44826710407696,38.06342625717866
exog-past,8,2,43009,122.68026030798087,113.96110711602358,119.5818342795076,50.95297946307242
exog-past,8,2,43033,124.4856209727536,117.5865227859592,129.41959098380417,62.96815875890663
exog-past,8,2,43057,116.5839591935451,110.29208930714428,131.86738231322312,104.02587431541484
exog-past,8,2,43081,116.33778975654404,109.62803340966924,131.85683693946518,109.4735101974547
exog-past,8,2,43105,111.02677387093384,102.6522699657266,121.46987188959928,102.33704639807308
exog-past,8,2,43129,128.24330006981768,116.89570065612996,117.71093045473287,68.39077271461422
exog-past,8,2,43153,126.21819359252048,109.09499705059685,107.87405445841168,31.818503705358346
exog-past,8,2,43177,117.16167576145328,92.77581147240468,97.73231456891467,6.462533943979392
exog-past,8,2,43201,116.61552737435856,94.56034347002834,101.88086648252106,5.210355123087561
exog-past,8,2,43225,120.670953500224,97.12004295349276,105.99853833093093,6.594196053142934
exog-past,8,2,43249,117.91443595227314,92.33805433226247,98.41684524658665,-0.2233292559269286
exog-past,8,2,43273,120.2754000736372,97.66443550704766,104.7468872450424,-3.5552983601203785
exog-past,8,2,43297,101.40315033400414,88.93399500268117,116.36091998219511,47.8279399594388
exog-past,8,2,43321,82.49156591906505,71.31101063550611,106.82241194169006,44.60683445678747
exog-past,8,2,43345,86.94053375374432,75.40741443631279,100.80981133545257,18.91900082841553
exog-past,8,2,43369,84.26229902354885,72.23062211163283,94.4876187994218,12.989521327540563
exog-past,8,2,43393,91.21599369064695,74.75533336051092,108.3750838980074,-10.635062263507177
exog-past,8,2,43417,81.13088521343806,71.96266381305188,113.37785531434577,15.024389780669832
exog-past,8,2,43441,81.67414221400296,70.70633840904955,107.19961517686288,8.813867547100747
exog-past,8,2,43465,87.43737319335533,73.68394643415134,96.87311724294204,-0.0736764810655391
exog-past,8,2,43489,71.57475522260965,59.85313452685153,96.45371253736312,3.2491753671781667
exog-past,9,2,41641,104.37495610201046,70.56882335962982,66.68957491862267,-35.849360260438736
exog-past,9,2,41665,148.96968021028147,103.91486943202014,75.37943247124589,-80.63655766436233
exog-past,9,2,41689,174.13735126903788,131.56733304655165,85.62511085680087,-104.12555905833148
exog-past,9,2,41713,176.9969518039003,141.02817480960888,89.83003234696186,-112.50219555765467
exog-past,9,2,41737,192.9651147717647,157.41835713755992,111.08476050481956,-125.12659984798158
exog-past,9,2,41761,194.19355733328356,159.8843621296542,120.23868963351303,-122.62937615187496
exog-past,9,2,41785,191.9312954317513,154.73229262220892,122.68522764295486,-112.93421160609424
exog-past,9,2,41809,156.57006351207448,131.4686874707287,117.63427257851586,-46.988014367157206
exog-past,9,2,41833,124.69640609180766,111.8047091460782,116.86826265797046,21.91244209369429
exog-past,9,2,41857,94.11366641937605,83.32768817015,105.73639250499537,48.431972639289086
exog-past,9,2,41881,97.56516447726855,87.30371531452612,104.08765173948116,60.58939104311282
exog-past,9,2,41905,109.64793170144311,89.58061402973583,88.20787962551448,12.832108125723805
exog-past,9,2,41929,110.47697831345567,87.98931119673286,73.07432139115244,-19.487311265394755
exog-past,9,2,41953,108.60169192902332,87.91469280239814,72.72385963731341,-15.011714824249456
exog-past,9,2,41977,102.70415872491748,78.91373433488575,59.96989636093743,-21.38576481702734
exog-past,9,2,42001,101.2416707572223,76.41050270431411,51.7551144536253,-33.03373152786818
exog-past,9,2,42025,118.80147653497428,92.48911542180734,58.40042410249382,-56.78473837991659
exog-past,9,2,42049,137.6558864510899,107.51351436844756,60.870259860297374,-74.21631094898103
exog-past,9,2,42073,128.03560836381965,103.10463896901422,69.6959969807715,-31.573689885648587
exog-past,9,2,42097,130.34130587195023,112.66008262146067,84.30345931691107,8.98388302372938
exog-past,9,2,42121,128.0004734586937,108.08195167250167,79.48520374638636,-0.2356193204466957
exog-past,9,2,42145,127.18020409892368,103.56418436543916,75.89941389457884,-12.97446400538336
exog-past,9,2,42169,134.33229665631418,108.0991231816817,80.21299677291145,-36.00920746636767
exog-past,9,2,42193,119.7483713263841,94.90023178638978,74.20001989689743,-31.18376136058332
exog-past,9,2,42217,89.60690630519771,78.12947942416761,79.43133670857945,18.174980409838057
exog-past,9,2,42241,86.0180248611706,74.7503135604173,82.90737602845972,38.4048396176185
exog-past,9,2,42265,88.10761030180306,78.30146868846313,86.31407855869139,36.98932173091053
exog-past,9,2,42289,83.42808350403733,71.46033702168685,79.46879840072026,32.53793090336165
exog-past,9,2,42313,93.1150099238406,83.44477426430373,93.9423810070212,38.114946146499946
exog-past,9,2,42337,107.18514881616116,95.20962264581382,111.28191979664564,73.3019932517056
exog-past,9,2,42361,114.85034758917746,106.28910802137982,123.21767117069552,97.40870452181414
exog-past,9,2,42385,103.31162289595488,94.55798900032394,111.46014668065897,87.00853503029259
exog-past,9,2,42409,79.09700373894768,72.01949107181179,91.20159113906296,57.929244796082855
exog-past,9,2,42433,68.49367192220224,59.927029112927606,76.59164985221977,41.61709352731022
exog-past,9,2,42457,77.47875179849167,68.81887036097683,90.82262427080758,59.943004034043206
exog-past,9,2,42481,81.24241729841704,73.6068286842029,101.77906187724982,68.3966924403793
exog-past,9,2,42505,87.01153517321175,78.49127987207783,99.05271177307404,74.9477825843769
exog-past,9,2,42529,76.86505515223746,67.66064433229838,94.94921176973952,59.65872217982468
exog-past,9,2,42553,65.43134652205953,57.280230763643104,89.26900176376135,26.21418339100165
exog-past,9,2,42577,85.02859798604655,68.63904911286662,97.91809593442508,5.761180307265728
exog-past,9,2,42601,84.9788377718407,74.72700566782318,111.5011427581012,25.75813709193431
exog-past,9,2,42625,83.98841099516504,69.03396441590897,96.64461147435752,14.820983532749857
exog-past,9,2,42649,113.46083912433932,81.31728444397612,80.56426855249708,-38.64130010908897
exog-past,9,2,42673,155.5722344273427,117.75261096920303,91.7349249295434,-91.35978406313004
exog-past,9,2,42697,170.12348580311848,134.87451484064587,101.61546332156996,-112.03130646919192
exog-past,9,2,42721,165.1719312360017,123.43228241809608,96.80106699420747,-91.97548679562604
exog-past,9,2,42745,141.16657547548795,106.04357432670795,81.3375187682378,-79.08887033734696
exog-past,9,2,42769,143.37608122589643,107.7427635170736,75.07624036166611,-91.7697227210768
exog-past,9,2,42793,173.09638169589502,135.82016141478573,96.28551427674684,-109.7339117215932
exog-past,9,2,42817,159.80737337411253,125.08123072738071,87.48379486392986,-99.12269266139074
exog-past,9,2,42841,132.08755147670968,104.60009592712896,84.7224171165445,-30.34827047419779
exog-past,9,2,42865,102.45977703179824,80.49493051666306,69.19831015910506,-2.8098920596885906
exog-past,9,2,42889,131.30802316856662,101.09408307546934,70.5373313721093,-57.022222539142135
exog-past,9,2,42913,129.35910223014056,105.62982834281632,78.18788541976028,-44.49868244684512
exog-past,9,2,42937,134.25732456756035,113.75153618174971,92.81298646201095,-35.38256138712468
exog-past,9,2,42961,127.47395055012346,110.85731174603087,98.06699640167294,-8.830131375899432
exog-past,9,2,42985,116.86864883012582,106.74182098005502,110.44596037977576,38.02195839442194
exog-past,9,2,43009,122.6997420140968,113.97071543782349,119.58772854791955,50.929542657853005
exog-past,9,2,43033,124.47965578541856,117.57473585609742,129.4178718829369,62.93459389019888
exog-past,9,2,43057,116.53615652186204,110.24206385258373,131.8529708973262,103.96901066203228
exog-past,9,2,43081,116.2982733037301,109.58449313174152,131.8422958444968,109.43036733982206
exog-past,9,2,43105,110.97451260873876,102.59556229408516,121.44939050620866,102.27930866493064
exog-past,9,2,43129,128.2669077911268,116.91467696635785,117.72179132832665,68.38199397508136
exog-past,9,2,43153,126.25214832047912,109.11355322267724,107.8823395016308,31.802745572042017
exog-past,9,2,43177,117.12306964209492,92.77314637949128,97.74241775850224,6.467339090797157
exog-past,9,2,43201,116.62812952196536,94.58265306704942,101.88560826084046,5.257492999258344
exog-past,9,2,43225,120.7042033771484,97.137220124696,106.00769229513377,6.589794460778297
exog-past,9,2,43249,117.92200911409144,92.34273924978058,98.41946020195594,-0.2061044297097612
exog-past,9,2,43273,120.25955063657813,97.68041560728936,104.75590602552916,-3.4888596559375227
exog-past,9,2,43297,101.4242946573181,88.95519498894448,116.36588733094553,47.85058413045677
exog-past,9,2,43321,82.550745679741,71.367555375515,106.84327858747376,44.685778055920885
exog-past,9,2,43345,86.96908513789515,75.43576682804219,100.82507916613686,18.94983550679896
exog-past,9,2,43369,84.27558090531817,72.24306684248859,94.493522402869,13.005237888319884
exog-past,9,2,43393,91.2296111941491,74.75894612717927,108.38286528224124,-10.638988261834337
exog-past,9,2,43417,81.15932693428569,72.00656798907468,113.40997747604884,15.072144669460036
exog-past,9,2,43441,81.70937383167261,70.72629904989446,107.1994564306324,8.84563643430495
exog-past,9,2,43465,87.50099069792113,73.72992522775832,96.8883914718192,-0.0252740629151514
exog-past,9,2,43489,71.56013021664667,59.83939566554885,96.44575658293216,3.234807082816662
exog-past,10,2,41641,104.36970406554882,70.58383023151411,66.70790905254051,-35.82402819715763
exog-past,10,2,41665,148.94353226634533,103.89505459470622,75.36666572324877,-80.62207685715964
exog-past,10,2,41689,174.11561912291538,131.5461959334209,85.60674099177676,-104.10884317044916
exog-past,10,2,41713,176.97013098935628,140.99877205959035,89.8056026337113,-112.46886555107116
exog-past,10,2,41737,192.94467292549857,157.40164313305897,111.0631387413218,-125.0923209740067
exog-past,10,2,41761,194.1887509018728,159.88229314829985,120.232864133626,-122.6001023145876
exog-past,10,2,41785,191.9210480306496,154.71691065828549,122.67202869281893,-112.9295249423487
exog-past,10,2,41809,156.5776326499526,131.4784565706804,117.63423839906412,-46.9817681662714
exog-past,10,2,41833,124.71104610821784,111.82480876853889,116.87536824300018,21.94251778132823
exog-past,10,2,41857,94.11865108466648,83.3318337140897,105.74003158808512,48.43567573272725
exog-past,10,2,41881,97.57670451560509,87.3144481074097,104.09053859625168,60.60723670834419
exog-past,10,2,41905,109.65916463547087,89.59386647873941,88.21385447552859,12.850098617513169
exog-past,10,2,41929,110.49114395949272,88.00242144497977,73.0826795430199,-19.482235889632378
exog-past,10,2,41953,108.60518923606718,87.91903833062513,72.7265394577925,-15.004628388811105
exog-past,10,2,41977,102.70434647076377,78.9151741625197,59.971127745246,-21.38311742292909
exog-past,10,2,42001,101.24488622182206,76.42381305611258,51.763763899172375,-33.00680227969761
exog-past,10,2,42025,118.79320091860464,92.49057743855558,58.40142198981437,-56.76197426483928
exog-past,10,2,42049,137.64286169126433,107.49925980950846,60.86043993893038,-74.19794211520164
exog-past,10,2,42073,128.03860057153184,103.10629428528834,69.69571492584758,-31.56765920918227
exog-past,10,2,42097,130.34602377054594,112.66582610165464,84.30763704573788,8.975781132685581
exog-past,10,2,42121,127.99729109881667,108.07821483721855,79.4838237193934,-0.242611847212177
exog-past,10,2,42145,127.1808328198427,103.5767264358028,75.90609519291472,-12.954852138932395
exog-past,10,2,42169,134.3317273961337,108.1018100413152,80.21361861727124,-35.983920332912305
exog-past,10,2,42193,121.497200958599,96.48971104109732,75.32522501718937,-32.4139811673231
exog-past,10,2,42217,89.6137151237441,78.13367224246952,79.43252173241265,18.16998156395913
exog-past,10,2,42241,86.0239923363061,74.7549360599947,82.90917860244215,38.41299453354922
exog-past,10,2,42265,88.09645005638774,78.29323755869923,86.31223270418698,36.97240045110095
exog-past,10,2,42289,83.43277359089436,71.4600323730788,79.46719380507061,32.543253714682145
exog-past,10,2,42313,93.11270655356664,83.44329648479672,93.94324397419012,38.09602533390446
exog-past,10,2,42337,107.17348464694682,95.1981852794778,111.27724518312266,73.2778140742165
exog-past,10,2,42361,114.83683883417902,106.27638455306888,123.21369443153584,97.3893140227372
exog-past,10,2,42385,103.9378987595302,95.17752217726832,111.7036503682749,87.81065844430493
exog-past,10,2,42409,79.08109481059354,72.00414545168174,91.19411489650852,57.905161622342
exog-past,10,2,42433,68.49115421939014,59.92439199443862,76.58998348293092,41.61050029627017
exog-past,10,2,42457,77.47532499500788,68.81342170499809,90.81850110673535,59.93504628080634
exog-past,10,2,42481,81.24327215858207,73.60670134575989,101.77846296158104,68.39544142594761
exog-past,10,2,42505,87.06610149087793,78.54553128052528,99.07960735988192,75.00738056158406
exog-past,10,2,42529,76.87664263812995,67.67897758955108,94.96459271170812,59.67536063638452
exog-past,10,2,42553,65.45386777363916,57.31042352305561,89.2928853746508,26.25688995614367
exog-past,10,2,42577,85.03780316455183,68.64753780272986,97.91635717507612,5.774860307684042
exog-past,10,2,42601,85.002509637665,74.7585976056367,111.52241507340408,25.79589071799615
exog-past,10,2,42625,83.99907083849997,69.04587799049335,96.64811392466017,14.839690351483782
exog-past,10,2,42649,113.44987175289222,81.31455584881117,80.55681935963878,-38.619116822850565
exog-past,10,2,42673,155.5665690902914,117.75997491268092,91.74215841466092,-91.3308353809452
exog-past,10,2,42697,170.1056676469827,134.8680967382289,101.60845788018791,-111.98843262400857
exog-past,10,2,42721,165.17937562687587,123.44663880187284,96.81470822561542,-91.94878118085028
exog-past,10,2,42745,141.1307564723968,106.02157732725738,81.31784234859926,-79.03218176786338
exog-past,10,2,42769,143.32816882498275,107.71311325993844,75.05384385952499,-91.7213739082327
exog-past,10,2,42793,173.10138710171472,135.8249495445823,96.28705050035953,-109.70284370170472
exog-past,10,2,42817,159.7971511536769,125.0731135864144,87.47337414973477,-99.1048849162286
exog-past,10,2,42841,132.08739920084437,104.6063554150464,84.72474417627683,-30.322748835417062
exog-past,10,2,42865,102.46691669629816,80.51361324600562,69.20669473614888,-2.747249130934235
exog-past,10,2,42889,131.31196009943503,101.10362847444316,70.54295700684906,-56.99419970833552
exog-past,10,2,42913,129.34059681641713,105.62038251955512,78.18009355141268,-44.4646679787377
exog-past,10,2,42937,134.25993738551955,113.76260179743342,92.81623373716032,-35.35501950631438
exog-past,10,2,42961,127.47418720554626,110.86458180667648,98.0711313284652,-8.810616637262315
exog-past,10,2,42985,116.86811282350725,106.74025577985049,110.4465391245278,38.01291340141955
exog-past,10,2,43009,122.708969038836,113.97555256932615,119.58987052039258,50.92151616169454
exog-past,10,2,43033,124.47950395032116,117.57282595437316,129.41803717655742,62.92362265626957
exog-past,10,2,43057,116.51670000545415,110.22157488998116,131.84688100952766,103.9480772413133
exog-past,10,2,43081,115.97999352376875,109.15056683803732,131.63568457298436,108.99056782819898
exog-past,10,2,43105,112.89544338473917,104.62086643199828,122.2523974807176,104.1960086265203
exog-past,10,2,43129,128.27985518732453,116.9254901791273,117.72613749226986,68.3832442301973
exog-past,10,2,43153,126.27435090927573,109.1288413514741,107.88808453823944,31.803660235439445
exog-past,10,2,43177,117.1404988532067,92.78259056187514,97.74695059210984,6.472005256993079
exog-past,10,2,43201,116.6363639361948,94.59960506237351,101.8911693096891,5.291566860963793
exog-past,10,2,43225,120.72361368769954,97.15586929506549,106.01802847901229,6.604790594904363
exog-past,10,2,43249,117.93261082657838,92.35985859074135,98.42945605408856,-0.177258812710826
exog-past,10,2,43273,120.25206167719492,97.69381576755508,104.76380901307718,-3.4447415551270497
exog-past,10,2,43297,101.44370086160946,88.97917005759089,116.37498696905506,47.87776969539685
exog-past,10,2,43321,82.57857656575277,71.39689915184502,106.8558680142964,44.72857335913346
exog-past,10,2,43345,86.97810678602879,75.44501401271441,100.82931506443762,18.963749151852262
exog-past,10,2,43369,84.27941389120299,72.24993171973013,94.49544048508442,13.02336179009661
exog-past,10,2,43393,91.23270160091823,74.75773659683028,108.37976942998142,-10.62936456687223
exog-past,10,2,43417,81.17511881070125,72.03391723326955,113.42880279585326,15.110302053718115
exog-past,10,2,43441,81.72775358660896,70.73786472170782,107.19844539618866,8.869765319052402
exog-past,10,2,43465,87.52476200248026,73.74504093224903,96.8874121714338,0.0068272684251567
exog-past,10,2,43489,71.54478696580016,59.82334474743603,96.42913604271632,3.2409377991323307
exog-future,1,0,41641,87.41480094319574,59.09165669784517,51.16700026584071,-11.93529598315364
exog-future,1,0,41665,120.3708165432582,84.3264478080445,55.16758725864014,-48.84944190300892
exog-future,1,0,41689,136.33824689214438,102.2371134066492,59.12921674466103,-78.95588702777195
exog-future,1,0,41713,145.28609857766386,113.36835065565948,67.31321525197271,-102.27713014095605
exog-future,1,0,41737,148.36239846232604,111.76005888845296,83.95561538666728,-105.43558316086886
exog-future,1,0,41761,137.93988881608374,105.42421658513636,99.02744640437577,-100.2910773198178
exog-future,1,0,41785,130.6117589740491,96.12714016074575,95.33729029317072,-89.34871349348927
exog-future,1,0,41809,91.29220219495896,63.92037380070871,76.59031490360823,-45.74507112883623
exog-future,1,0,41833,67.20486796186972,51.55118085256791,83.75308214756608,3.4544957974820845
exog-future,1,0,41857,55.62312730301386,47.75833281700552,81.83930406279985,38.259669757869815
exog-future,1,0,41881,64.94802995754462,58.45073931125777,92.2603078798588,38.69311295759304
exog-future,1,0,41905,79.08468195268276,61.184348060468416,70.97466313095053,7.113983066714181
exog-future,1,0,41929,76.78063602833288,57.78957558830185,49.6542485776949,2.705972064462869
exog-future,1,0,41953,79.636949101293,62.20532786899807,50.59791756256845,8.573784963203773
exog-future,1,0,41977,82.04503749763587,68.03766846318887,51.633380739485865,15.768082882428798
exog-future,1,0,42001,79.49193153617948,66.7078599333965,44.91465622986637,17.807638423347043
exog-future,1,0,42025,85.77798374087803,72.81904465716119,45.44669437580565,6.512926972817819
exog-future,1,0,42049,110.5673591012223,93.88328255612238,52.36079099693824,-5.48723361842522
exog-future,1,0,42073,108.15548343521958,90.1809900018937,67.9701059242281,9.876925872241724
exog-future,1,0,42097,108.51456594077072,93.1133694778866,77.4807690871691,22.86332073935185
exog-future,1,0,42121,94.82162899842189,84.37428533662184,65.35238812905015,31.515513928393915
exog-future,1,0,42145,85.19461431188893,70.05500257838688,60.51149290040545,5.273217976992282
exog-future,1,0,42169,82.25759028528064,56.65381512138234,54.45943331581032,-24.03455392460025
exog-future,1,0,42193,75.08335764988263,48.13247150348214,51.21081232460125,-15.90770235915943
exog-future,1,0,42217,56.67526513845952,43.18430705341456,63.196662854572175,28.554963679080725
exog-future,1,0,42241,55.83487115206122,44.73245026994758,62.18559168075486,43.03998313285175
exog-future,1,0,42265,62.85539067627016,52.04545560791824,66.96416396876572,51.04740801529843
exog-future,1,0,42289,65.90169940850618,55.43409117541761,69.33043358159291,54.07819118387358
exog-future,1,0,42313,77.35285417092891,67.60557886475215,86.79551694484698,59.75887446190983
exog-future,1,0,42337,97.36928062323484,81.92845706560837,102.2148573470136,80.46722812057591
exog-future,1,0,42361,109.37202150334808,96.86971328213126,121.76840313425949,96.50070221976338
exog-future,1,0,42385,107.41428956005922,96.63188905306016,115.47534507122316,96.37390302391312
exog-future,1,0,42409,81.730892733397,74.34064729391385,94.48208127480866,73.33665734175386
exog-future,1,0,42433,65.63927110722264,54.8163626753838,73.40975799276237,52.79746315142477
exog-future,1,0,42457,60.430730136746014,53.76306552658651,82.64215814011452,49.40147774660498
exog-future,1,0,42481,68.58202783517869,59.79327322549692,93.84932454416229,59.0584050661838
exog-future,1,0,42505,59.92892679655679,51.9818383947635,85.72880172719263,50.45889743346118
exog-future,1,0,42529,37.77629614115996,31.175148608186333,71.191719065527,27.383047141696807
exog-future,1,0,42553,51.8624240139783,30.056451449402385,75.95275407855104,-7.859023368359573
exog-future,1,0,42577,57.426195341635896,36.37666312678135,85.93572507923385,-15.736953515742076
exog-future,1,0,42601,58.65525592243158,35.243917540161995,81.46647565224951,-15.281144275905328
exog-future,1,0,42625,55.58762616640785,31.859078468726054,67.16273505292524,-17.373315819831863
exog-future,1,0,42649,83.61419470055012,53.24423975915205,57.53419087592368,-45.60303025098776
exog-future,1,0,42673,112.05940275745428,81.63756630062268,70.6823235088236,-80.55037183526032
exog-future,1,0,42697,127.86641255952316,99.33272177423358,89.34558970237705,-97.9238100854103
exog-future,1,0,42721,113.86878764950131,81.04291165326538,70.03686319839944,-79.32892226184613
exog-future,1,0,42745,101.6288891986966,69.60630118068073,49.91061465308712,-62.17015946297895
exog-future,1,0,42769,105.4058283548024,75.2182565999536,46.861319652074485,-64.61211653808304
exog-future,1,0,42793,111.76572307490372,81.37447210176056,46.99564876323204,-69.94735049473267
exog-future,1,0,42817,102.43139036873475,71.61067296648243,42.723540890316464,-56.84330867225582
exog-future,1,0,42841,85.00507645172803,55.51645592599984,51.69143176034772,-19.38962421615199
exog-future,1,0,42865,77.96318359260569,52.96687116277485,51.81555609451232,-2.56033467667268
exog-future,1,0,42889,92.07034701264136,62.63816079210848,47.3627520418843,-27.150367254824708
exog-future,1,0,42913,90.89531458640607,65.585505642151,60.85697958027012,-30.152852954297675
exog-future,1,0,42937,85.95580712600207,57.22655586080987,69.85568440061274,-34.80260590956135
exog-future,1,0,42961,78.85927705838819,50.360721010774256,63.07101777853861,-28.703527609084187
exog-future,1,0,42985,67.26103425621302,49.18323251199057,73.70775959480437,0.6754013778312613
exog-future,1,0,43009,60.386744970649154,45.04424912252584,74.74601527052924,13.167157231853125
exog-future,1,0,43033,44.082072580840745,33.5952841918536,74.90475995511177,25.784400204953013
exog-future,1,0,43057,60.009033363204615,50.85510528661392,101.6200393992111,49.74620383383007
exog-future,1,0,43081,63.82539419616577,56.93876526191178,106.8663860575354,55.21496654345263
exog-future,1,0,43105,64.85566178070142,56.93766654944688,100.07496206257692,55.11202374613169
exog-future,1,0,43129,76.01663623816732,66.38765240381328,96.06765533881313,32.46379959874069
exog-future,1,0,43153,96.17187168658502,80.6723702000799,94.96080002477224,22.914522190321684
exog-future,1,0,43177,80.15165785957883,57.98935762340419,71.67810855702757,-3.2319429914547326
exog-future,1,0,43201,83.1115989389688,59.915905628841735,82.75758756120038,-3.041264142490558
exog-future,1,0,43225,92.97356434346814,74.17363017938793,85.86533135292859,17.217541535028527
exog-future,1,0,43249,85.80229291551991,69.76666562247513,82.73557247613965,14.837706940133362
exog-future,1,0,43273,85.7646152001159,65.55205561222249,77.31628399839741,-0.5315133641972916
exog-future,1,0,43297,80.44998345285772,70.34481113121046,105.77242195321612,46.585443855766265
exog-future,1,0,43321,64.40983201047234,56.09691427912952,97.35301619372724,37.89536606863497
exog-future,1,0,43345,60.14418060618822,45.72869088538383,74.62597519955122,18.323340408246693
exog-future,1,0,43369,61.29146935943246,46.93203107285622,69.87912916080406,6.612970771147481
exog-future,1,0,43393,55.92733664976336,34.84596560733854,50.82447252193083,-18.918550105905958
exog-future,1,0,43417,49.30233158712517,32.28394165607536,68.51825631845543,-11.81345832477488
exog-future,1,0,43441,40.30760150731272,30.883832528090394,74.37503202337288,0.2192615961774958
exog-future,1,0,43465,43.61465394506758,31.431566526231457,50.85646220008924,-7.48219761126807
exog-future,1,0,43489,38.90665267090421,30.190805049547407,60.88055871296765,4.315149297544352
exog-future,2,0,41641,85.70619757010249,57.54503187065369,50.02673030755814,-12.892989408272069
exog-future,2,0,41665,123.38504262066408,86.47269556522008,57.53372621003076,-50.89153878296749
exog-future,2,0,41689,137.32826790935823,102.70515159059498,59.67480278696156,-79.28908209137114
exog-future,2,0,41713,141.85644011079307,111.21464571536956,66.64529446266462,-97.74395577006013
exog-future,2,0,41737,145.50130731048776,109.7435638943202,83.36405983228595,-103.55423658924543
exog-future,2,0,41761,135.01316276043246,103.25861646837146,95.51845735245152,-98.281194807507
exog-future,2,0,41785,131.85725165320974,96.95844830262368,95.50166401849457,-88.34898999591286
exog-future,2,0,41809,92.62039503728442,64.50098593749478,80.67568125801455,-49.01703552502844
exog-future,2,0,41833,60.92031818016654,46.83606795184404,85.6663653392494,1.9785161671044984
exog-future,2,0,41857,56.702822968138825,47.031614855380006,80.73347752757559,37.02603993766738
exog-future,2,0,41881,61.88933914685576,55.44254329939095,90.41666493242904,35.283148148791874
exog-future,2,0,41905,78.77854295406026,60.26993948839271,70.17343893274017,5.528537950026354
exog-future,2,0,41929,77.00993310423718,56.25425721113526,48.69125297402097,-1.7858000052240186
exog-future,2,0,41953,76.80043918529962,59.72142746368228,51.11132086332544,8.513781861230814
exog-future,2,0,41977,78.28475756675091,64.51292640049607,50.142297832172446,13.092133453384788
exog-future,2,0,42001,82.18559593562277,68.86971632305611,46.27665718966465,17.133799790339857
exog-future,2,0,42025,88.09509361751688,74.8296353145249,46.669368370601774,6.627373371470461
exog-future,2,0,42049,110.06762026910256,93.71157721297423,52.13541664968714,-3.761284585168236
exog-future,2,0,42073,107.75073457109949,89.47753407960703,67.67469027604555,9.80937944142782
exog-future,2,0,42097,111.17232016422514,95.58392105305327,81.55914164757499,24.384745449911232
exog-future,2,0,42121,98.97003200065792,87.15736063737893,70.47759163245891,28.371651277993813
exog-future,2,0,42145,86.74994652873352,69.92348079003966,62.36939410497781,1.578561527540471
exog-future,2,0,42169,84.88143138033794,57.88961160508519,54.97509538137613,-24.428222820216074
exog-future,2,0,42193,76.32070970555574,49.90698563668091,52.86920293870276,-13.329288802618636
exog-future,2,0,42217,54.83553433032293,41.609763612393095,62.74846766649562,27.226010483010608
exog-future,2,0,42241,55.42978684788137,43.37211021519002,58.20199564728431,40.68994549228209
exog-future,2,0,42265,66.0120549256844,55.42007565299348,70.68067107173957,54.44232016269304
exog-future,2,0,42289,67.94187424721375,57.12913954521881,69.30971344000372,56.33146510051823
exog-future,2,0,42313,76.29797765258338,66.82814733798713,86.1855201574278,58.78177446288088
exog-future,2,0,42337,98.29855104282444,82.8899896232411,104.14756562447704,81.20598465916355
exog-future,2,0,42361,110.2819816370576,97.74122509178774,122.8639755789517,97.44204283614678
exog-future,2,0,42385,106.11146924650906,94.07120102289312,113.33344444739252,93.90718339415652
exog-future,2,0,42409,90.9548360701818,80.75543489406007,96.3165051807538,79.6732348458326
exog-future,2,0,42433,65.30432842792622,54.230587396611966,72.75066004545924,52.01424570757161
exog-future,2,0,42457,61.14815082128,52.9608026774809,81.35437171774882,49.64954672476057
exog-future,2,0,42481,65.64101448216799,56.71658472779494,92.48341726204104,55.7379264861597
exog-future,2,0,42505,58.68424801428551,49.86871400047624,85.02287747551325,48.09285811527944
exog-future,2,0,42529,46.54134316830632,35.9117840150396,75.92092213155338,30.270429482820905
exog-future,2,0,42553,52.32655172446275,36.83355196017627,93.75839503434035,-4.517416130801418
exog-future,2,0,42577,61.13065003950768,40.564208283143294,94.84986100462022,-13.99565049490324
exog-future,2,0,42601,57.92863648214828,33.916051920118925,81.25040699540537,-15.449212830528133
exog-future,2,0,42625,57.25897683409829,33.08554125076627,74.13278999552422,-18.87082884257608
exog-future,2,0,42649,82.2676976103468,52.09958240432376,58.93797140653675,-45.70536922873394
exog-future,2,0,42673,113.6332170645179,82.717567541203,73.25204190759031,-80.26441392720331
exog-future,2,0,42697,131.29706275828028,102.16170313866692,90.96471349375912,-100.91413005544048
exog-future,2,0,42721,111.60403873873656,80.43512823909052,73.94409016496756,-77.41993020727125
exog-future,2,0,42745,101.8648667861538,69.09098921314366,48.03163182772474,-61.25794383007087
exog-future,2,0,42769,102.90277952253808,74.08305762348822,47.31801777757048,-62.11150172335565
exog-future,2,0,42793,112.90804928902912,81.55534849935681,47.75960616549192,-71.9986305989384
exog-future,2,0,42817,101.03621764266656,70.82753136228266,41.762993680256464,-56.236324693664464
exog-future,2,0,42841,81.08656103485364,53.4540948838853,51.43913713181716,-15.91716821327021
exog-future,2,0,42865,75.96737597746565,51.98080469889654,51.91137333968052,-1.75832632755171
exog-future,2,0,42889,90.77015111454918,63.11124907574907,46.21039210694964,-25.444357145022146
exog-future,2,0,42913,88.1815102228161,64.02978555983387,59.10964560242895,-31.109429654181756
exog-future,2,0,42937,84.58638575001243,55.825154277751295,73.35692066012966,-34.60089446338807
exog-future,2,0,42961,79.27119893524524,51.15321532054909,70.34264809672943,-29.56310298265448
exog-future,2,0,42985,56.42488423922677,40.94645450717775,70.81133751742661,0.9386461045979868
exog-future,2,0,43009,57.38779299132528,41.92301829879295,71.25025454990819,8.000573998746026
exog-future,2,0,43033,42.69681300071019,31.635518253102656,71.44642192435128,22.27318539429159
exog-future,2,0,43057,56.9564641627645,47.11833985016837,97.32928748965006,45.691801566758215
exog-future,2,0,43081,59.46883985933714,52.5917373669425,103.49499192588472,50.92674804398379
exog-future,2,0,43105,60.97981489199977,53.36613491521464,97.5628642920008,51.28641623518587
exog-future,2,0,43129,72.61053616110416,63.467298918492446,94.02165174126156,31.73143829292173
exog-future,2,0,43153,94.07003044930084,78.77056774994088,94.17290280818266,20.336667275493248
exog-future,2,0,43177,78.55774567587004,56.380839381189375,70.23182097227841,-6.283943418506009
exog-future,2,0,43201,83.66100885184518,62.3533739510541,90.20421514588564,-0.7114060256634259
exog-future,2,0,43225,89.31341121121628,69.85437551843958,83.67523785926029,14.439301581160548
exog-future,2,0,43249,90.67455170439568,75.11268007319455,87.05335892910642,15.92364863748136
exog-future,2,0,43273,84.54935482280901,65.22243897701814,78.58975787305553,-2.571049895072708
exog-future,2,0,43297,79.75608355053383,69.54656870717619,105.28426430656953,44.35108544445783
exog-future,2,0,43321,63.48999093400478,55.41610955626628,96.73072152038964,38.0154588465022
exog-future,2,0,43345,57.76413668579053,43.41890223893514,72.2434146612594,16.787249544792758
exog-future,2,0,43369,66.47459776902748,49.50086769603567,70.94580115007678,-3.819301039422458
exog-future,2,0,43393,56.82769620242598,38.10053279965047,66.96557652748255,-20.30519105653714
exog-future,2,0,43417,52.7174237895424,32.74098961810542,81.05183851066154,-15.304311435769948
exog-future,2,0,43441,42.18427276927548,30.385383962988552,66.94045045373768,-1.1845082438484946
exog-future,2,0,43465,42.979334984403295,29.93614523513397,52.55187708621346,-11.501441944790416
exog-future,2,0,43489,36.94996939860292,28.35549322194632,59.52465643542314,4.847335722943503
exog-future,3,0,41641,83.85666698890195,56.6011522348448,49.09897581376843,-12.361293973029357
exog-future,3,0,41665,121.32373104448962,85.8010278805377,56.33106907696026,-48.10636747694492
exog-future,3,0,41689,134.16180405790206,100.64878252476906,59.67064105156263,-76.2105911045914
exog-future,3,0,41713,139.80894519531972,109.52256976402045,63.97155807646664,-96.729689892031
exog-future,3,0,41737,148.3933681769846,111.90338467955527,80.96901318479559,-105.0449376594226
exog-future,3,0,41761,139.02459760536576,106.7106387511521,100.00298032124428,-101.77309717628512
exog-future,3,0,41785,125.11403455083452,91.0998493635268,91.34105569263896,-83.52283992784234
exog-future,3,0,41809,87.81417022359167,62.02980952188208,78.16646932732435,-44.5383865618988
exog-future,3,0,41833,59.75550176228186,45.64647926650033,84.1151152100514,2.5190221062900133
exog-future,3,0,41857,56.25188211511158,45.11017537260123,75.84919949202744,35.13960616649084
exog-future,3,0,41881,61.90459235471412,55.18789409062889,89.99582368822934,34.75611129652633
exog-future,3,0,41905,78.77773381092392,60.84166823316688,70.29949974212248,6.419717114821391
exog-future,3,0,41929,76.42119058576648,56.9244705180984,48.91676986569111,1.240103259745267
exog-future,3,0,41953,77.03604766982542,60.990180754167326,52.01142458519834,10.08949355785597
exog-future,3,0,41977,82.20052861183963,68.99729265332488,52.4379800983286,21.24405777945458
exog-future,3,0,42001,82.73503969918201,68.73830025758848,46.002917438862056,17.75024363853982
exog-future,3,0,42025,88.01688416514958,75.06706340702651,46.80623801218691,9.2615501042901
exog-future,3,0,42049,109.8435355505954,93.45824926080904,52.10461983333134,-2.467547964712529
exog-future,3,0,42073,109.03799339177704,90.76172801936936,68.65798143614033,10.54375915360075
exog-future,3,0,42097,111.00638934442574,95.0810126034548,81.52898774611502,22.437211606027045
exog-future,3,0,42121,103.7699467665252,90.26328573607566,71.67735821988465,25.04557345795117
exog-future,3,0,42145,85.79230974816218,71.23629731526651,61.27952616563454,8.509399244830595
exog-future,3,0,42169,80.5351942705447,56.93387537642579,54.84224809241366,-19.17396487860991
exog-future,3,0,42193,76.11613431304532,49.37709328484247,52.65666449643072,-13.448489463995466
exog-future,3,0,42217,56.21844726728632,42.26348459971458,63.80418329962109,27.088345876236406
exog-future,3,0,42241,57.62473658493553,45.80892028719324,59.17629162514866,44.13417983666712
exog-future,3,0,42265,67.5726444932976,57.2521636799015,69.93476583659974,56.65212274409925
exog-future,3,0,42289,69.86970561175613,59.88719163572294,70.54444884164323,59.23585713412823
exog-future,3,0,42313,75.96533604289648,66.46794142561541,85.65324702526954,58.1816018764829
exog-future,3,0,42337,101.64041717656534,84.8036959558481,104.10410325405653,83.4068703811054
exog-future,3,0,42361,112.52889998861286,97.94280523616489,121.79001818798258,97.58160378791126
exog-future,3,0,42385,109.46060116030742,96.75795403742528,113.94167191686168,96.70059821553568
exog-future,3,0,42409,89.42952317965123,79.38525431606153,95.59800284735964,78.33615967100685
exog-future,3,0,42433,62.41293054875168,51.3238629562578,66.67501811050145,47.34073624859542
exog-future,3,0,42457,62.62479891104238,54.03418345854828,81.24144790915541,50.74841592372822
exog-future,3,0,42481,67.17005815068347,57.99992487436885,92.90638939236428,57.03672156239188
exog-future,3,0,42505,60.03226120643864,51.439604059434224,88.96098493867743,49.37872044713639
exog-future,3,0,42529,47.37190249793275,35.39130899223993,76.87142315222543,29.375234515969986
exog-future,3,0,42553,50.84663758828771,36.536144950142045,91.93137961613586,1.0139814967295897
exog-future,3,0,42577,59.42372593334069,39.85505920889074,92.69275990559515,-10.67528924668745
exog-future,3,0,42601,57.53251174822282,34.27755091440564,84.00329114102514,-14.736220716695088
exog-future,3,0,42625,56.7843262873711,33.12653490472391,76.785703461102,-18.09788535528823
exog-future,3,0,42649,78.77388394591074,50.39582790694656,52.90029788513843,-40.33299290455796
exog-future,3,0,42673,110.3921398424334,80.34171660205853,68.37373879683271,-76.26955888496794
exog-future,3,0,42697,127.26152929393228,97.75824242274328,80.65685779170228,-95.48803898412758
exog-future,3,0,42721,112.24677792277768,80.14112927888779,67.97114784268766,-73.13962165512564
exog-future,3,0,42745,101.95813325840624,69.49087082337283,49.44022712086623,-59.86479123501687
exog-future,3,0,42769,103.70748143900111,74.32603810429683,44.75486682445646,-58.19671966051692
exog-future,3,0,42793,111.1388803935066,80.12176185017331,46.08770163081071,-68.85218151692243
exog-future,3,0,42817,98.57878339522586,69.71775366941063,42.002124840713165,-54.66708583777296
exog-future,3,0,42841,82.69747780608729,53.84149594236016,51.14233928646076,-19.730413475159946
exog-future,3,0,42865,74.58871934328556,50.96494559476626,51.34057604691223,-0.2868482705815099
exog-future,3,0,42889,86.91264552411877,61.17705924130324,46.06867779375331,-19.032304971813677
exog-future,3,0,42913,82.6843994533487,60.53059842223374,55.29053961955756,-22.351672845156298
exog-future,3,0,42937,82.86282271190062,54.750884115282695,74.62047014483353,-34.59037411502239
exog-future,3,0,42961,78.53646872070738,50.83883688916632,75.69957636914157,-28.3252824231553
exog-future,3,0,42985,55.256954641270426,39.72900675151045,71.05399908519762,1.6205381466384583
exog-future,3,0,43009,56.8570341713975,41.99095367540559,76.37588506093759,8.689071743885814
exog-future,3,0,43033,49.74115539249296,38.08303366246381,85.3546165314629,7.884646487125944
exog-future,3,0,43057,51.822187762018864,41.79668686866251,93.0422994778389,35.13379806902418
exog-future,3,0,43081,60.14062015945914,52.71431586343517,103.28232462378485,51.64797038859116
exog-future,3,0,43105,62.37511589547613,54.69579411533552,97.47062255318892,54.19743408581147
exog-future,3,0,43129,74.2083605752901,65.37996007573526,95.35943934926011,35.31879563066501
exog-future,3,0,43153,90.73988005897726,75.33855150452204,91.08486122053928,18.054540839431
exog-future,3,0,43177,78.03832175718019,57.763079688957866,73.5712580162895,-3.4883867443200014
exog-future,3,0,43201,82.51509171561459,61.42536848743512,87.10471860526971,0.5109744463102315
exog-future,3,0,43225,92.02456857381132,73.77074437621661,84.00451747580323,21.087298140085643
exog-future,3,0,43249,88.5521728371089,75.43927591835404,87.81288150380753,22.64001087325211
exog-future,3,0,43273,79.9562380980223,62.919039130600055,78.47593350224953,0.4729387224850974
exog-future,3,0,43297,82.78775948207215,73.89917015930394,108.25007183476308,52.77929800708463
exog-future,3,0,43321,67.00656848964036,58.8952995974245,100.126268586564,41.13209558231826
exog-future,3,0,43345,59.61338339707233,47.80545306097669,78.26457130707949,23.556824924117095
exog-future,3,0,43369,62.24239428611914,47.67719987988204,70.94373550705238,4.588839546197577
exog-future,3,0,43393,56.6648407643952,36.205026071664456,56.26645709967699,-20.956031232668373
exog-future,3,0,43417,51.23714456101927,33.27618338403314,67.06340817894534,-11.06128204773581
exog-future,3,0,43441,41.99752653909346,30.750831272919164,65.7340373888927,-0.10411846408729
exog-future,3,0,43465,40.84847721298495,29.22436107548305,50.41739321974513,-8.622737780379305
exog-future,3,0,43489,40.45364712053092,30.500869602588534,58.78634991961362,4.565762915160993
exog-future,4,0,41641,83.25616924223242,56.09516135826652,48.35810294384594,-12.597551878626737
exog-future,4,0,41665,120.4509707696262,85.35646603047088,56.22595363374945,-47.47832772046184
exog-future,4,0,41689,135.181605909917,101.56479877131184,60.28610440948828,-77.29411698324134
exog-future,4,0,41713,143.9776840729523,113.65001544264058,66.49253585111326,-99.63829021052877
exog-future,4,0,41737,149.2374971643696,112.90098070534027,81.48873547374016,-106.13051630048233
exog-future,4,0,41761,139.73058501666526,107.3218070833882,100.40317537498598,-101.99702162755644
exog-future,4,0,41785,126.7359732207072,93.20494251181792,94.23077556582253,-84.27473285975279
exog-future,4,0,41809,95.52023301196492,66.6520775745142,86.51624690720442,-50.206430529237096
exog-future,4,0,41833,61.60829247516887,46.64307207665932,84.78820501274367,2.940941997785002
exog-future,4,0,41857,55.90780358169255,44.70019160856323,78.84630209960447,34.10133309960036
exog-future,4,0,41881,68.44125055366901,61.2601727324034,93.44490825603884,42.42381733454493
exog-future,4,0,41905,78.75645704207274,62.30029057367134,71.71445561043362,9.678694482421948
exog-future,4,0,41929,76.88253476161543,55.53836275108458,48.47202608698536,-2.960408505524843
exog-future,4,0,41953,76.3655610327634,60.22452480858521,51.2708478730738,9.101135059054547
exog-future,4,0,41977,79.17153401751,65.94949642303798,51.04306543600311,17.6079093522927
exog-future,4,0,42001,81.74517172602779,68.32324902038677,45.707865733656746,18.920989109323614
exog-future,4,0,42025,88.44835935343474,75.28580847794589,46.891785324283184,7.320469563667173
exog-future,4,0,42049,109.45233713530632,93.9585304659508,52.29584396353065,-2.064261609667288
exog-future,4,0,42073,109.96220902077977,91.08735869245156,68.95432492061889,9.408386008867176
exog-future,4,0,42097,112.16722043757092,96.06175021195004,81.77224971261478,22.487682679542807
exog-future,4,0,42121,104.18612550805923,90.49541535342364,71.64819384995008,24.456261684673773
exog-future,4,0,42145,85.70725202317756,70.42074413002939,60.999549805358434,6.426002429795243
exog-future,4,0,42169,80.63876142572255,57.17053578168533,54.86881137759928,-19.78280269839948
exog-future,4,0,42193,76.69156636034627,49.50993334499199,52.41050992388894,-14.214595413481826
exog-future,4,0,42217,58.92340723224072,45.687551886126045,65.99247887983762,31.224841934753528
exog-future,4,0,42241,57.10348148031372,45.965477395363735,60.88922110396826,44.49665289888223
exog-future,4,0,42265,72.99721734296938,61.51115739891923,71.22886107013503,60.443919821240215
exog-future,4,0,42289,67.10146293229872,57.66557286270094,70.20003106903499,57.09457782932717
exog-future,4,0,42313,74.5982125773639,64.6051915314604,84.79202360823615,56.02942777421233
exog-future,4,0,42337,99.50913510366202,83.4977575967246,105.35971438373431,81.85969578301224
exog-future,4,0,42361,112.12183914088544,98.01527027385596,122.25169335109835,97.60656666869696
exog-future,4,0,42385,108.4197673201282,95.92175414087554,113.70748150626495,95.84810663119283
exog-future,4,0,42409,87.69741401583012,77.47589910010089,94.49838977966677,76.31427291979035
exog-future,4,0,42433,60.83840246520611,50.77081267962901,67.97264852889265,43.14796260302754
exog-future,4,0,42457,61.93888639035067,53.4716494315254,81.39167234423795,50.35528095628377
exog-future,4,0,42481,65.67600874304632,56.37666351557484,90.34528150113007,55.44317351941287
exog-future,4,0,42505,60.25951951222716,51.38405825278237,87.7398559864729,49.64416941999949
exog-future,4,0,42529,46.23802140243045,34.71779101166352,76.84630670273806,27.04959124499285
exog-future,4,0,42553,51.60984812533541,37.38951455280479,94.56303327178487,-0.0264073423955356
exog-future,4,0,42577,62.15201309736615,41.355570771742094,96.37213714936031,-18.000928458172087
exog-future,4,0,42601,57.17142481815144,34.01446532207785,80.1363208835987,-14.252850622265944
exog-future,4,0,42625,56.30541442330858,33.34973090854017,76.94083690163396,-17.785773458252585
exog-future,4,0,42649,79.93747424655702,51.00049544400891,56.15461460387979,-41.983632545451
exog-future,4,0,42673,106.8533877245294,76.61285013947388,64.06519888547825,-72.5892611195669
exog-future,4,0,42697,129.01244072800569,99.42090567287067,81.98642648230245,-97.11813878826318
exog-future,4,0,42721,111.84612680617676,80.08446062741284,68.75616888637975,-72.97979684209761
exog-future,4,0,42745,103.51004502293982,70.38449792688927,51.15774211627201,-62.24997196056818
exog-future,4,0,42769,105.36214962051469,75.68051826881303,45.71466040995462,-60.46984842166919
exog-future,4,0,42793,112.54077724748711,80.90744576970617,46.889990296045184,-70.90974274656273
exog-future,4,0,42817,97.28302479300284,68.55588337623514,42.51077540809259,-52.74113123053818
exog-future,4,0,42841,83.52643399099743,54.37473882164686,50.77212908910529,-20.37122546873092
exog-future,4,0,42865,74.63011503092122,50.43620074484131,50.68710120350941,-2.262628699919105
exog-future,4,0,42889,86.80849605588645,60.49698318604423,47.254690867179775,-23.377108440612687
exog-future,4,0,42913,82.23465030032011,60.60684697664963,59.80546867498463,-23.71708578477631
exog-future,4,0,42937,83.54608624637747,55.594617570255735,75.09668287726554,-36.83208844133674
exog-future,4,0,42961,80.19347211611728,51.46978285318114,74.75934377912463,-29.541919770012253
exog-future,4,0,42985,57.548468932192,41.23667920548024,67.86542659695067,1.530365037092568
exog-future,4,0,43009,55.8881894652334,41.161141984582365,72.12277286502837,6.99695803922266
exog-future,4,0,43033,47.83216169752785,35.987949806754145,79.08078789097802,3.191965135213241
exog-future,4,0,43057,49.28568339023738,40.3942469813054,93.3557285692641,33.32937493030471
exog-future,4,0,43081,58.20403687275606,50.8122774095496,101.78087147152728,49.43430777391615
exog-future,4,0,43105,59.64072793207041,52.27484840440957,95.97070451267297,50.94797098822082
exog-future,4,0,43129,72.99731928381674,63.83011956452081,94.29235085906,33.50532479562008
exog-future,4,0,43153,90.16015170715468,74.22823338187185,90.69091007586331,15.570625725445112
exog-future,4,0,43177,78.41176739249187,57.33899400873905,74.41373947961058,-7.87139759285421
exog-future,4,0,43201,82.59377477308442,60.62900974623402,86.74459682678454,-2.5456040540202864
exog-future,4,0,43225,88.62476616801169,69.90251733772277,86.02741622500011,13.369686660408853
exog-future,4,0,43249,86.16441859645023,74.0813596048284,87.54976252170694,20.088179223646694
exog-future,4,0,43273,79.9672846698195,61.46674786280526,76.119514093496,-3.209215417219536
exog-future,4,0,43297,79.16159921445742,70.30757311849317,106.1597969611719,47.48811488271004
exog-future,4,0,43321,65.55314500660472,57.226118734039815,98.29760778202451,40.11072727064288
exog-future,4,0,43345,57.804945300649415,45.30827367291041,74.38633199043385,17.08951238874528
exog-future,4,0,43369,66.5780573828147,50.28992612423609,72.50213334730906,-3.190173980560149
exog-future,4,0,43393,57.334433095323874,36.413884063530325,58.690923778764606,-22.39184516172809
exog-future,4,0,43417,53.62004591198442,33.348162017092115,66.788368070578,-14.733364169303975
exog-future,4,0,43441,42.94442113812887,30.50071249721994,65.47486280476257,-3.058526461538807
exog-future,4,0,43465,40.14844534506345,29.45010778392933,50.86483078078479,-6.700611173658801
exog-future,4,0,43489,39.63257861064318,28.81316389350105,55.664928602382666,1.880747198482219
exog-future,5,0,41641,83.22602661602303,56.81218763376207,49.52981999634015,-10.950625999723178
exog-future,5,0,41665,121.43920271840295,87.00230047893253,58.028216102478105,-45.72554906841582
exog-future,5,0,41689,134.33396688312234,101.78678441321723,60.511367226745286,-73.71211111403083
exog-future,5,0,41713,140.70778540348746,111.9510845046205,67.41154435868467,-95.63105789972404
exog-future,5,0,41737,148.19432261037647,112.09062103800018,80.94997705815553,-104.96991627396405
exog-future,5,0,41761,138.45866008085576,106.37466941570396,99.08006271160542,-100.64644078511272
exog-future,5,0,41785,125.89848985944536,93.35256137313014,94.82481668105652,-82.2649020667492
exog-future,5,0,41809,93.3340699857992,65.49533482397997,86.90167931479706,-47.99218742165084
exog-future,5,0,41833,61.66594679041132,47.02482761792328,82.51118619756149,4.550589669211062
exog-future,5,0,41857,57.8382719749433,47.48483193711096,80.57225619535193,38.55112084606452
exog-future,5,0,41881,68.86826298805629,62.12304014973262,94.30341764147482,44.47650577664633
exog-future,5,0,41905,79.43423812442391,63.72171043406804,72.92725711229063,11.807685701018851
exog-future,5,0,41929,76.43490764181729,56.79820370548672,48.81655226861613,1.7436063370027022
exog-future,5,0,41953,76.63473284762256,60.81182678454061,51.8475867936669,10.670692694380367
exog-future,5,0,41977,79.35081971065898,66.39861929838109,51.34805702019791,18.99917670893778
exog-future,5,0,42001,83.19148404833888,70.2347151937495,46.7031351270849,21.362480916731748
exog-future,5,0,42025,89.1785664076757,75.76079704076132,47.14090820185407,8.354860683014579
exog-future,5,0,42049,108.6918397349262,93.30682413768926,52.03383028645804,-2.479836865889086
exog-future,5,0,42073,110.22054717890958,91.69582688284152,69.18696923573486,10.893330276137227
exog-future,5,0,42097,112.77332735656766,96.91248360863725,82.09039361045883,23.990961404659053
exog-future,5,0,42121,104.96265789412544,91.60195534689043,72.57087401570776,26.369383404608595
exog-future,5,0,42145,87.4969291581172,72.6386941345522,61.45883661908782,9.115913753603886
exog-future,5,0,42169,79.66468950926404,56.85217835711793,54.51139766675661,-18.796470596656967
exog-future,5,0,42193,76.35537355815869,49.81048740273638,52.85753605362187,-12.848481897581264
exog-future,5,0,42217,62.34919507391942,49.00925679675088,67.31960606572339,34.94352758020524
exog-future,5,0,42241,57.98577130582625,46.84543419050914,62.01894341330173,45.52415649966351
exog-future,5,0,42265,74.31923401481421,62.92960711705489,72.4664071176736,61.96404690005075
exog-future,5,0,42289,68.6311767356662,59.279465307956926,71.24953915045441,58.74591029180434
exog-future,5,0,42313,75.54480115421788,65.55047471396345,85.29543932646358,57.29996054831416
exog-future,5,0,42337,99.51803579424468,83.8962264566366,107.83948898749584,82.0030678895791
exog-future,5,0,42361,113.60312820146795,99.51355216468367,122.943152659791,99.17126074753708
exog-future,5,0,42385,109.16195099402437,96.84483811933788,114.14948907562608,96.76708601112132
exog-future,5,0,42409,85.3312597597344,75.37950295691334,93.66195976511844,73.81856943483297
exog-future,5,0,42433,57.93629785324893,48.376525206440455,72.08884567986388,37.94420707503569
exog-future,5,0,42457,62.77906897924083,54.30931936842223,81.33131945161331,51.7432049264412
exog-future,5,0,42481,69.7443934486418,60.38142886559385,95.18872351871528,59.50151399674365
exog-future,5,0,42505,61.68973966943065,52.7930610412452,88.3269773942351,51.20200938221528
exog-future,5,0,42529,47.54402970464465,35.647160415822455,77.44441736031406,28.7156145668507
exog-future,5,0,42553,50.34899729339868,36.44766398847418,91.10445078066324,2.729487955100299
exog-future,5,0,42577,60.6211769422262,40.46392265012363,93.68387148540508,-15.443904449382288
exog-future,5,0,42601,57.82158293041637,35.331395047806666,80.21822089560963,-13.841922997483495
exog-future,5,0,42625,55.73421296365321,33.35725031149408,75.79357631688188,-16.12167200429904
exog-future,5,0,42649,81.11986352100371,52.00000336333466,56.42817090783506,-43.20405944401477
exog-future,5,0,42673,105.93949455252574,75.98899967253635,62.48762086335199,-71.61073871903521
exog-future,5,0,42697,127.98996030606868,98.48818699004386,80.55484750389077,-95.80602232882136
exog-future,5,0,42721,110.90896156657716,78.26225697654313,62.72251985836147,-72.24110087998018
exog-future,5,0,42745,102.45340646908188,69.77089954976152,49.91181094144425,-60.5879589581244
exog-future,5,0,42769,104.4688182544273,75.19590321490534,45.73163728195337,-59.61351114359627
exog-future,5,0,42793,111.1674079890832,80.36783381154969,46.27200274656208,-68.42760529210955
exog-future,5,0,42817,98.29578556241916,69.42280591024952,42.540440496121576,-54.36236896881891
exog-future,5,0,42841,80.98634966055307,52.7337525444147,50.73231700458424,-17.934262105498615
exog-future,5,0,42865,75.13960373512937,50.79401403380141,50.723186728256685,-0.8578352265398431
exog-future,5,0,42889,86.4514026980935,60.30818864864167,46.72461333979077,-22.003614037759352
exog-future,5,0,42913,82.11114740680361,60.58463316183336,61.11731322873323,-23.614775502204967
exog-future,5,0,42937,82.83548478079804,55.168209060894505,74.56486781761413,-35.66096718876888
exog-future,5,0,42961,79.37630929186926,51.01697139774088,73.26416912729127,-28.13540176336183
exog-future,5,0,42985,58.83874882554358,42.55615871285432,66.49152152912389,4.534701759832198
exog-future,5,0,43009,55.94464674790363,41.37119230039344,71.81635936172155,8.465599550976965
exog-future,5,0,43033,47.763670344890144,36.55645468333544,80.79651093413585,4.555521295563407
exog-future,5,0,43057,50.13591638447702,41.22689937869145,94.0409380831114,34.62326600194363
exog-future,5,0,43081,61.9034973705995,54.4951255719,105.2699258283582,53.48641592350926
exog-future,5,0,43105,60.775676094218575,53.57561098240209,97.03886831366223,52.377835640290805
exog-future,5,0,43129,73.63212133286086,64.79792395659692,95.0369703052674,35.22758368952453
exog-future,5,0,43153,90.27566902748424,75.07994787278584,91.42106093423072,17.548396394895565
exog-future,5,0,43177,78.73442142338368,58.20836823784079,73.85632911809064,-4.290405715910443
exog-future,5,0,43201,82.34533260677074,61.06800567475076,87.04743489127732,-0.8273941258511421
exog-future,5,0,43225,88.97771874497865,70.76499612531342,85.09009185293168,15.294418695748556
exog-future,5,0,43249,87.39964061795452,75.45691350490713,88.3196497166251,21.60283629122011
exog-future,5,0,43273,79.94048384592561,62.0220111309042,77.29280386242058,-1.5425613723225051
exog-future,5,0,43297,80.17795605232048,71.63016285609451,107.08045721562162,49.423387794872745
exog-future,5,0,43321,60.298751298577535,50.93881311572574,92.45591238614423,32.95418610788072
exog-future,5,0,43345,59.28848267518136,46.75167385127708,76.08413367560262,19.8219358686486
exog-future,5,0,43369,66.13781852612637,51.08426032352068,72.96899548577113,2.1618061640672903
exog-future,5,0,43393,57.363470294512446,36.528129118366,58.115225713997965,-21.303728038686017
exog-future,5,0,43417,52.96459660993128,33.40702103326847,66.34706843935196,-13.00582051335123
exog-future,5,0,43441,42.63969378988493,31.34590072858603,64.53791076678223,-1.2270974706595843
exog-future,5,0,43465,42.76352521391279,30.358798945531998,53.841762486162814,-10.875306174524631
exog-future,5,0,43489,40.287655897270014,30.43437418621028,60.095404264929975,5.310458144412054
exog-future,6,0,41641,83.20623801649084,56.3756182535174,48.84225506915934,-11.76008360078228
exog-future,6,0,41665,121.4204794833572,86.15177329802724,57.091851115517024,-47.64691886158945
exog-future,6,0,41689,135.93261081613826,103.17868633723224,59.50854337650178,-74.17813293098894
exog-future,6,0,41713,141.26751345410395,112.40377080306276,67.34077694430498,-96.39475538116578
exog-future,6,0,41737,148.73800043927824,112.447848027153,81.03659380819525,-105.84227767445375
exog-future,6,0,41761,137.4439976311697,105.43048670028332,97.5951820232238,-98.9698428581372
exog-future,6,0,41785,126.81632526940558,93.995936656012,95.23675809104164,-82.92816432989166
exog-future,6,0,41809,93.87489761466654,65.80625218344169,87.3048250919852,-48.743642066109935
exog-future,6,0,41833,61.37183941057944,46.614192369329054,84.2905137252871,3.525825253532657
exog-future,6,0,41857,56.90734490303303,46.497682165612574,78.94865299583333,37.01314104356656
exog-future,6,0,41881,66.92056744185436,60.5340687409178,93.34129638042758,42.41347168137777
exog-future,6,0,41905,78.95228458491997,62.97151295843997,72.26670718186816,10.719915082374454
exog-future,6,0,41929,75.1995814023457,56.49364049896183,50.32117508360137,3.758930142978481
exog-future,6,0,41953,76.45356041625622,60.38295726924356,51.45094855265045,9.93145328988353
exog-future,6,0,41977,79.19857522240001,66.02840847081325,51.048390402427,17.877585081724757
exog-future,6,0,42001,83.47773734476161,70.29494412258563,46.72802224517951,21.08719051249905
exog-future,6,0,42025,88.7266672406162,75.61340750727913,47.08689315815634,7.515875443380496
exog-future,6,0,42049,109.6443958425348,94.28951676353395,52.44655307110718,-1.3179773372997698
exog-future,6,0,42073,110.26815699924803,91.56525376631537,69.15650624578394,10.171283115857488
exog-future,6,0,42097,112.71137477061951,96.626988283056,81.9724203697007,22.885799124015463
exog-future,6,0,42121,104.87380906397208,91.31400402447204,72.26339601331306,25.27857890611516
exog-future,6,0,42145,86.16338047819183,70.95611649801366,61.289470433591895,7.066857329045146
exog-future,6,0,42169,83.24426286975108,60.42264385370204,56.386144146437736,-18.20643964204389
exog-future,6,0,42193,76.59393653819053,49.60370699040916,52.77665101002603,-13.809040596686414
exog-future,6,0,42217,60.42623502613807,47.121079326279855,66.95852034493569,32.71731266292367
exog-future,6,0,42241,57.22514829901881,45.942035358502665,60.742698807345086,44.50088570648817
exog-future,6,0,42265,74.53208100946347,62.45128823707447,72.60422412191619,60.95746786660542
exog-future,6,0,42289,67.6512770919084,58.22494980490222,70.54886507805934,57.67894118363957
exog-future,6,0,42313,74.57889806150416,64.58581135504843,84.80316586087476,56.132808513451046
exog-future,6,0,42337,100.54292322046858,84.50525248989186,102.9428735864974,83.23974147140171
exog-future,6,0,42361,112.90950060379664,98.67654869541276,122.55497044303102,98.32552344570004
exog-future,6,0,42385,109.65825491422694,96.93452177256016,114.1228421112611,96.88427270078668
exog-future,6,0,42409,84.24734315984674,74.19985987591565,92.9206313931987,72.5981818049206
exog-future,6,0,42433,57.31276493746319,47.67169462223304,72.94460328387686,36.93250380054799
exog-future,6,0,42457,61.908933536697056,53.47960752615299,80.9621562478961,50.79203282496302
exog-future,6,0,42481,68.86211599620043,59.42056081759899,94.28124026166296,58.48146259498753
exog-future,6,0,42505,61.93580768122378,53.33933890186503,87.50835497131429,51.88983065709557
exog-future,6,0,42529,46.81423679984452,35.128781592655244,77.4689423261325,27.75691134521564
exog-future,6,0,42553,50.632311558671454,36.77945356635559,94.4294124888437,-1.594411658224168
exog-future,6,0,42577,60.90726603842511,40.50834500750069,93.96884854585824,-16.231550831633335
exog-future,6,0,42601,59.01200503235489,36.9420812145912,83.55183456432594,-12.893966240754784
exog-future,6,0,42625,56.19676720990487,33.33592273077053,76.040757358393,-16.97884608807725
exog-future,6,0,42649,81.6797825604882,52.19067018912413,57.21061919813973,-44.33591951742075
exog-future,6,0,42673,109.12823149211972,79.62809667404966,63.56662173379595,-75.62422487248499
exog-future,6,0,42697,128.6744993410956,99.14311924310584,81.69820256579389,-96.66526744178525
exog-future,6,0,42721,111.938614927578,80.53013212483158,69.98338355768617,-77.27875894648236
exog-future,6,0,42745,103.42193643598456,70.24941538765977,50.81834341815959,-62.15901260882542
exog-future,6,0,42769,103.51380572801772,74.072310853263,45.08238833438587,-59.36500320901789
exog-future,6,0,42793,111.88520570881542,80.89949648250573,46.91846791801976,-70.24296132527644
exog-future,6,0,42817,96.77715070101848,68.18081829704138,41.94126746976431,-52.22549988515119
exog-future,6,0,42841,81.28692004522762,52.709781550353696,50.55623899457802,-18.9543200270339
exog-future,6,0,42865,74.92967658601637,50.67566586507804,50.83202731686784,-1.397553474663347
exog-future,6,0,42889,86.7843877556693,60.434534769335706,46.92526505535192,-22.722903168456465
exog-future,6,0,42913,82.3969795356455,60.72751005340539,61.12210237970627,-24.29819902754952
exog-future,6,0,42937,84.67322232194047,55.58001803076967,75.12268887684044,-38.39064905419015
exog-future,6,0,42961,79.38578777610732,50.91656080158911,75.78439881370751,-28.488220026861512
exog-future,6,0,42985,58.72994659713738,42.36118440276717,66.3349233671043,3.551064660490035
exog-future,6,0,43009,55.63744819211597,40.72813806518231,71.68669936356564,6.980123532108142
exog-future,6,0,43033,47.7230131737832,35.87750347996362,78.42843156631002,3.357406276839533
exog-future,6,0,43057,48.65445446463569,39.78918334787769,93.05890032077068,31.76252182659305
exog-future,6,0,43081,61.42062113304232,53.83489665653255,104.27635437658428,52.85431580757925
exog-future,6,0,43105,58.89859002703177,51.64575993321824,95.18345633430243,49.81682835363247
exog-future,6,0,43129,73.00560667527891,64.04814863269453,94.51992481296044,34.15997301123676
exog-future,6,0,43153,89.98038441955978,74.3686713214562,90.92580118280902,16.160891471617756
exog-future,6,0,43177,78.0679209003636,57.28269322543621,74.93127870602001,-7.313859961729111
exog-future,6,0,43201,82.54777637682925,60.740281083990304,86.49437031020659,-2.022710497563272
exog-future,6,0,43225,89.23635862984204,70.77635590539897,84.64186215709513,15.335262938380115
exog-future,6,0,43249,86.76780387325533,74.3407126311874,87.67725515059736,18.640854360460335
exog-future,6,0,43273,79.97644419776877,61.39276959212553,76.17572063782951,-3.182336234194664
exog-future,6,0,43297,80.93750672219166,72.41366917445147,107.93131567194298,48.27825929973197
exog-future,6,0,43321,62.641469511140855,54.23536617954592,96.01927493223864,36.9970254397569
exog-future,6,0,43345,61.01018990562521,48.09197045945618,76.8248300757301,21.532361363362785
exog-future,6,0,43369,65.97394224599981,50.66283061106845,72.26198469276535,0.7820622268922891
exog-future,6,0,43393,59.10009946166264,37.27185620685228,59.99468888644208,-24.32258491788089
exog-future,6,0,43417,53.77606103957954,33.59168847157535,66.26665643498123,-14.18449088305178
exog-future,6,0,43441,42.21656480057198,30.89462969059696,67.07981969449504,-0.6627770980579483
exog-future,6,0,43465,42.331035134131966,29.61077838332332,51.199529377377104,-11.408583054659236
exog-future,6,0,43489,39.48045963307722,29.0870872747476,56.9957306057326,2.7136860704497536
exog-future,7,0,41641,83.17924695054671,56.32115506603935,48.75611080029745,-11.820201347506243
exog-future,7,0,41665,121.4675663846614,86.16466259533115,57.08387278742128,-47.71501278290803
exog-future,7,0,41689,136.04114674005052,103.26373743292513,59.61853960297182,-74.21112291419307
exog-future,7,0,41713,141.29126139571315,112.42614362802765,67.33179831077686,-96.3918785961909
exog-future,7,0,41737,148.94740200635198,112.61766233848468,81.14798197867515,-106.06563890824089
exog-future,7,0,41761,137.60163628241995,105.54708268418251,97.64322747228984,-99.071988262218
exog-future,7,0,41785,126.99465100009913,94.09725660834442,95.18013203975212,-83.00232714391875
exog-future,7,0,41809,93.9819224743026,65.87320691555922,87.31607847966019,-48.830405919716725
exog-future,7,0,41833,61.343035816211696,46.56224251376112,84.37261062632432,3.427830753955835
exog-future,7,0,41857,56.86529187950829,46.46961699698999,79.00171971553218,36.98354051465558
exog-future,7,0,41881,66.7462865465902,60.38294744745824,93.24938765938438,42.27752067369435
exog-future,7,0,41905,78.93877045620194,62.97454497379119,72.25320293010357,10.736636534928005
exog-future,7,0,41929,75.1826924041566,56.46411326588532,50.31216522469273,3.639889251970539
exog-future,7,0,41953,76.42474150841606,60.34591997807725,51.3944228961125,9.830332214668582
exog-future,7,0,41977,79.17829223824535,65.96258056235216,51.00688526760706,17.636236623988786
exog-future,7,0,42001,83.4666769050528,70.24989320784923,46.708474078198286,20.942766833135437
exog-future,7,0,42025,88.73184083806899,75.57819027209973,47.07301718843719,7.309921538939924
exog-future,7,0,42049,109.7603861981654,94.4042297177922,52.50466122138386,-1.6324540035938018
exog-future,7,0,42073,110.23289351917768,91.51091007913983,69.13224903350252,10.025200951766063
exog-future,7,0,42097,112.68241111668668,96.58883955638883,81.96262176766635,22.765478885364764
exog-future,7,0,42121,105.03207316141564,91.63527883270096,72.61705624008748,25.81100996128311
exog-future,7,0,42145,86.1779546553928,70.9161960829774,61.30150659219918,6.876822497079491
exog-future,7,0,42169,83.32236477045446,60.428757967439815,56.4057246363306,-18.335555193983133
exog-future,7,0,42193,76.61211465332617,49.58788652760642,52.76399885857288,-13.930301631520122
exog-future,7,0,42217,60.381626386471225,47.06173498835973,66.93688522340257,32.61981893443201
exog-future,7,0,42241,57.1015614621378,45.83431147234654,60.67996086232774,44.3545808203796
exog-future,7,0,42265,74.39195682605498,62.289102715372,72.88289424362782,60.65359011509542
exog-future,7,0,42289,67.48466010020968,58.03890924457368,70.46167410432906,57.48513914972424
exog-future,7,0,42313,74.43144394002783,64.41971759147836,84.72692154545581,55.9594181867306
exog-future,7,0,42337,100.3249772771102,84.3195138087647,102.93473091021848,83.02872159916058
exog-future,7,0,42361,112.61710173910524,98.42768569525106,122.48711257729911,98.08030656047958
exog-future,7,0,42385,108.54825881811227,95.98817475291968,113.5406634429732,95.92350850937348
exog-future,7,0,42409,83.92229678959663,73.85460640918635,92.70689555037085,72.23993868001841
exog-future,7,0,42433,57.07315011208306,47.46199379649802,73.0090811833295,36.68122723379489
exog-future,7,0,42457,61.688974038979765,53.26061038606157,80.83029727910869,50.55561229063015
exog-future,7,0,42481,68.6196409399632,59.18865901101691,94.19258258826352,58.23027903447445
exog-future,7,0,42505,61.67788966058555,53.068271688564,87.3133045148745,51.61119553856653
exog-future,7,0,42529,46.47774653876797,34.88862991591962,77.48261940396989,27.39387020351027
exog-future,7,0,42553,50.624336024145535,36.739732760288106,94.56873394142757,-1.8587668924138443
exog-future,7,0,42577,60.99988828901631,40.51881756867024,94.09713205273296,-16.480231858397683
exog-future,7,0,42601,59.37017664830073,36.79063071116458,81.91522710157359,-13.556932319075676
exog-future,7,0,42625,55.91528540299701,33.134860411216906,75.91489003889365,-16.70736944854636
exog-future,7,0,42649,81.432268082677,52.13803557871314,57.44609947595587,-43.842583074075
exog-future,7,0,42673,109.44818151690724,79.88521000154452,63.90222749665983,-76.01106549007693
exog-future,7,0,42697,129.027741233377,99.46396909689912,82.0647062699364,-97.03913439056517
exog-future,7,0,42721,112.42076090425148,80.09092116937448,67.76184748785488,-76.94431484028712
exog-future,7,0,42745,103.78481873825687,70.49197444948689,51.109305657800064,-62.647613999670426
exog-future,7,0,42769,103.6537367847384,74.06425750706164,44.93204004390896,-59.77521562883584
exog-future,7,0,42793,112.15655193739732,80.96843951760052,46.53896165301059,-71.1807180150756
exog-future,7,0,42817,96.96371678675013,68.31492522494185,42.02834975568144,-52.52729917479258
exog-future,7,0,42841,81.57182303075858,52.97856802960597,51.15488362371016,-19.08839914449828
exog-future,7,0,42865,74.96331136008463,50.60721412714735,50.75618954592693,-1.7087997931287706
exog-future,7,0,42889,86.98379733722089,60.5222975087677,47.002487785865696,-23.116333962929723
exog-future,7,0,42913,82.49230812059126,60.78715942754241,61.11374741402226,-24.496430557689223
exog-future,7,0,42937,84.873725094042,55.688006596471055,75.24349159015618,-38.71902476099971
exog-future,7,0,42961,79.44518366152768,50.94472790934426,75.8883240731291,-28.71329527083722
exog-future,7,0,42985,58.88523700152344,42.28267170736787,66.09604523972389,2.950505057615349
exog-future,7,0,43009,55.55513136364569,40.58828481226077,71.5407107442084,6.654896942608302
exog-future,7,0,43033,47.69681231584011,35.74554571775645,78.10505246540781,3.0603039076694465
exog-future,7,0,43057,48.37392764601172,39.49780486378478,92.70432707761456,31.419516836900574
exog-future,7,0,43081,61.13334894961789,53.542190693719824,103.98745056718964,52.53895268984685
exog-future,7,0,43105,58.42704941511928,50.79819615102653,94.38320489367514,48.4453155581478
exog-future,7,0,43129,72.90326923902154,63.86242036731213,94.37720188671447,33.78278942694112
exog-future,7,0,43153,90.50930776320484,75.78264008802519,92.44341677804164,18.69616573056388
exog-future,7,0,43177,78.59891620022847,57.38722750768648,75.38781066789369,-8.044591909138614
exog-future,7,0,43201,82.54551984219773,60.55494449632918,86.32497545645612,-2.536552153629922
exog-future,7,0,43225,88.71520709463712,71.06508000020915,84.84414056188963,16.34554362216615
exog-future,7,0,43249,86.68944110724296,74.06448159376616,87.4773341042131,18.03956579459347
exog-future,7,0,43273,81.31041126898319,62.52745600398119,77.75083342225018,-3.068700773824685
exog-future,7,0,43297,80.66169036941017,72.51097716220218,108.1978087066772,49.330406612268106
exog-future,7,0,43321,62.34943814277716,53.84457470199938,95.672026747693,36.42166575636479
exog-future,7,0,43345,60.83551160470652,47.90954363838832,76.56325268795727,20.90346121666838
exog-future,7,0,43369,65.95840125861197,50.54730249091296,72.10071480049665,0.2730713521221121
exog-future,7,0,43393,59.50340072724332,37.45349083434986,60.51299265186952,-24.966981858837094
exog-future,7,0,43417,54.06017927729901,33.652535201168874,66.13651361245913,-14.710230625251816
exog-future,7,0,43441,42.96438195929688,31.12064616193706,64.15302759025096,-2.6939947768680628
exog-future,7,0,43465,42.69815559154155,29.75018584398181,51.40081106195827,-12.065327876212862
exog-future,7,0,43489,40.17220760877331,30.16595422256629,59.2974030630438,4.050039062456093
exog-future,8,0,41641,83.14766293625412,56.3049838252032,48.76069380503479,-11.781894462525331
exog-future,8,0,41665,121.14974731586658,86.01329093241284,57.02079981589733,-47.72705234824938
exog-future,8,0,41689,136.0525140941704,103.28699473749268,59.67476734121278,-74.17296327087128
exog-future,8,0,41713,141.2556798868085,112.40345911091174,67.3918868680459,-96.33374770645048
exog-future,8,0,41737,149.00796775312492,112.661949987842,81.17737360437225,-106.12583273561962
exog-future,8,0,41761,136.92479574540516,104.91877305817144,96.60149946382666,-98.10081420738769
exog-future,8,0,41785,127.02056190633188,94.1212974154471,95.19003427450296,-82.96896896016155
exog-future,8,0,41809,94.19982032987596,65.86903010803373,86.77426934720349,-49.12498295144901
exog-future,8,0,41833,61.33513323822161,46.56996022681743,84.33920173816765,3.460028138737833
exog-future,8,0,41857,56.93080996591666,46.57680957282509,79.24414589921065,37.10886904888952
exog-future,8,0,41881,64.22295281826713,58.31747572872607,92.1090954039752,40.02901587016112
exog-future,8,0,41905,78.97303027984414,63.05024262135623,72.32658885919173,10.835606041274971
exog-future,8,0,41929,75.19408755134103,56.487208891855936,50.32951452958218,3.6591930220826585
exog-future,8,0,41953,76.08563422443342,59.96695894173141,51.22687681140216,9.50581374275722
exog-future,8,0,41977,79.17113443858304,65.95731933909194,51.01088431089188,17.627426478202615
exog-future,8,0,42001,83.50362522135322,70.29402813734275,46.73248863407802,20.97978090752716
exog-future,8,0,42025,88.38824586738035,75.26581959427871,46.87400706659775,7.188032001369872
exog-future,8,0,42049,109.75372054268892,94.39303321356624,52.50192822248781,-1.6607126108839176
exog-future,8,0,42073,110.26444216325804,91.52688841203438,69.14103475051428,9.98598401096336
exog-future,8,0,42097,112.71528805719112,96.621158189186,81.98197001142208,22.737873146497897
exog-future,8,0,42121,105.0731138439989,91.68050645134248,72.65448938496552,25.793854997083784
exog-future,8,0,42145,86.19658992432765,70.94060394569631,61.31312017908242,6.906052293059789
exog-future,8,0,42169,83.35363431535596,60.4682982336326,56.43015292336242,-18.290853329936187
exog-future,8,0,42193,76.62554128863358,49.60789331079699,52.7655495396777,-13.929229622793605
exog-future,8,0,42217,61.78067940953375,47.926791591535306,66.75142982044113,32.755529692592454
exog-future,8,0,42241,57.13000777639896,45.8976736202036,60.88240973001948,44.4271707774371
exog-future,8,0,42265,74.39692269255299,62.30801321558507,72.78019345143669,60.69421993974957
exog-future,8,0,42289,65.87002113223004,56.02103902881148,69.00506069107425,55.3361149992493
exog-future,8,0,42313,74.47003871367755,64.4455465474048,84.75413226109919,55.99995729104291
exog-future,8,0,42337,100.36002917927344,84.36967710298575,102.9788632317752,83.08604529650975
exog-future,8,0,42361,112.6281393788836,98.4903574461999,122.54865927541871,98.1457405351373
exog-future,8,0,42385,108.26071022717646,95.7386989114058,113.50293269382394,95.66295972935076
exog-future,8,0,42409,80.4538137736152,70.40730451724558,90.445196899144,67.8779475693425
exog-future,8,0,42433,57.05927535119893,47.46484859709558,72.8779341955455,36.70370162419766
exog-future,8,0,42457,61.5906356977761,53.16188946609312,80.73709093344847,50.602979857825936
exog-future,8,0,42481,68.70899888805741,59.29387230513627,94.34740471639547,58.334850082640045
exog-future,8,0,42505,61.6072736004407,52.93787495665185,87.1842938255998,51.472144077364106
exog-future,8,0,42529,46.45583620447478,34.88134431680591,77.38594272135796,27.38735362459954
exog-future,8,0,42553,50.59987644815964,36.72741651976927,94.53521228863488,-1.8458965024695104
exog-future,8,0,42577,60.96235539701062,40.51525102273648,93.66972027074502,-15.99450593266983
exog-future,8,0,42601,59.54552345440063,35.81096841404595,80.14899972083714,-14.734220885553007
exog-future,8,0,42625,55.854953973929376,33.127227029913946,75.73273815024264,-16.561335769349284
exog-future,8,0,42649,81.68707277790351,52.36626599956896,56.68116587949597,-43.86168122989932
exog-future,8,0,42673,109.4575250662626,79.87714283826347,63.788225545562696,-75.99152329283329
exog-future,8,0,42697,129.04624067965682,99.48066513821584,82.05165322291451,-97.02959725759794
exog-future,8,0,42721,112.43701986116322,80.1021923032068,67.70700319939232,-76.94424839618398
exog-future,8,0,42745,104.08905748425376,70.62944297552647,51.20302397758954,-63.00515703545611
exog-future,8,0,42769,103.69582236997095,74.09652761322195,44.95129357506284,-59.777792979038274
exog-future,8,0,42793,112.23574360646836,80.92934544521457,46.70470816856613,-70.54951388774873
exog-future,8,0,42817,96.88389371662166,68.26758061015155,41.99636778497967,-52.38603698206558
exog-future,8,0,42841,81.57344415991658,52.99500748580861,51.15089204994232,-19.036508599768823
exog-future,8,0,42865,74.98047570074517,50.65412557019498,50.77725219551103,-1.6283965347038518
exog-future,8,0,42889,86.98070210453751,60.54393126905815,47.00996918650393,-23.04164841368141
exog-future,8,0,42913,83.13490516503116,60.31335674223039,59.699039581145854,-26.592948373903877
exog-future,8,0,42937,84.88103766855102,55.689934049554,75.13249888785279,-38.70875045929581
exog-future,8,0,42961,79.40037617332686,50.89844879506388,75.27726779785311,-28.60280149986784
exog-future,8,0,42985,58.94101882248918,42.381392798613874,66.12728210959601,3.1258613501976784
exog-future,8,0,43009,55.573963504180426,40.61553516589327,71.22991296833861,6.824379015534711
exog-future,8,0,43033,47.73642482033392,35.83722156630767,78.28465542176369,3.249302148416272
exog-future,8,0,43057,48.433402296647415,39.61102828901936,92.81917571964708,31.598258508914085
exog-future,8,0,43081,61.32245788039672,53.74833072592922,104.21086680431996,52.74868321214988
exog-future,8,0,43105,58.53307766704771,50.92126610455365,94.4969507982712,48.579284992254095
exog-future,8,0,43129,73.04130845788833,64.01642253253499,94.49338746325662,33.94052882499458
exog-future,8,0,43153,90.51383026993318,75.83055818100092,92.48418368966264,18.80986117588381
exog-future,8,0,43177,78.61586805918695,57.41702392357363,75.25604396037895,-7.982413152517877
exog-future,8,0,43201,82.53980830773239,60.58002919163524,86.37087567126468,-2.492169293631632
exog-future,8,0,43225,88.70035556897065,71.09113861336904,84.83973468149192,16.393499939334983
exog-future,8,0,43249,86.82708631842108,74.16774251019756,87.5306270487806,18.08922684319198
exog-future,8,0,43273,81.35034416281496,62.62331889081136,77.91349502017803,-2.938953279369262
exog-future,8,0,43297,80.81559023728809,72.11795424609218,107.69520125394858,48.23701701338353
exog-future,8,0,43321,60.55150009512967,51.592083867250615,93.60143008017911,32.83369096621515
exog-future,8,0,43345,60.86567297940126,48.029881490381456,76.77434155852768,20.9396013086994
exog-future,8,0,43369,65.93901012954794,50.595514397300725,72.24169734413007,0.3771540072081458
exog-future,8,0,43393,58.25776081435349,37.11469528919737,63.17355933301132,-22.896103451507592
exog-future,8,0,43417,54.14456347889544,33.81156895825908,66.16931514414412,-14.59696035898184
exog-future,8,0,43441,42.47638388470667,31.03191470928365,66.61334852227925,-1.1952399169080838
exog-future,8,0,43465,42.85106210582043,29.882031710115125,51.174898686418814,-12.07426352142093
exog-future,8,0,43489,40.32587694396555,30.381518875834303,59.85044010345164,4.112155441520852
exog-future,9,0,41641,83.13808178835971,56.28196197212405,48.72238391229449,-11.814135728601515
exog-future,9,0,41665,121.15736198014464,86.00654715510001,57.00499946563348,-47.75616612396427
exog-future,9,0,41689,136.07391114744232,103.29700676481376,59.68779742653193,-74.19074177045078
exog-future,9,0,41713,139.78932883343342,110.44657770201498,64.79863335339722,-96.2399212305012
exog-future,9,0,41737,149.05886801572112,112.70078431301891,81.20861642647887,-106.18278568612394
exog-future,9,0,41761,136.9531822351646,104.94284454799096,96.62917985242764,-98.11866212273794
exog-future,9,0,41785,127.05285224589446,94.1383467214569,95.18514480587436,-82.98653108655766
exog-future,9,0,41809,94.21501951374954,65.8782066174392,86.76634142668892,-49.15086946032852
exog-future,9,0,41833,61.31436254439989,46.545262333312415,84.3993924556046,3.426673759510312
exog-future,9,0,41857,56.91015651941953,46.55301884894694,79.19422526027829,37.08427696464209
exog-future,9,0,41881,64.17042978522045,58.26430457612826,92.07217220158836,39.97896365270216
exog-future,9,0,41905,78.96001553317221,63.037688086884266,72.31209082749194,10.82279694918124
exog-future,9,0,41929,75.18423706006166,56.47238290607654,50.31666411611538,3.627346039651671
exog-future,9,0,41953,76.07509440989773,59.95406242098924,51.21627681345485,9.478173361600302
exog-future,9,0,41977,79.16210463540182,65.92217055960607,50.929097249096856,17.681278675403465
exog-future,9,0,42001,83.50564440309174,70.2929680689557,46.73312988365053,20.95257819437523
exog-future,9,0,42025,88.3892408460931,75.26173700397501,46.87314675920616,7.150155837251212
exog-future,9,0,42049,109.75076408048464,94.3858016812376,52.499426674376025,-1.6998568402469962
exog-future,9,0,42073,110.267593210041,91.51878749895748,69.1418429440427,9.944926918147091
exog-future,9,0,42097,112.71803892020606,96.6150988177404,81.97877115651964,22.694891152489816
exog-future,9,0,42121,105.08144950876157,91.67908044047223,72.64717640747888,25.747253531768585
exog-future,9,0,42145,86.2045524337898,70.93393983491679,61.32667023235905,6.867380614507989
exog-future,9,0,42169,83.36863281822356,60.46840546412254,56.44030643211235,-18.319752040399
exog-future,9,0,42193,76.62426013696584,49.60256203171451,52.77563725860755,-13.951555167433073
exog-future,9,0,42217,61.77933723922295,47.920281568183015,66.74663190080248,32.743553995246366
exog-future,9,0,42241,57.10879469011375,45.87465361572036,60.85691369300309,44.39565235212143
exog-future,9,0,42265,74.35892480504629,62.26589665865398,72.76005309975515,60.646392819558365
exog-future,9,0,42289,65.83711291576027,55.98590665014815,68.98214626727523,55.2959404460039
exog-future,9,0,42313,74.43097807649224,64.40102682372516,84.73069121486422,55.94735288217572
exog-future,9,0,42337,100.31514360726258,84.32223377118547,102.96768804236515,83.03453254117929
exog-future,9,0,42361,112.56407766261894,98.42973987889316,122.52708193888402,98.08634016289558
exog-future,9,0,42385,108.20788825006856,95.68361747146268,113.46996108978544,95.60732935580546
exog-future,9,0,42409,80.39287580574302,70.34746650085174,90.40078705987231,67.81395852086557
exog-future,9,0,42433,57.007152161428586,47.42046428604889,72.90468949691312,36.644282543370124
exog-future,9,0,42457,61.54717992815108,53.12141632683917,80.72513893069511,50.56219192455148
exog-future,9,0,42481,68.66950900188132,59.25325059840229,94.32396429506534,58.28917405227209
exog-future,9,0,42505,61.56586357577609,52.891825128261885,87.1441112363355,51.42397967786519
exog-future,9,0,42529,46.39377212311844,34.838984170588844,77.40337264211922,27.307972645683083
exog-future,9,0,42553,50.593293767357565,36.71782308413591,94.56388694943844,-1.8903650160666208
exog-future,9,0,42577,60.978101941587774,40.51987763693061,93.70824332354898,-16.031955341462655
exog-future,9,0,42601,59.5522493084563,35.794113214583525,80.19504971860003,-14.788682529050291
exog-future,9,0,42625,55.8648355889308,33.12481881629976,75.73624770810913,-16.598611467769768
exog-future,9,0,42649,81.7465748757686,52.39990730811945,56.72983501125605,-43.925899834235096
exog-future,9,0,42673,109.51326571857264,79.92437892258344,63.85935285888104,-76.05952474658874
exog-future,9,0,42697,129.11164015700967,99.54016598263982,82.11856227307054,-97.09551111583076
exog-future,9,0,42721,112.48323784751264,80.14617389067469,67.80330769232714,-77.00271744182436
exog-future,9,0,42745,104.15460327489345,70.6750021030736,51.258927061777605,-63.09105263734955
exog-future,9,0,42769,103.74237926324147,74.12481546161084,44.96623357219241,-59.8469881188867
exog-future,9,0,42793,112.29386147493864,80.9672999182418,46.7431258976547,-70.63069616636056
exog-future,9,0,42817,96.90670534482564,68.29108639383946,42.02268485601084,-52.43073211165769
exog-future,9,0,42841,81.5716655286624,52.9894065760905,51.14968187305509,-19.081487464982224
exog-future,9,0,42865,74.98406732367587,50.641052605941326,50.76283856422575,-1.6775901568784906
exog-future,9,0,42889,87.01467922163134,60.558358999692736,47.027578436737286,-23.104003740664947
exog-future,9,0,42913,83.13634816201238,60.31069617539539,59.69685438680289,-26.614816862146277
exog-future,9,0,42937,84.91688734930173,55.70746430854168,75.17225444424514,-38.77503262939498
exog-future,9,0,42961,79.40355627905134,50.897414789891606,75.29667607529427,-28.638258301152387
exog-future,9,0,42985,58.9408919483286,42.372442099905456,66.09870353898198,3.0810149339005317
exog-future,9,0,43009,55.55307984712677,40.58141072918744,71.23670992105728,6.75102268228884
exog-future,9,0,43033,47.72303754250933,35.80100397310719,78.19759674914538,3.1806715419343083
exog-future,9,0,43057,48.37431883410091,39.54535192368144,92.72731092684104,31.515936543087573
exog-future,9,0,43081,61.27160336950195,53.69364112073861,104.15727854452534,52.68708082822433
exog-future,9,0,43105,58.46913832365687,50.856930849839685,94.44744832602495,48.509063553691874
exog-future,9,0,43129,73.03045007705637,63.98879766368192,94.47076274003491,33.87779780766291
exog-future,9,0,43153,90.48317156257431,75.77420427893789,92.44529615630908,18.723215393887568
exog-future,9,0,43177,78.62069240214304,57.39523871380384,75.36484555097589,-8.080025624475365
exog-future,9,0,43201,82.53264906797794,60.54744418411658,86.32669423940698,-2.5750181092961117
exog-future,9,0,43225,88.66235085308782,71.03845914554417,84.85050659854876,16.294138152982278
exog-future,9,0,43249,87.31232852036523,74.87964435342698,87.91682731218641,19.83497000153761
exog-future,9,0,43273,81.35205319072122,62.59380495048126,77.86693792315072,-3.0153431756684985
exog-future,9,0,43297,80.74773083263372,72.04070991807339,107.6468723973442,48.13702714768259
exog-future,9,0,43321,60.50110066631713,51.52115878350941,93.5312699123445,32.72009566112532
exog-future,9,0,43345,60.8326678608228,48.00406379520688,76.73550497716865,20.82408698015769
exog-future,9,0,43369,65.92716910127604,50.57018215913734,72.20781820758882,0.2925297861053547
exog-future,9,0,43393,58.32736191981811,37.142367172019,63.21453330173215,-23.014548470478832
exog-future,9,0,43417,54.19682752955473,33.826892128881234,66.18449082918806,-14.70449147832572
exog-future,9,0,43441,42.984621040530136,31.060079241825463,65.09499987170896,-2.777711258954952
exog-future,9,0,43465,42.93366316059948,29.91204086618547,51.26625942211912,-12.224876983715422
exog-future,9,0,43489,40.35889498559288,30.385171820641787,59.79328758039833,3.995946293354887
exog-future,10,0,41641,83.13447886110711,56.284148415847376,48.72865348388573,-11.796485004767268
exog-future,10,0,41665,121.15110004799674,86.00725645141685,57.00787407846602,-47.73688719262061
exog-future,10,0,41689,136.06581259146864,103.2967082980695,59.69543769556776,-74.17227752129345
exog-future,10,0,41713,139.77115968967271,110.43037759326636,64.7724687408835,-96.2213871839275
exog-future,10,0,41737,149.05439110092772,112.69778440360464,81.20654776783137,-106.17952112138114
exog-future,10,0,41761,136.9362075680903,104.9313470247657,96.62151974376444,-98.1004974733353
exog-future,10,0,41785,127.04177890765526,94.1291913295109,95.16950948969352,-82.96695301661441
exog-future,10,0,41809,94.2019420564875,65.8754894954954,86.7529810753227,-49.12888041182816
exog-future,10,0,41833,61.31380580023052,46.551481057702034,84.3901376040209,3.454204751494309
exog-future,10,0,41857,56.93064708218275,46.58026447337712,79.24113632109172,37.12025619901177
exog-future,10,0,41881,64.1805539145979,58.2774280964988,92.0827797590705,39.99958456927431
exog-future,10,0,41905,78.97034048461175,63.058910492839416,72.3309658584104,10.84967116087449
exog-future,10,0,41929,75.18469507001252,56.47966941922585,50.32248336813312,3.644386635395506
exog-future,10,0,41953,76.07958291387855,59.96334396271117,51.22217666349225,9.49937169207824
exog-future,10,0,41977,79.16888070020673,65.93096787255861,50.93591291256785,17.700299924401943
exog-future,10,0,42001,83.51694845005933,70.3103968380395,46.74216840141674,20.98306361633834
exog-future,10,0,42025,88.39651058178538,75.27374646105565,46.879900975682325,7.17321348948366
exog-future,10,0,42049,109.34195244038165,93.70620956033632,52.03745162545403,-1.2122861990240306
exog-future,10,0,42073,110.2812387011424,91.53319384948696,69.1467023481073,9.960048440745622
exog-future,10,0,42097,112.7343283636434,96.6332550272094,81.98759959057517,22.71199707324054
exog-future,10,0,42121,105.09967481608668,91.70069475671392,72.66258537617232,25.769023750241928
exog-future,10,0,42145,86.21710584481195,70.95309907265607,61.333586425270326,6.894803370206843
exog-future,10,0,42169,83.37375694981772,60.47970091394835,56.44766231853854,-18.29749606259835
exog-future,10,0,42193,76.62206470867937,49.61239664948366,52.77800221359748,-13.92671033241732
exog-future,10,0,42217,61.79678348260676,47.93897979392752,66.75460522547267,32.769789340139695
exog-future,10,0,42241,57.12945426532302,45.90080596859544,60.90465305804948,44.425851293397706
exog-future,10,0,42265,74.38542693676064,62.2914403106342,72.74959042333496,60.677769479431866
exog-future,10,0,42289,65.86113021926052,56.01344804992596,69.01014290793651,55.32661986320105
exog-future,10,0,42313,74.45612666979915,64.42708171385263,84.74384346845024,55.98098159303815
exog-future,10,0,42337,100.34733589640446,84.35340785277417,102.98839430732608,83.06782974909936
exog-future,10,0,42361,112.59646309383425,98.46335001633597,122.54393649989316,98.12096496879973
exog-future,10,0,42385,108.2411177879537,95.72165833951485,113.49152321966204,95.64571688528656
exog-future,10,0,42409,80.42435390459904,70.37826710245645,90.42113040789684,67.84890110637203
exog-future,10,0,42433,57.03509540394369,47.448253815105225,72.90588278947345,36.67828650330297
exog-future,10,0,42457,61.58156421026312,53.15522558787888,80.74624084998737,50.60035946714232
exog-future,10,0,42481,68.71034639202509,59.29760919607602,94.37958110833664,58.333754386045136
exog-future,10,0,42505,61.60236092463062,52.93169234945353,87.1750870676521,51.46637606451328
exog-future,10,0,42529,46.41725593297618,34.855677234274694,77.38328016342363,27.339741044897718
exog-future,10,0,42553,50.59297652749558,36.72264035018952,94.53435405645872,-1.8517288444706992
exog-future,10,0,42577,60.96589199010548,40.51694760841768,93.67593752643036,-15.996474886101243
exog-future,10,0,42601,59.54124376801158,35.79495770885766,80.15141741380182,-14.7533269831166
exog-future,10,0,42625,55.848983236676204,33.12404285325318,75.69500010272996,-16.551379609379826
exog-future,10,0,42649,81.71855176096375,52.38184293669334,56.61909032483658,-43.87205877035227
exog-future,10,0,42673,109.47653449803168,79.89121029544238,63.79628069733659,-76.01253614354485
exog-future,10,0,42697,129.06929014921226,99.5031670428818,82.07114650315957,-97.04615118363068
exog-future,10,0,42721,112.44071931183475,80.10887892908958,67.73079178474663,-76.95267863364293
exog-future,10,0,42745,104.12180060899652,70.6518483954117,51.19705770063882,-63.04630249513296
exog-future,10,0,42769,103.70775832670532,74.1020724125761,44.95576970244347,-59.797634432158006
exog-future,10,0,42793,112.26181963146988,80.94718616097944,46.71405778734566,-70.58523220373647
exog-future,10,0,42817,96.8805076330246,68.27359176703513,42.00841462434917,-52.38455040880764
exog-future,10,0,42841,81.56113579665279,52.99237153511543,51.14936874469157,-19.044317303499284
exog-future,10,0,42865,74.98441266641024,50.65283904284421,50.77186753780133,-1.6411678279803066
exog-future,10,0,42889,87.00965330911477,60.558203884605184,47.02255926325108,-23.072252551282038
exog-future,10,0,42913,83.11768410794852,60.30384632229278,59.68877794318166,-26.572180495943616
exog-future,10,0,42937,84.89938311440456,55.69495963447846,75.1351295113967,-38.74730131322056
exog-future,10,0,42961,79.38484715820732,50.88189521887296,75.16233123923429,-28.5996911199514
exog-future,10,0,42985,58.94532961529908,42.3891028370155,66.12309196294605,3.129463398985161
exog-future,10,0,43009,55.56245331716738,40.595683018745504,71.20957464740773,6.801283739405888
exog-future,10,0,43033,47.73154653797368,35.823899875184146,78.24397398692862,3.229046232139719
exog-future,10,0,43057,48.4046172166538,39.579990238249984,92.75587084944851,31.5667899777987
exog-future,10,0,43081,61.32556807158905,53.747877557546815,104.20603372491858,52.74539893302602
exog-future,10,0,43105,58.51028933682491,50.90047036447614,94.4804716427963,48.55963170830965
exog-future,10,0,43129,73.05591089129221,64.02193231840052,94.49487904998418,33.93393516559709
exog-future,10,0,43153,90.48872585774778,75.799301341947,92.46413549241612,18.7756929532952
exog-future,10,0,43177,78.61278073735635,57.4052993212105,75.32682827575515,-8.024310116130732
exog-future,10,0,43201,82.5245140516539,60.56104547112173,86.3385521463985,-2.520008543955081
exog-future,10,0,43225,88.67237130738918,71.06729682848867,84.84400286564109,16.358930350792278
exog-future,10,0,43249,87.32902293853603,74.9142938437405,87.93919012655346,19.91750536291668
exog-future,10,0,43273,81.34852922831085,62.61832541480544,77.91390992031421,-2.94508778033723
exog-future,10,0,43297,80.78816310962598,72.09360777663528,107.68268874422068,48.20769140447778
exog-future,10,0,43321,60.5369958579733,51.571215576740215,93.58369264626717,32.78307226343145
exog-future,10,0,43345,60.84907581108974,48.03565176350851,76.79189227308851,20.88438802411221
exog-future,10,0,43369,66.69531472203401,50.237518255157326,71.66350253442948,-2.992026690737872
exog-future,10,0,43393,58.30284330163326,37.14779617623045,63.18617821192787,-22.946405805860007
exog-future,10,0,43417,54.18171965400546,33.84241565947308,66.16337416177939,-14.633307813781942
exog-future,10,0,43441,42.98249263451299,31.08032630471897,65.0384364181639,-2.710623446899835
exog-future,10,0,43465,42.92371500548491,29.92355442647731,51.20908911701344,-12.158897220056364
exog-future,10,0,43489,40.372048975176575,30.416658342769747,59.90451870475763,4.057407508159534
exog-future,1,1,41641,84.3309671560926,54.839598343499325,46.21047651263011,-17.652879892541346
exog-future,1,1,41665,120.21698005692278,82.04478103137923,52.13398386616538,-54.5949484980038
exog-future,1,1,41689,134.48341123029016,99.67679894541293,55.63503593061737,-78.09459435576296
exog-future,1,1,41713,146.85105803384025,111.96895342193262,63.93948680400904,-106.66664424386845
exog-future,1,1,41737,147.3165915022304,111.4002016196962,82.52397858245207,-106.69979667551895
exog-future,1,1,41761,135.95367981729856,104.79785446578556,100.33267303883132,-99.59222000373636
exog-future,1,1,41785,125.32164442861976,92.48252792337368,95.24547745419076,-86.23758144969517
exog-future,1,1,41809,104.56897540470966,69.9553490185706,92.31839550403086,-56.37166311529953
exog-future,1,1,41833,70.16141306675271,52.830731641473946,86.20200164525991,-0.4548925613763604
exog-future,1,1,41857,49.83607968484994,42.18647449117704,78.433912737607,31.081176079235757
exog-future,1,1,41881,64.7142067405398,55.799735935168734,88.13816643797826,39.02480499344284
exog-future,1,1,41905,80.54662429044548,61.06740594849208,69.99293057906856,5.083080454776851
exog-future,1,1,41929,76.40320320276803,57.23699962486754,51.21482234294067,0.0228642617707892
exog-future,1,1,41953,79.97537070405339,62.2167901391101,54.277945404597446,8.632951975056962
exog-future,1,1,41977,83.53530168106346,68.23140048479351,52.38594534617695,14.089462536221092
exog-future,1,1,42001,85.2321762032181,71.7323473579003,47.649883077529154,18.82683359125105
exog-future,1,1,42025,86.84020289746425,74.57909608604325,46.4126879155636,4.659447000071033
exog-future,1,1,42049,111.97367255432286,96.48891649925774,53.22729426661797,-2.867081447408111
exog-future,1,1,42073,109.48515359333534,90.9998292990021,68.78169547143982,9.099176636383843
exog-future,1,1,42097,109.97852506281446,93.4594633312169,77.2852112112204,19.11532042984123
exog-future,1,1,42121,110.40582273532485,92.20787621321271,75.45111338534618,13.528908101581129
exog-future,1,1,42145,102.38823527942364,78.74854222897139,68.73542220238107,-8.502204509280151
exog-future,1,1,42169,89.22434024290752,61.58045985328896,59.034200796738965,-22.61412653758744
exog-future,1,1,42193,77.03652431289622,49.36895762968951,51.9750628201485,-19.590099871486625
exog-future,1,1,42217,56.45949337627149,41.78729915122059,64.68296346774123,9.749991771709327
exog-future,1,1,42241,52.71891588186219,40.72090602816526,61.13500995227349,37.56737964235826
exog-future,1,1,42265,66.40083465005736,54.34922806579345,70.58769680923062,52.00499350789168
exog-future,1,1,42289,61.784221834411376,50.445635301125925,63.024915697734976,48.47432421718742
exog-future,1,1,42313,72.02582686878804,61.30098188784121,81.872437407462,52.007263829377344
exog-future,1,1,42337,92.53982109941737,76.18700327581266,101.5743446408793,73.16592008055609
exog-future,1,1,42361,108.08576421203446,94.81501336174756,116.46851817651662,94.70662030950729
exog-future,1,1,42385,105.15840556062405,95.6957820939926,115.73009489149226,95.59598079164456
exog-future,1,1,42409,84.05826382388335,75.3541153187507,93.89145194973064,74.85770886363059
exog-future,1,1,42433,65.44687086417723,55.38105717999917,74.18899019423715,53.59581111238889
exog-future,1,1,42457,62.72509074469621,55.219052484604944,82.47863809078918,50.561120768928255
exog-future,1,1,42481,67.88413041965937,59.81057864994118,100.44585326950713,58.37430819491208
exog-future,1,1,42505,59.250137133405055,50.6817413206383,84.73963063858825,49.26560412265659
exog-future,1,1,42529,49.10863299964349,39.70508849041052,76.66410500658672,36.61462626712184
exog-future,1,1,42553,48.69062771182397,29.271260010676844,69.94137220889588,-7.378088380737587
exog-future,1,1,42577,60.52729620174123,37.22896344414393,83.22321330840752,-17.645459376766784
exog-future,1,1,42601,59.037936629906845,35.43065164376687,91.29469543429327,-16.346258839240004
exog-future,1,1,42625,55.45064013091708,30.4078943645923,67.9505801254595,-18.447971824261597
exog-future,1,1,42649,84.45604479565986,52.74243862301246,58.77220602551782,-46.19927164473648
exog-future,1,1,42673,113.33116172071546,82.89535105081173,69.90982508492606,-80.88658335347343
exog-future,1,1,42697,128.68872338060325,100.2412778321448,93.3059933257226,-99.1610752985293
exog-future,1,1,42721,115.30518772196965,82.9943410484244,79.92306934537523,-81.17351584174145
exog-future,1,1,42745,104.5379203726104,71.68639060709678,50.675730005704565,-65.0454140313818
exog-future,1,1,42769,109.13027633103373,78.34717619302052,47.93692560642379,-66.43131270925356
exog-future,1,1,42793,113.81652631975312,81.60402573486573,46.75918406559785,-72.41904647911781
exog-future,1,1,42817,104.17075626735031,71.80854272495692,43.07824323798895,-60.017963612970526
exog-future,1,1,42841,84.75395832377738,53.18884336228066,51.45576134065413,-22.04826743874964
exog-future,1,1,42865,74.5844890620563,47.81145422257168,49.31845901474068,-2.2048604911484277
exog-future,1,1,42889,88.56632688770722,60.26889613618715,46.83679356620025,-27.785999280598844
exog-future,1,1,42913,84.07376016865508,59.57852909188008,59.13207537775036,-32.72293918958288
exog-future,1,1,42937,81.77116795935292,54.06020642484408,78.40551078408272,-34.43100344456373
exog-future,1,1,42961,79.64422721479966,51.48427667986357,76.89239171586684,-30.49659744364365
exog-future,1,1,42985,57.52452574651438,40.09345352217066,73.19721860205209,-1.2509367852563475
exog-future,1,1,43009,56.64299361441111,40.56232990625719,71.07426610331186,17.032492102801008
exog-future,1,1,43033,37.62429181198953,26.955564128903696,70.7250520186723,16.368317276015187
exog-future,1,1,43057,52.61746856191765,42.41176077371348,89.60788518727163,40.71440138230903
exog-future,1,1,43081,55.87421002309154,48.06680076898072,97.51580607572647,46.62230037901881
exog-future,1,1,43105,61.16747362168432,52.44280895529164,95.01554687328996,50.55447556047335
exog-future,1,1,43129,74.44849244662284,63.28055454945885,92.95399532216942,33.485186191638334
exog-future,1,1,43153,89.6831738632112,74.854242924007,89.64803599292395,23.672356183902565
exog-future,1,1,43177,81.57555456498457,60.19035173193513,81.56735121574296,-3.279944776327855
exog-future,1,1,43201,83.74376115508028,60.28762885875658,80.28928815653377,-3.794883690457238
exog-future,1,1,43225,90.84185133851038,72.49215436603856,88.67804429230456,16.288404783681482
exog-future,1,1,43249,83.47750337558189,66.34843447329396,79.42536899262274,10.702909773072994
exog-future,1,1,43273,80.64427743487231,60.96368946966523,75.04001000322039,-0.417223587337262
exog-future,1,1,43297,72.74781799915472,61.04443085828567,99.46014344761764,34.33340890568085
exog-future,1,1,43321,59.728917511418864,44.52465611589506,83.45557365295804,19.267322620174447
exog-future,1,1,43345,58.030453779643295,43.83884584988131,69.81698858377754,14.16051018843936
exog-future,1,1,43369,62.80232683869502,46.458793949674245,68.10421149842828,-3.95840708552189
exog-future,1,1,43393,56.321073456017785,35.26442736128802,68.06509720505477,-23.90339742339224
exog-future,1,1,43417,52.75326691104764,31.501865918692094,77.07338564328714,-19.74765765055017
exog-future,1,1,43441,40.0544864948644,27.071981279095173,72.38952623297423,-8.197417448571903
exog-future,1,1,43465,45.04179705696029,30.034988109438466,60.338010101335136,-16.189160412466954
exog-future,1,1,43489,42.67999562216987,29.35933196594286,59.75439292214663,-4.9857927920466825
exog-future,2,1,41641,87.53363822669091,58.97677927700674,50.20021402195983,-9.081761379607252
exog-future,2,1,41665,118.59499523348688,90.89927727323114,63.080322411686886,-31.030547330149734
exog-future,2,1,41689,127.39790930012929,101.34707574538508,63.10020293264188,-61.60143891071583
exog-future,2,1,41713,132.60312140354472,105.5262403857411,63.81381847220416,-85.41327673601934
exog-future,2,1,41737,146.21814359044063,111.54924435815336,82.95975381122042,-100.10035541750476
exog-future,2,1,41761,130.29412427650243,101.17637228510792,94.3070020714059,-92.63790386721344
exog-future,2,1,41785,117.381699494951,88.59108778390679,88.28747231172225,-72.90489713431522
exog-future,2,1,41809,87.57416515164688,63.97463275017263,73.41756275801391,-34.055720751049456
exog-future,2,1,41833,73.13925044873231,61.69484690501922,84.90227240504524,21.072109527780945
exog-future,2,1,41857,56.37440009828714,45.72810172074536,82.10498420612416,35.01621059949215
exog-future,2,1,41881,74.73064211158743,68.04716619870992,98.1135618763842,53.3903742962753
exog-future,2,1,41905,79.988168263407,63.727043477481054,72.22740710538046,12.363982733820905
exog-future,2,1,41929,73.90864534594772,57.59579759298053,51.96055469999641,6.748319997303381
exog-future,2,1,41953,80.85496001416891,65.13382548992632,56.27892965041219,12.737360330162428
exog-future,2,1,41977,84.98117743947512,72.28298607857239,54.63325205033692,28.534858854350095
exog-future,2,1,42001,82.82101895118382,70.46799876407896,46.74237560031876,24.66015790053539
exog-future,2,1,42025,89.71084648098923,76.27380843367487,47.36945100810267,8.387299120729418
exog-future,2,1,42049,114.73888710842228,100.801679673172,55.47021418228362,9.81470580402467
exog-future,2,1,42073,114.0213023254474,96.78540121971318,70.54201450230067,16.745425865224302
exog-future,2,1,42097,113.3819335527272,98.19932399918476,78.03726941311068,27.999522806070416
exog-future,2,1,42121,113.81821937767562,96.1342105105098,76.93266269247646,19.226669696150125
exog-future,2,1,42145,100.71778309333372,82.30820731174998,67.6577247747924,6.406983167806554
exog-future,2,1,42169,80.08081309728614,61.402849751809086,53.708065409644256,-6.454676608570976
exog-future,2,1,42193,73.79981216587902,52.64575334551661,55.1225574128566,-3.86489389679068
exog-future,2,1,42217,63.24171287385729,46.57999999962901,67.6463008029828,24.431519854338468
exog-future,2,1,42241,61.36899302386392,52.2417949760172,67.62726648183227,50.19627424130933
exog-future,2,1,42265,82.53029338720907,70.27402348960108,79.97576765298489,69.63655103636975
exog-future,2,1,42289,75.68708815390097,65.42907570624732,74.1195304443625,64.83223778823738
exog-future,2,1,42313,84.57969943799645,73.00078494100119,88.34425947585216,68.97523842457637
exog-future,2,1,42337,106.4017742246315,92.14277418519995,111.18183732609768,91.45169849360887
exog-future,2,1,42361,128.05849810173453,114.35312624382269,125.78068778571368,114.35312624382269
exog-future,2,1,42385,118.9984506800895,109.9616155685642,121.43652016225155,109.9616155685642
exog-future,2,1,42409,100.62149768478405,93.38852791077954,103.3963568634751,93.33826263899056
exog-future,2,1,42433,72.60401686362404,62.82117250889023,77.82683955131962,53.34465864188331
exog-future,2,1,42457,74.8920247799297,67.47409182888315,92.00486174767678,65.21393169236381
exog-future,2,1,42481,82.78847188707721,75.33583256364446,105.5863134753598,74.87912655056304
exog-future,2,1,42505,72.63533126394321,65.78310384681461,95.94532638714848,65.03155416109091
exog-future,2,1,42529,65.87391955582758,51.10410562574911,82.83113482620796,49.06552528897046
exog-future,2,1,42553,49.121160110803565,35.77318769397633,72.13356822615032,11.493552670571098
exog-future,2,1,42577,60.546204496312455,43.76378494519796,93.6535323382408,-3.2618816670302877
exog-future,2,1,42601,55.04962171816967,40.84946881280538,86.84876793795576,5.067692001249431
exog-future,2,1,42625,51.684201801145065,37.37396740836099,77.61932816534747,1.8224330297552347
exog-future,2,1,42649,71.6752758362521,50.31691900546041,51.99164687520231,-22.264778350842374
exog-future,2,1,42673,96.78019815083204,69.06974481464762,46.85938159404132,-56.47945621616488
exog-future,2,1,42697,111.87541933195602,83.6330873523757,56.87018668741134,-76.92268607306018
exog-future,2,1,42721,100.04754479168398,70.40870266034419,52.58113228582977,-58.97973445854088
exog-future,2,1,42745,88.9417397288892,63.24281746565815,45.48722332173434,-37.87472513878939
exog-future,2,1,42769,94.085646717503,71.75570087087783,47.93550792318686,-41.39488867538255
exog-future,2,1,42793,97.05135288028114,72.86565618825345,45.95330239422899,-49.601927743932265
exog-future,2,1,42817,91.99753208802696,65.2501730854313,41.129846876154765,-40.77551500156249
exog-future,2,1,42841,81.91635050646339,55.71011589651822,53.15048739752125,-5.260507097669668
exog-future,2,1,42865,78.03069278288648,58.38483495852064,55.121111956322174,18.349885937627903
exog-future,2,1,42889,80.55982524761754,60.264614995532426,47.08567110170666,-3.5027179082637487
exog-future,2,1,42913,81.62955628111011,62.618824341869306,59.547786497474405,-9.995496675637252
exog-future,2,1,42937,78.52831690588285,53.9213256094739,65.836043176227,-19.205695026433588
exog-future,2,1,42961,74.78244658487695,47.9631298915734,51.44329225007767,-18.93253598061988
exog-future,2,1,42985,59.890017058241845,46.19409103155096,68.03964839325266,16.39214765500556
exog-future,2,1,43009,63.77097179466286,51.767842649733474,82.7700900826673,28.583243128303664
exog-future,2,1,43033,54.30284448292859,46.04799067437231,90.75690875773894,41.94248656370339
exog-future,2,1,43057,65.56467823534399,56.29618461029484,106.26224329086692,55.18979749823999
exog-future,2,1,43081,70.16545677264821,62.662506770814986,112.30287992508346,61.174607153392266
exog-future,2,1,43105,70.79733852787524,63.61979464287277,103.04896403891802,62.73475376537706
exog-future,2,1,43129,75.54649964722508,67.14698710365519,96.79743413846688,46.10266551378526
exog-future,2,1,43153,91.56119692088618,77.01523788453258,82.42898742799382,44.68724248146192
exog-future,2,1,43177,82.93414342631489,65.80540441176711,77.39282687571315,12.591907071838202
exog-future,2,1,43201,84.89071806047514,64.95385870431454,80.56601984987596,8.838401683226838
exog-future,2,1,43225,91.03674904978506,77.2444246242784,90.73554524114988,29.422324960048662
exog-future,2,1,43249,92.1252832983656,82.3200790922596,91.67217571903107,40.29228351483327
exog-future,2,1,43273,81.27169543978093,68.89273583721044,87.03260642607357,16.263576298480114
exog-future,2,1,43297,73.61045672404893,65.57732360015503,104.42567855232434,42.58903464473755
exog-future,2,1,43321,69.07734852026232,60.711047734366005,101.41542649960157,44.57226654390752
exog-future,2,1,43345,64.10397149563597,53.77158731006425,84.70424578106758,28.34222457709557
exog-future,2,1,43369,64.84822974564517,50.69576268113336,76.44816630822989,5.722520249487212
exog-future,2,1,43393,50.85020967560989,39.74422730720088,72.34435703788643,0.1255996844830633
exog-future,2,1,43417,49.24634825099404,37.2979113124232,75.4067263599004,5.791661027186307
exog-future,2,1,43441,44.31628068814095,38.13748618745287,77.34649632837942,19.110835571248117
exog-future,2,1,43465,41.56691856629521,32.02425672449379,56.32185648840954,5.467258724685907
exog-future,2,1,43489,45.43520560176604,37.55864890417973,73.96364975637194,18.572087026885963
exog-future,3,1,41641,85.72588796472647,60.94454738270586,53.63296456185136,-2.739577680416281
exog-future,3,1,41665,120.22841125698392,85.04654940969542,54.483881753413165,-44.49162590784425
exog-future,3,1,41689,129.00775698291332,97.923468994938,56.08740023055394,-71.192639909282
exog-future,3,1,41713,133.4013100282971,105.37078151831342,63.707824765015,-86.260383104749
exog-future,3,1,41737,141.0636023699659,107.60414691280072,78.63772055431679,-96.32014588351954
exog-future,3,1,41761,130.00967809689624,100.60880307339568,94.39872341876864,-91.32963727087902
exog-future,3,1,41785,120.48749022682752,89.26160500307027,89.91522311168913,-79.00733035956185
exog-future,3,1,41809,87.1277206726692,61.20064909632005,83.19554921756568,-41.38053881174474
exog-future,3,1,41833,68.36028588304204,55.01235350913265,80.57123112064227,13.10662012260329
exog-future,3,1,41857,57.20412649651349,47.21884706401424,83.17950328958561,35.30330139815692
exog-future,3,1,41881,66.17862480394561,59.900859982251255,93.03412318726222,47.176088806866005
exog-future,3,1,41905,80.34340438705864,64.93573128019112,73.39809053036885,15.025998820326349
exog-future,3,1,41929,75.07590124465493,58.81645485901806,53.31185530902344,7.907168779333282
exog-future,3,1,41953,81.52712107337902,65.98293204857876,57.15303315641423,15.11884198310477
exog-future,3,1,41977,84.75732676945893,71.71357472009504,54.23017595936015,27.97057260341961
exog-future,3,1,42001,84.59664974477369,72.59884742828574,47.68094800688879,28.890887851628975
exog-future,3,1,42025,90.43133061891442,77.72392183927894,47.96005749762068,14.193347178523378
exog-future,3,1,42049,113.18925973499069,98.19447155011927,54.51001859306448,1.280245620092747
exog-future,3,1,42073,109.63074498394836,93.53774156661314,70.15376954692798,16.605049838961442
exog-future,3,1,42097,111.22331390958014,94.41360701517137,79.05564536348358,17.30129606120558
exog-future,3,1,42121,116.72743516099644,98.65752696721955,79.06402218924072,23.902046839824923
exog-future,3,1,42145,102.90230231566444,78.01623858171808,68.80447010602573,-10.437637538041972
exog-future,3,1,42169,82.90578553566874,59.968212484368415,57.45715230087187,-14.509938881699323
exog-future,3,1,42193,77.66146587340124,51.771229135146605,54.75440240931753,-13.274788905112176
exog-future,3,1,42217,65.22515017164777,48.10580519336207,68.72144520135791,23.51039304961093
exog-future,3,1,42241,54.65815068262884,43.74688019332412,58.92245808968346,39.85682281133936
exog-future,3,1,42265,74.53105679141379,60.8217103160412,71.37375453472588,59.28441658059702
exog-future,3,1,42289,71.58260528313745,60.84025209036075,67.49396478915283,60.09779132819064
exog-future,3,1,42313,80.08950105499142,69.22927512265501,86.98220875654866,65.52593930503333
exog-future,3,1,42337,99.12916176781506,84.87205729174018,107.86157082512806,83.39716884706856
exog-future,3,1,42361,121.99052981611668,108.77501782739888,125.46158626768651,108.77501782739888
exog-future,3,1,42385,102.73052546024029,94.55080631601402,115.43903532303187,94.54975882536188
exog-future,3,1,42409,92.53687643690306,84.17177381299362,99.16974163188232,83.53684574802678
exog-future,3,1,42433,72.0023839414977,61.22130173458089,88.67934211703226,50.54975782906668
exog-future,3,1,42457,67.30783269506263,58.15537429135191,84.50385236385488,54.12636831305361
exog-future,3,1,42481,81.29692322497716,70.7361654138792,102.46830481899411,69.77651881804593
exog-future,3,1,42505,68.59079235006888,61.168337988315045,92.04457018339856,60.19070705972686
exog-future,3,1,42529,53.89484922537322,40.28762480933709,86.62465861411613,30.78516694180556
exog-future,3,1,42553,47.55572635905051,35.355898082118664,71.87398204219438,13.167373355752794
exog-future,3,1,42577,59.81468270036,41.97237681063968,102.6461241430457,-15.765973929075257
exog-future,3,1,42601,61.23742380809646,37.93943258793712,86.41003904653599,-12.866009068824404
exog-future,3,1,42625,59.04913850264781,34.37243258003051,71.23783112934544,-18.19750209933017
exog-future,3,1,42649,72.45048106186222,48.41068392205459,51.55731530864568,-28.22399952304585
exog-future,3,1,42673,107.40393437442592,76.54015163566952,59.68802397334093,-72.31818601349227
exog-future,3,1,42697,111.05676217516498,83.16598116747438,61.17340900456919,-77.38470013226568
exog-future,3,1,42721,101.42120045921662,69.93868559081169,50.54485843216786,-62.51498455075848
exog-future,3,1,42745,92.08421032200398,62.48701731825161,40.79939912094117,-46.884435135727166
exog-future,3,1,42769,98.6171787960626,72.76317885640657,46.60809367787952,-53.258126374441936
exog-future,3,1,42793,99.84123131378628,74.34444562901552,45.52229184463476,-56.402637688622775
exog-future,3,1,42817,90.3081414620589,64.33185967621668,41.043408041491816,-37.37121883463648
exog-future,3,1,42841,81.00931675159242,56.22311698115812,52.88842104940406,-1.54143346608921
exog-future,3,1,42865,74.38303909494408,53.58875178527338,53.41114348410707,12.498746191897109
exog-future,3,1,42889,82.54431685649391,59.89781051612896,45.53003929425416,-10.02662691925066
exog-future,3,1,42913,85.86765671027656,63.44738689704466,55.56958459759981,-18.854155575871545
exog-future,3,1,42937,79.35025356539661,53.77242643620453,66.56574736636746,-22.23059510013812
exog-future,3,1,42961,70.70175404470463,45.95228721203607,54.20227676525281,-19.89544678583524
exog-future,3,1,42985,58.83620308049368,44.728286775580486,66.79510051048102,14.519269184525914
exog-future,3,1,43009,60.5242498390808,48.16798211789303,79.42426240618174,23.74684077146264
exog-future,3,1,43033,49.61702197444816,41.82612616402548,87.31817435388733,37.3015531733901
exog-future,3,1,43057,62.65506737702099,54.24646250661569,105.87225672861602,51.90615889499035
exog-future,3,1,43081,73.0791362874639,65.53449130083752,114.2215279908743,64.32913156431515
exog-future,3,1,43105,75.26912611029694,67.86202785639259,106.09037353968247,67.29960596820159
exog-future,3,1,43129,75.34530663874794,67.30096642380404,96.78205601666002,48.44338104688504
exog-future,3,1,43153,88.93534085773568,73.87986028364585,81.31902358466787,37.34524085576665
exog-future,3,1,43177,83.67388674304273,67.6001354790275,79.2206724581139,15.645692882042535
exog-future,3,1,43201,85.23500843636975,66.02189426895136,79.78319565725823,12.176639809752892
exog-future,3,1,43225,91.89082630397426,78.60274677164365,91.8862127358198,32.433064339756726
exog-future,3,1,43249,95.10634744869132,82.29456040673665,90.71963411290788,35.165038098837094
exog-future,3,1,43273,83.90066493350714,72.63524583413937,90.12014066193736,18.655688403650487
exog-future,3,1,43297,76.18956425173496,69.32705367319035,107.22311381014204,47.46553360768364
exog-future,3,1,43321,70.99314517209363,63.27168572596412,103.3988658181177,47.96842127375114
exog-future,3,1,43345,65.04350268797464,54.10573764045844,85.40426723678051,25.04262405568809
exog-future,3,1,43369,65.37829531583019,49.52785323711515,73.13149587430067,-2.181794685382308
exog-future,3,1,43393,63.22696060781229,40.69732830413164,60.42260768200129,-22.71041844940133
exog-future,3,1,43417,58.36091152127883,40.65441514769319,77.62967420332947,-6.396003487218215
exog-future,3,1,43441,44.43075265494243,36.691052450685234,75.19145340258785,15.450274930209822
exog-future,3,1,43465,47.58195675664404,38.5604949018236,67.56374441119213,3.019681196383184
exog-future,3,1,43489,46.07096315314093,38.14399126645898,74.58230610756476,20.85776418636438
exog-future,4,1,41641,83.96335614296072,60.09992683889738,52.89287170208786,-2.172069954917609
exog-future,4,1,41665,117.42223176062583,90.57924418663728,63.759317075676655,-29.082541770304037
exog-future,4,1,41689,126.37473741578506,101.24884953525576,63.673918913899264,-58.84200263766876
exog-future,4,1,41713,132.6815804370523,105.27658129686458,62.31062165382736,-84.72529087792533
exog-future,4,1,41737,139.87881599663896,106.83119477461406,78.62407102066791,-94.53561953219388
exog-future,4,1,41761,129.44066757507852,100.045552309232,93.71045639684058,-90.50603549319472
exog-future,4,1,41785,118.79663627206877,88.5848959368105,89.23340915284109,-75.67744418308739
exog-future,4,1,41809,86.70076969997054,63.84235525109361,73.55734075022684,-33.058831065913694
exog-future,4,1,41833,69.82483171436331,56.7485707204282,76.95652562670661,15.396436456414202
exog-future,4,1,41857,59.425657219831805,49.79408734457446,85.96043883857077,38.19817324661393
exog-future,4,1,41881,75.39719021312708,68.58063083964446,98.5041382113418,54.53936005974192
exog-future,4,1,41905,81.42013684986809,66.76692021939779,74.93730403503879,18.09233999786468
exog-future,4,1,41929,75.69389603859585,60.159022264011256,54.55700373693988,10.392473844642485
exog-future,4,1,41953,81.74474987970484,66.61228520662429,57.80450409899471,17.053349151179656
exog-future,4,1,41977,85.30003269293191,72.33477015205267,54.67943040642007,29.61427097099605
exog-future,4,1,42001,85.00779630857748,72.86560371879978,47.968164372906806,29.7504404065044
exog-future,4,1,42025,90.54435381369537,77.79488596218565,47.97502105395246,15.72329600251468
exog-future,4,1,42049,113.074329122143,98.57011436748036,54.63649346052312,4.076741724886076
exog-future,4,1,42073,113.7730231858676,97.61396427301148,70.88801494695439,22.052838679493878
exog-future,4,1,42097,114.27828351733928,100.19842510731824,79.61434963209342,34.39169534569627
exog-future,4,1,42121,114.2110319462772,97.74562915305056,76.61864425200497,25.40637265956076
exog-future,4,1,42145,100.58544188523123,80.5804079655845,67.19086611562463,2.1509404082816315
exog-future,4,1,42169,83.53688554573843,65.32655744427514,59.56348230723708,-3.8395742978209455
exog-future,4,1,42193,76.80788581604571,54.5308512094532,53.84233674297493,-2.765834294962948
exog-future,4,1,42217,65.24949370284402,48.08405695087932,68.47311954333848,25.286207353610177
exog-future,4,1,42241,70.48638682237458,58.25917207901373,70.820782906721,54.62447387243267
exog-future,4,1,42265,86.37387758046974,74.10971785748559,82.50181331705313,73.63111421168175
exog-future,4,1,42289,79.5517392246638,69.54402755703731,76.41009345371901,69.09855730558205
exog-future,4,1,42313,90.48265642117332,77.92645333817254,90.45880597382364,74.95203452944125
exog-future,4,1,42337,112.03601761436737,95.79107209184124,112.03731226011593,94.6155032969775
exog-future,4,1,42361,128.71577004305982,116.5232021688859,129.26870236066438,116.5232021688859
exog-future,4,1,42385,115.46785533800634,105.93665507775609,119.97733417179408,105.93665507775609
exog-future,4,1,42409,102.41662594772772,94.92589331358464,103.85573079120014,94.92189968972438
exog-future,4,1,42433,75.33949271406586,64.72817931801448,77.1903172188677,57.54065606037619
exog-future,4,1,42457,70.11645892004188,63.92369867332599,91.2783814638743,61.298721333702666
exog-future,4,1,42481,78.30713479606239,69.61490506684909,102.16946867028176,68.78653238839449
exog-future,4,1,42505,70.95166854057278,63.04921263882278,96.56062810814512,61.69110338106638
exog-future,4,1,42529,65.31893100957213,50.64459022719544,81.90485005420149,48.6822279010241
exog-future,4,1,42553,49.72367263742692,36.57038421838016,73.259115221065,13.332990319092591
exog-future,4,1,42577,60.23542875636922,44.06201166526743,92.21512348750068,-0.5609226104849356
exog-future,4,1,42601,56.48250084732381,40.13097194198372,87.02576747152987,1.6048483776720972
exog-future,4,1,42625,51.65828002604046,35.45152171372513,77.48658231500659,-2.905212827537551
exog-future,4,1,42649,71.39405943709139,50.23992962136275,51.90594594330129,-22.12540885795884
exog-future,4,1,42673,96.75133561082188,69.38268554251992,47.23641814876135,-55.70338427933463
exog-future,4,1,42697,111.32941290841116,83.02336446127653,54.99035475958279,-75.87605091938433
exog-future,4,1,42721,99.06700182538344,68.67789795705433,47.69603947846881,-56.98270813451737
exog-future,4,1,42745,88.75925546669953,63.31818865293997,45.078704307597775,-37.59941705164344
exog-future,4,1,42769,93.46708992079076,71.49706086784283,47.86751610391591,-40.33994902888914
exog-future,4,1,42793,95.98786424339944,72.3418859858318,45.54144054022065,-48.059553481072
exog-future,4,1,42817,91.8777310947086,65.83813935662008,42.12239320808829,-36.75022981978856
exog-future,4,1,42841,80.97896554952344,57.10933139586086,53.477722882285526,0.0677288384899405
exog-future,4,1,42865,79.40199482473894,60.11970260857648,55.841731230070856,22.231531241097837
exog-future,4,1,42889,80.6928855047647,61.08887837689955,48.00463239124052,-0.8688734178248539
exog-future,4,1,42913,80.83170263299365,61.252135966541054,55.25594947826,-7.149449587417443
exog-future,4,1,42937,77.59453402845531,53.8361691484508,63.25455604073931,-14.63259963838524
exog-future,4,1,42961,72.88685786096661,47.67256212734952,48.54156704732377,-13.265885447680494
exog-future,4,1,42985,60.97079746806938,48.80071328096134,72.770755107008,20.0444405283014
exog-future,4,1,43009,60.69897482741979,48.67128167589487,80.33567163036578,24.41781240711465
exog-future,4,1,43033,50.40164705903461,42.5945015072799,88.20891454487936,37.81908445000979
exog-future,4,1,43057,60.3021285347899,52.10104695695996,103.85586175722732,48.59543858409994
exog-future,4,1,43081,73.63643083186359,66.0782231733623,114.70255237869948,65.17840635918722
exog-future,4,1,43105,75.97963241601798,68.32721306498836,106.29791036146672,67.96121393279152
exog-future,4,1,43129,92.0290130599734,81.45717578131273,103.08459218045974,63.42154659794706
exog-future,4,1,43153,96.8648945249628,82.86912323629006,87.8412282315881,52.30366799785526
exog-future,4,1,43177,83.14851522450223,67.73374994063104,80.11652585621614,17.531780546368914
exog-future,4,1,43201,85.24463332495537,65.97161324917695,79.68934355154786,11.624439631259223
exog-future,4,1,43225,92.32409248135552,78.96198751712397,92.43393720641208,32.03048765273525
exog-future,4,1,43249,97.25607348253963,86.69905546647412,93.84996070135432,41.04980839733529
exog-future,4,1,43273,84.67098223397792,73.21029939700377,90.45804063952156,18.380447839949152
exog-future,4,1,43297,75.84267695645678,68.75046770381554,106.81970515566148,46.325775283698285
exog-future,4,1,43321,70.94811654651436,63.37680339685063,103.57602241537498,48.26191849922638
exog-future,4,1,43345,66.26658791025034,55.54537799974588,86.59126433093226,31.91958851460637
exog-future,4,1,43369,63.02218571975581,49.11758314933578,72.19307422949424,8.993306980387214
exog-future,4,1,43393,56.35846202447177,43.19333078267199,76.43008312024848,-3.5232082436076504
exog-future,4,1,43417,55.644382867954825,43.26868050814996,87.6906736674474,4.579561511497984
exog-future,4,1,43441,47.49656489864325,41.69330762145099,82.52524069625737,19.436693859766272
exog-future,4,1,43465,45.33090510498093,38.0123155950083,67.56361377609232,9.906164421573711
exog-future,4,1,43489,44.82223224063054,38.7548806396681,76.86899736979485,19.6952586589728
exog-future,5,1,41641,84.00102694339016,59.95709542697841,52.65400720626475,-2.4818355679263444
exog-future,5,1,41665,117.19348879231022,90.3080605952781,63.38999129227189,-28.78252028927563
exog-future,5,1,41689,128.62783913200266,97.83733553580264,55.2589967239612,-70.17533863386399
exog-future,5,1,41713,132.65985083357484,105.0912961454107,64.45978901223877,-84.94953864375198
exog-future,5,1,41737,139.9001865651412,106.81546687279815,78.5488565245356,-94.64318288071442
exog-future,5,1,41761,128.9356445837691,99.2886775824214,92.73724574161248,-90.86358893677422
exog-future,5,1,41785,118.8405118743143,88.59752718205003,89.06931078468683,-75.74289651648913
exog-future,5,1,41809,86.57004285508819,63.87431180486181,73.407710029609,-32.83129510223638
exog-future,5,1,41833,70.17656228552512,56.8012814080692,77.15651441203946,14.885874237342726
exog-future,5,1,41857,59.47472005324085,49.82533668985781,85.56376271272342,38.35471054845684
exog-future,5,1,41881,75.67394167741821,68.9127869287275,98.7073230723024,54.89572765090214
exog-future,5,1,41905,81.47295940838966,66.85365415357896,75.01129494769033,18.14876071176227
exog-future,5,1,41929,75.81557434176348,60.28948005958486,54.70724415511214,10.356319574079512
exog-future,5,1,41953,81.80456918676161,66.75384252868423,58.02982816347957,17.060282510949186
exog-future,5,1,41977,85.49076558025573,72.5263552165591,54.78833503969663,29.666753780018546
exog-future,5,1,42001,85.1893955565598,73.04104902823288,48.04881250892529,29.85947282824148
exog-future,5,1,42025,90.76876394383498,78.02373863104525,48.0855340435897,15.87363847654881
exog-future,5,1,42049,113.14581302957905,98.63681647894104,54.66453991326913,4.060981160566712
exog-future,5,1,42073,113.93790843035808,97.78157247534055,71.02954472537503,22.193069890397407
exog-future,5,1,42097,114.55817950743592,100.46641124790528,79.79327404639753,34.550397901980205
exog-future,5,1,42121,114.49682736804888,97.9906543011068,76.29712227020684,25.645798176014143
exog-future,5,1,42145,100.83386873910295,80.8072352650455,67.133350482297,2.438286412934496
exog-future,5,1,42169,82.93698951619616,61.16741939127786,58.021307305906014,-12.118310886034092
exog-future,5,1,42193,76.96449533522006,54.74384099321525,53.990902902965786,-2.4280768330189577
exog-future,5,1,42217,65.53685814726126,48.34003651657347,68.52499428499408,25.57850738463566
exog-future,5,1,42241,72.81587851811999,58.805747685256286,70.63906959947445,54.61592374657105
exog-future,5,1,42265,86.51068339351208,74.2842257339876,82.68362562316412,73.79037560050085
exog-future,5,1,42289,79.56465382317538,69.82218319351423,76.80169545868732,69.36990565653137
exog-future,5,1,42313,90.9071385845128,78.35788244884709,90.63352586493798,75.45753823274023
exog-future,5,1,42337,112.4435990613138,96.21798397108718,112.14474488882148,95.12345714123886
exog-future,5,1,42361,127.84802781954022,116.15184847571106,129.94197647223882,116.15184847571106
exog-future,5,1,42385,118.41195870810634,108.9387472345986,121.13500660310466,108.9387472345986
exog-future,5,1,42409,99.16970513507934,91.12788540404048,102.47246860080696,90.89442659330136
exog-future,5,1,42433,73.45146592334416,62.04954364686468,85.82318195922858,51.910913249163634
exog-future,5,1,42457,69.03983595228561,62.169660199912606,88.49506376416544,59.0037277596347
exog-future,5,1,42481,78.93888801951833,70.24737602504544,102.1519795871164,69.4626266026125
exog-future,5,1,42505,71.61042457745117,63.70770690488311,96.61759920899594,62.39625594094996
exog-future,5,1,42529,65.53766528064678,50.82292942004154,81.75621784116812,48.92205156528449
exog-future,5,1,42553,47.67026897714788,35.65951485964651,72.75718387944553,13.71175381049902
exog-future,5,1,42577,59.68589982433832,43.44432051970416,89.86799969015983,-0.5199508581010454
exog-future,5,1,42601,56.540895159701485,40.376633777843885,87.23266699083686,2.1541509436768163
exog-future,5,1,42625,51.60350926223685,35.56959973671227,76.8853408729525,-2.467250848089931
exog-future,5,1,42649,71.16159619263347,50.448873246305936,52.45050819076178,-21.350675417877643
exog-future,5,1,42673,97.17644812388912,68.58692978724561,45.48946591947224,-58.04969669698395
exog-future,5,1,42697,110.7394322364101,82.60796071343258,53.9464907941956,-75.02028666629269
exog-future,5,1,42721,99.59967587886656,69.38306446899291,48.13845705048676,-56.1864304058245
exog-future,5,1,42745,88.43181144891278,63.33468957228912,45.47780645897516,-36.86010871240832
exog-future,5,1,42769,93.15283525797264,71.45716501527949,47.98653689172804,-39.67959345424529
exog-future,5,1,42793,95.46941287042117,72.07961930458677,45.49028948510677,-47.27351029535652
exog-future,5,1,42817,91.37726212568975,65.55954371853426,42.114719834306094,-35.98286564237093
exog-future,5,1,42841,80.88035216347843,57.1968402549218,53.35676969591632,0.7916107978060235
exog-future,5,1,42865,79.57711626825665,60.5080490844561,56.08794097550052,23.01253070179596
exog-future,5,1,42889,80.85940172029791,61.29874734531534,47.27451150290735,0.0392975878512461
exog-future,5,1,42913,80.75438107491668,61.33464802169733,54.92342046148274,-6.336473305271495
exog-future,5,1,42937,77.40992535472023,53.82417121193313,62.15637431426222,-13.695377240149543
exog-future,5,1,42961,72.66146700663406,47.85676318986973,49.144886415972216,-12.176838113157862
exog-future,5,1,42985,61.644809721426505,50.03716846360288,75.15144782642453,22.79343719938979
exog-future,5,1,43009,60.984029173544855,49.23880229355721,81.14782780642588,25.39057678480056
exog-future,5,1,43033,51.2120939745333,43.55526980535889,89.05946754244512,38.92114091060688
exog-future,5,1,43057,61.053605669194894,53.00826052475039,104.68254622772486,49.65570503329086
exog-future,5,1,43081,74.63289564247381,67.14754512273629,115.46122445659176,66.33679663377163
exog-future,5,1,43105,76.82180213134669,69.27194436011125,107.179307765618,68.95653041346752
exog-future,5,1,43129,101.32339216731404,88.81831312827386,105.56834099439318,71.14006326474862
exog-future,5,1,43153,97.25374277501837,83.37727928623086,87.99943356545286,53.049776967672656
exog-future,5,1,43177,83.61230931925262,68.47697619804019,80.48388482924051,18.62985577140004
exog-future,5,1,43201,85.34912185266839,66.47499263350203,80.40681879153652,12.704267024046642
exog-future,5,1,43225,92.42361969514012,79.38872170242709,92.9779265820234,32.88273652239665
exog-future,5,1,43249,97.70987850803586,87.41706709613668,94.26912787960946,42.16853656337825
exog-future,5,1,43273,84.93525482584376,73.81426412151897,90.95337434168432,19.468155713670004
exog-future,5,1,43297,76.89320082009823,70.08569617504475,107.68939882878486,47.75711086553167
exog-future,5,1,43321,71.73131907195575,64.33608676607987,104.24111014871956,49.36516625864366
exog-future,5,1,43345,66.72047847023507,56.13964213963504,87.04429294538683,32.966117681752095
exog-future,5,1,43369,62.23541289801848,48.25509264409563,70.32471753946022,10.335098619119863
exog-future,5,1,43393,56.38190132944205,43.61241438772083,77.35919128690944,-2.4446521918561284
exog-future,5,1,43417,56.35797992877659,44.277482547763135,89.29041696832029,5.721186336945896
exog-future,5,1,43441,48.00265574194582,42.43488263744795,83.52721438902174,20.583944356178957
exog-future,5,1,43465,45.41500328356548,38.323161161150345,68.06714953696432,10.720045871694811
exog-future,5,1,43489,45.37622746621534,39.45184045634807,77.73668854981428,20.77458567461096
exog-future,6,1,41641,83.95557412170201,59.63556059882495,52.10119875657553,-3.024748161975925
exog-future,6,1,41665,117.21913082150375,90.16189317314765,63.15185507186664,-29.10639521724061
exog-future,6,1,41689,128.70436783547697,97.6896229617886,54.943135703049,-70.65451104815354
exog-future,6,1,41713,132.75445132228015,105.02209565072631,64.21944165048423,-85.34446805717275
exog-future,6,1,41737,140.06825244934385,106.89196639744296,78.51079378187026,-95.05756322440917
exog-future,6,1,41761,129.0476136062127,99.38663868153964,93.0994207426721,-91.16629303659802
exog-future,6,1,41785,118.85658450319794,88.52833707685882,89.22849593771228,-76.05394537310619
exog-future,6,1,41809,86.47850740963769,63.67058339277663,73.37626842190271,-33.14881155195998
exog-future,6,1,41833,69.95034568857113,56.42883665192649,77.3770593889603,14.31233854466402
exog-future,6,1,41857,59.08794413843973,49.335978702857055,85.36861927352597,37.81412255384135
exog-future,6,1,41881,75.24693287156211,68.45739763521999,98.43714289800609,54.40421518697336
exog-future,6,1,41905,81.21887598313472,66.44047767120571,74.63911155394443,17.58743713197078
exog-future,6,1,41929,75.63111658725677,59.96773729420617,54.41658495122462,9.876600046955408
exog-future,6,1,41953,81.59242373450104,66.45177257279595,57.75996998591063,16.611154133548542
exog-future,6,1,41977,85.32604283100241,72.31380797621857,54.62490909880751,29.294240937690667
exog-future,6,1,42001,85.34498331674932,73.27854866552758,48.029749816936274,30.371415318354394
exog-future,6,1,42025,90.7740018330298,78.02636332716841,48.07508969401184,15.733580826937292
exog-future,6,1,42049,113.13502656129508,98.60304987474916,54.652283866369054,3.796265023172417
exog-future,6,1,42073,113.93271846383584,97.6983995729825,70.98102072937664,21.918000057449824
exog-future,6,1,42097,114.48075682116315,100.30070866710984,79.64889747439436,34.159776520105275
exog-future,6,1,42121,114.45945992954104,97.89789118523797,76.81397354038049,25.324740540039144
exog-future,6,1,42145,100.86716875385476,81.28551264381774,67.0406430090562,3.640573756386099
exog-future,6,1,42169,83.00152406475513,61.07729586366192,57.922933447259005,-12.436322346015562
exog-future,6,1,42193,77.00565294906018,54.65193690595751,54.13554664810901,-2.747021384712696
exog-future,6,1,42217,65.42010046477424,48.16688547387404,68.35280267375558,25.13066188907513
exog-future,6,1,42241,72.57303608862136,58.37136493338132,69.95563128291182,54.11718345943192
exog-future,6,1,42265,86.32588721588637,73.93735583510612,82.31963251123211,73.43945733220534
exog-future,6,1,42289,79.25740188413509,69.38634977089698,76.33193603186513,68.93165985201429
exog-future,6,1,42313,90.6878896811187,78.12214238302646,90.47307548891344,75.17260329012949
exog-future,6,1,42337,112.32752282664872,95.84369452514868,111.16898543639284,94.50949305563012
exog-future,6,1,42361,127.51943849347586,115.6723383885418,129.7346156510786,115.6723383885418
exog-future,6,1,42385,118.13984668721731,108.5362348329973,120.95647865575928,108.5362348329973
exog-future,6,1,42409,98.8106935733577,90.68489103763048,102.25694436668522,90.43212337612206
exog-future,6,1,42433,73.42213480079025,61.98762600054032,86.97633681439207,51.66384057565829
exog-future,6,1,42457,68.65591040361845,61.70701624873776,87.962818717781,58.48100876628944
exog-future,6,1,42481,78.53951489461296,69.77635214405124,102.33851803945907,68.92510680812262
exog-future,6,1,42505,74.8560008383596,66.24900479575366,97.52532263173902,64.98240317009186
exog-future,6,1,42529,65.5014441802377,50.70174110779045,81.92200217163497,48.71202992092745
exog-future,6,1,42553,49.95489373112656,36.77298393044399,73.5482331671692,13.58045088891462
exog-future,6,1,42577,59.63876955270246,43.39455630933838,91.81385778570028,-1.0697425004348295
exog-future,6,1,42601,56.48454608026199,40.10170438147986,87.10619503017055,1.5769376642082042
exog-future,6,1,42625,51.54556510427779,35.299337640968375,77.73659376967518,-3.09619528790407
exog-future,6,1,42649,70.90621903859319,50.13440455060847,52.11158229608211,-21.52646279706593
exog-future,6,1,42673,97.06185401448444,68.40873148913232,45.419709333142485,-58.22371129255976
exog-future,6,1,42697,110.68992803748914,82.66342121034786,55.58318689198083,-75.26742997133643
exog-future,6,1,42721,99.4079969283964,69.12577118464453,47.972130179142425,-56.34153735160288
exog-future,6,1,42745,87.94379540202479,62.62731372962848,44.44368037238609,-36.83751591645508
exog-future,6,1,42769,92.84155038206076,71.14892627094434,47.71092754441023,-39.76341812381998
exog-future,6,1,42793,95.2648447533837,71.8669529893319,45.25665571843168,-47.33826884474526
exog-future,6,1,42817,91.3711698890713,65.4156208615731,41.845812476154585,-36.3356565264097
exog-future,6,1,42841,81.27170165861328,57.18691924163942,52.98046055958555,0.2032128272356994
exog-future,6,1,42865,79.3882377530568,60.18684579104882,55.84259069601535,22.601824706866637
exog-future,6,1,42889,80.84587010872377,61.19903648640804,47.348109927879165,-0.239290886428429
exog-future,6,1,42913,80.88856493012834,61.44678656823292,56.88184760524144,-6.773491189619521
exog-future,6,1,42937,77.4449045086974,53.28851077477157,62.8865915021253,-13.024305877548516
exog-future,6,1,42961,72.52366524884948,47.60681519534079,48.60745567629076,-12.785247883968328
exog-future,6,1,42985,61.22256792720045,49.47262325022422,74.59581343904834,22.071118736787152
exog-future,6,1,43009,60.57857131206171,48.63025686714943,80.35796401484816,24.53420212533525
exog-future,6,1,43033,48.44114506800649,40.88413670885431,87.36775498217204,34.86992754107247
exog-future,6,1,43057,60.392737670257546,52.23327846243175,103.9881284269031,48.73186172715749
exog-future,6,1,43081,73.56890200981552,65.76010288776976,114.31853534581262,64.98303398477805
exog-future,6,1,43105,76.16384150405229,68.49192905212762,106.45700202223163,68.16349653765606
exog-future,6,1,43129,101.49490273466532,88.67202023219818,105.25826162335798,71.05153904691358
exog-future,6,1,43153,97.23544812329703,83.17579536551543,87.82277408245461,52.74177573375815
exog-future,6,1,43177,83.4995345032865,68.21364988276625,80.42525881580154,18.11829312600674
exog-future,6,1,43201,85.20083207779403,66.1870111054238,80.09823252864567,12.288197087531406
exog-future,6,1,43225,92.3365554247823,79.1251185648831,92.66104540470268,32.55363053906427
exog-future,6,1,43249,97.51680231679428,87.07159308595058,94.06842155149828,41.95221430580767
exog-future,6,1,43273,84.67792015859449,73.4254074331647,90.6685161970404,18.971330552029382
exog-future,6,1,43297,76.51639648012262,69.58071210212091,107.30758782573288,47.18438794084805
exog-future,6,1,43321,71.28580295078264,63.81882944342498,103.88706225116113,48.776968522815565
exog-future,6,1,43345,66.36359770232374,55.70649056059555,86.72346969525996,32.39420972946449
exog-future,6,1,43369,62.105955316670965,48.02530340895852,70.14424418212306,9.820535408358891
exog-future,6,1,43393,55.40721714795573,43.55404194274404,77.95843685094655,0.1883009294816972
exog-future,6,1,43417,56.51670154741932,44.394524112709874,89.3065286028912,5.592623328340197
exog-future,6,1,43441,48.19579545095117,42.6371985965486,83.69329972208863,20.68317382878156
exog-future,6,1,43465,45.61257337693007,38.482325107099214,68.19047851696125,10.72541077137023
exog-future,6,1,43489,45.43355477056824,39.46970948942211,77.72542041232975,20.59146220014788
exog-future,7,1,41641,84.15001793532944,59.67191217234629,51.83767872144287,-2.9680274030704368
exog-future,7,1,41665,117.20724512897552,90.08600860868196,63.09425360655909,-29.22248471553241
exog-future,7,1,41689,128.61226679635178,97.67600540912706,54.99835359375013,-70.44598363183175
exog-future,7,1,41713,132.74048611885158,104.99540753499808,64.18945635179544,-85.362528183384
exog-future,7,1,41737,140.03799426604124,106.84590739365646,78.44332445700663,-95.00790816486388
exog-future,7,1,41761,129.044984634449,99.35816258793308,92.95703165622608,-91.15483657207962
exog-future,7,1,41785,118.84306537753676,88.50652686628639,89.1172435960952,-76.03111452172834
exog-future,7,1,41809,86.52380880008222,63.6906568943781,73.42336915221918,-33.26734168585317
exog-future,7,1,41833,69.99583294585206,56.49120445779584,77.2965255157144,14.359689605687176
exog-future,7,1,41857,59.31376166788764,49.56146870815022,85.56583157424062,38.00874884686253
exog-future,7,1,41881,75.1649286918416,68.367465399515,98.39009800142205,54.30955162703553
exog-future,7,1,41905,81.3163903299487,66.59468963815164,74.76414090466731,17.807930700522927
exog-future,7,1,41929,75.70987406578452,60.07769519064523,54.5065618134408,10.019776536294378
exog-future,7,1,41953,81.60318739400198,66.47951684901919,57.79136849592099,16.695998126865952
exog-future,7,1,41977,85.33236041490069,72.32186283590784,54.632296308659214,29.33643462281423
exog-future,7,1,42001,85.39955497742157,73.32163957960252,48.049688886584185,30.45739610672833
exog-future,7,1,42025,90.797184945174,78.0475812567386,48.07895104790381,15.844774698585733
exog-future,7,1,42049,113.12735334718406,98.62588199827906,54.656824940658645,3.9840939295990063
exog-future,7,1,42073,113.86340933114538,97.6855167437766,70.95811971562519,22.106477061729542
exog-future,7,1,42097,114.50831141133808,100.34159987925196,79.67333965059088,34.36695390483698
exog-future,7,1,42121,114.5255326295817,98.46168739525449,76.84895744973213,28.223234304356588
exog-future,7,1,42145,100.7529902613561,81.79886342483827,68.19292909920358,4.325094745424248
exog-future,7,1,42169,81.9764988959427,60.45781274884415,57.53166516934065,-12.105356363110165
exog-future,7,1,42193,76.98834872893629,54.6547506995294,54.06924631690851,-2.692917219912109
exog-future,7,1,42217,65.69935629664933,48.64455590181407,68.66297081627009,26.28663505094435
exog-future,7,1,42241,72.59371711861581,58.4205917149938,70.01373659551354,54.1722375242535
exog-future,7,1,42265,86.23735177473239,73.91188495434204,82.36331211840111,73.40622804527739
exog-future,7,1,42289,79.24952888140145,69.43305753246547,76.38871469752311,68.98117716134725
exog-future,7,1,42313,90.66654461806866,78.08620791811657,90.46282511739928,75.13329197154785
exog-future,7,1,42337,112.2964291306422,95.8338659341998,111.12924072543792,94.50749220696194
exog-future,7,1,42361,127.44900028060442,115.64014846572655,129.7329625493512,115.64014846572655
exog-future,7,1,42385,118.07632629639797,108.48765973511648,120.94800917438111,108.48765973511648
exog-future,7,1,42409,98.76648981340564,90.64813552416396,102.23423567780137,90.4032315432312
exog-future,7,1,42433,73.28182629992857,61.860065173064825,86.52750681157764,51.60454932659654
exog-future,7,1,42457,69.4890249323997,61.4505256973389,84.14509577676729,56.90324168940413
exog-future,7,1,42481,78.53165229615107,69.7962796920074,102.39233242351315,68.94376867417182
exog-future,7,1,42505,74.80006187701032,66.18172154934251,97.46274832241242,64.90995409592104
exog-future,7,1,42529,65.37743528652437,50.635531126355936,82.09616856344682,48.61002304426431
exog-future,7,1,42553,49.88229751743994,36.68643582587102,73.41861282592681,13.427569843449955
exog-future,7,1,42577,59.60626033870813,43.37922509004781,91.86473426072308,-1.0870908738495093
exog-future,7,1,42601,56.46188468501516,40.07924853666843,87.07744855146929,1.5563037796362766
exog-future,7,1,42625,51.51132987461637,35.27543536724658,77.8437321857048,-3.165685082016149
exog-future,7,1,42649,70.97044304557961,50.06634437312256,51.91018770885025,-21.775017264580388
exog-future,7,1,42673,97.29386220355254,68.8978455203571,46.58792967744856,-58.02460205106369
exog-future,7,1,42697,110.90790821877758,82.84208187609295,56.09308767628779,-75.5478414116508
exog-future,7,1,42721,99.555079217872,69.17724029720932,48.02093898843665,-56.5852758013629
exog-future,7,1,42745,88.06821389288703,62.63051261157166,44.31170954036853,-37.09687410727992
exog-future,7,1,42769,92.98230804489788,71.18087145691015,47.66554165129676,-40.01046032060543
exog-future,7,1,42793,95.39926314849232,71.89861932219877,45.20814015233187,-47.581063961969136
exog-future,7,1,42817,91.33584303367228,65.39812757052839,41.83805460809659,-36.33423430019176
exog-future,7,1,42841,81.25505580739123,57.20670813301509,53.00431050957823,0.2295037949889217
exog-future,7,1,42865,79.32903478354406,60.11039757179668,55.78274903065118,22.478220149337343
exog-future,7,1,42889,80.88891638380433,61.15903715745175,47.39649663515213,-0.4302526660095861
exog-future,7,1,42913,80.91262655255913,61.42990786178622,56.89109575000951,-6.934130581471521
exog-future,7,1,42937,77.43864351522014,53.26284934536594,62.8832046158683,-13.107421095762833
exog-future,7,1,42961,72.50838286529945,47.60182874101776,48.6338268196588,-12.80476081972749
exog-future,7,1,42985,61.1830456350198,49.45996331795633,74.6287150493539,21.99994680784588
exog-future,7,1,43009,60.538304346218574,48.64622883530832,80.42272550651177,24.51644446122074
exog-future,7,1,43033,48.67712445094836,41.07208424472323,87.45507704776442,34.88401591720135
exog-future,7,1,43057,60.34490873426488,52.19056239590424,103.9671022715334,48.694410056319335
exog-future,7,1,43081,73.56148033343399,65.73840463827781,114.2802396002912,64.96234678113404
exog-future,7,1,43105,76.0713807503623,68.38757675050407,106.28761184896872,68.06601633770619
exog-future,7,1,43129,107.82025220584886,92.43396617794524,105.45041789289829,74.71789694042207
exog-future,7,1,43153,97.1237727394162,83.0798242002578,87.79596108853892,52.55626281191111
exog-future,7,1,43177,83.4473580974989,68.12619271425254,80.43510417674895,17.91601700116662
exog-future,7,1,43201,85.20364373179896,66.16982441494544,80.0806609440109,12.136907603646671
exog-future,7,1,43225,92.31650702037328,79.09110473384557,92.64639157100464,32.40306926283145
exog-future,7,1,43249,97.35017128887056,86.89225456492737,93.99022354682458,41.65914559977534
exog-future,7,1,43273,85.44417309830254,73.97973349696944,90.9919898915576,17.800443681547144
exog-future,7,1,43297,76.46633878092004,69.50025636146144,107.26127546255444,46.977923378679606
exog-future,7,1,43321,71.20780982665245,63.732534047877856,103.83552138322123,48.65714323876608
exog-future,7,1,43345,66.29417230158634,55.637860645846246,86.6833984409418,32.27731207671646
exog-future,7,1,43369,62.08560488196493,48.00424404320053,70.21802685532145,9.842067716512458
exog-future,7,1,43393,55.38680728686001,43.46949980725117,77.83194111280781,-0.0300494008105315
exog-future,7,1,43417,56.43415529967143,44.21038781440587,89.0256282319791,5.339682138725728
exog-future,7,1,43441,48.0080788587266,42.4161163674716,83.47070209792035,20.34591683144728
exog-future,7,1,43465,45.45166847252507,38.28092234643341,67.95175107191793,10.435891430135454
exog-future,7,1,43489,45.31325057520121,39.3176409197551,77.50592244383915,20.43814704075297
exog-future,8,1,41641,84.12654634434658,59.71281172093071,51.91775205854028,-2.858071979376892
exog-future,8,1,41665,117.1869193177132,90.05961683679429,63.07781730067615,-29.23325186844732
exog-future,8,1,41689,128.57706254383962,97.87265564038049,55.7782476277468,-69.20282990705549
exog-future,8,1,41713,132.7101931347189,104.97389119831575,64.19905564793534,-85.33477906503208
exog-future,8,1,41737,139.982970641734,106.80665021806992,78.40040017159421,-94.93251013096771
exog-future,8,1,41761,128.98815860810922,99.31558555569632,92.89663772441,-91.08695001154236
exog-future,8,1,41785,118.76587389400106,88.4623971367143,89.05673456112466,-75.94854563715546
exog-future,8,1,41809,86.54120967945926,63.70949659535507,73.42434872904393,-33.253727285743395
exog-future,8,1,41833,70.03887810009311,56.57137088524247,77.24096617349217,14.488373240146172
exog-future,8,1,41857,59.4337464408049,49.70031915704114,85.64621085883756,38.17138585134597
exog-future,8,1,41881,75.21251403731166,68.41538628923746,98.41826311915194,54.33732757586893
exog-future,8,1,41905,81.37988263067002,66.69402623390636,74.84940865501628,17.943142651482887
exog-future,8,1,41929,75.74215168546695,60.1376943608733,54.562551895946,10.144747055142478
exog-future,8,1,41953,81.61441230929911,66.50727807666829,57.826450908244375,16.80116528957222
exog-future,8,1,41977,85.36400834631385,72.36179605197393,54.656252461736855,29.444402577301062
exog-future,8,1,42001,85.4474171526846,73.3747279946125,48.0766609613157,30.57941926001658
exog-future,8,1,42025,90.8278875788194,78.08464373651518,48.096102910745,15.978188923802426
exog-future,8,1,42049,113.1690845962609,98.69091687499122,54.68241450551007,4.169533798115568
exog-future,8,1,42073,113.88913140269172,97.73951765753782,70.9881728725172,22.247552297801164
exog-future,8,1,42097,114.59174549233369,100.4302165825398,79.71583328166615,34.521787997857174
exog-future,8,1,42121,114.59057332176155,98.53613661045888,76.79634892578794,28.35316130642092
exog-future,8,1,42145,100.78842141506033,81.85927792487675,68.15525711388601,4.43241314107087
exog-future,8,1,42169,84.2523537667345,66.06443448923359,60.16901089168224,-3.586700794645578
exog-future,8,1,42193,77.01314112523072,54.71443210605706,54.09053871716471,-2.5960912957036597
exog-future,8,1,42217,65.70574816877813,48.645417856374856,68.6609143827806,26.37902387583229
exog-future,8,1,42241,75.62109723078635,59.22542442999762,69.73803626058341,54.26041209110233
exog-future,8,1,42265,86.41280286276154,74.09136148298957,82.46655411763886,73.58576881760257
exog-future,8,1,42289,79.33898867648082,69.53987994783829,76.46185591464526,69.08874811097618
exog-future,8,1,42313,90.7499059106496,78.1788527954049,90.50073599031562,75.22865659856905
exog-future,8,1,42337,112.39636962927035,95.94294057548248,111.1420453634667,94.62111461684104
exog-future,8,1,42361,127.55423010177412,115.75446168596326,129.7785903622063,115.75446168596326
exog-future,8,1,42385,118.18280982450302,108.60649588915662,120.99808616298108,108.60649588915662
exog-future,8,1,42409,98.89624184738796,90.77877837810358,102.2896792505003,90.53751058932622
exog-future,8,1,42433,75.68913855130275,64.9595493852881,77.41215693458408,57.769260357089415
exog-future,8,1,42457,69.64607649210453,61.600467793324505,84.23347675313886,57.08375393267824
exog-future,8,1,42481,78.65217582801058,69.92656159268509,102.43171122897743,69.08087013664424
exog-future,8,1,42505,74.92585161838578,66.31168678553864,97.55981196591964,65.04407290850432
exog-future,8,1,42529,65.57815449976664,50.83226286537553,82.06767240797681,48.86873705904221
exog-future,8,1,42553,49.90175561116467,36.7333651034477,73.49245777148293,13.534866135455
exog-future,8,1,42577,59.59069064832164,43.37595812375415,91.7621257440325,-0.9627642822172598
exog-future,8,1,42601,56.44990075648033,40.11582149212261,87.09027545899825,1.6684105595098908
exog-future,8,1,42625,51.501868165857296,35.330987189379336,77.88351411314007,-3.0222125191689138
exog-future,8,1,42649,70.88187241653384,50.050928220113214,51.915135447284,-21.636726045772136
exog-future,8,1,42673,96.17216724293556,69.08231594860239,46.98496905438432,-55.06921403413181
exog-future,8,1,42697,110.80998638518368,82.77131830000326,55.95470512582437,-75.43359738058277
exog-future,8,1,42721,99.45755853316874,69.14941871389722,48.02051383007955,-56.4550977718987
exog-future,8,1,42745,87.99423972359878,62.62699978238416,44.361914722044,-36.96218684349945
exog-future,8,1,42769,92.86615906160785,71.13451096501831,47.67380296972893,-39.85885205927413
exog-future,8,1,42793,95.31387216578489,71.86246113579283,45.20931836046195,-47.4669025810285
exog-future,8,1,42817,91.29356694172064,65.41095682225637,41.89451132012345,-36.178499845545815
exog-future,8,1,42841,81.27638769259462,57.29622396950687,53.055185654681146,0.3969250134259682
exog-future,8,1,42865,79.35691106597974,60.164387644437305,55.80723397723091,22.56237983219893
exog-future,8,1,42889,80.89235891706637,61.159111889616206,47.41773983432867,-0.389745858457012
exog-future,8,1,42913,80.87878642431379,61.39475186084982,56.83448158210695,-6.877235633148943
exog-future,8,1,42937,77.39270770146794,53.24238216800309,62.82793429145501,-13.028231483927502
exog-future,8,1,42961,72.49486237228058,47.62653716565213,48.68766825918197,-12.65074167127499
exog-future,8,1,42985,61.231050437549065,49.552307275632266,74.78990094684764,22.148099121087466
exog-future,8,1,43009,60.60477126454522,48.75338074203312,80.5667509867753,24.677324985515085
exog-future,8,1,43033,48.80803304999777,41.22069607834839,87.6040706014999,35.06174450100484
exog-future,8,1,43057,60.50068829569833,52.35098408278867,104.09802722855814,48.87907087483289
exog-future,8,1,43081,73.72956727695612,65.90628527454415,114.38837755366288,65.14974385157763
exog-future,8,1,43105,76.25271329704199,68.5616050733954,106.4089830292862,68.25259424957845
exog-future,8,1,43129,108.0280502455125,92.62005444645104,105.54289751450274,74.95933479466666
exog-future,8,1,43153,97.37047865969843,83.32672203561587,87.93762838067688,52.91988651178705
exog-future,8,1,43177,83.4363466801348,68.17128585251002,80.48708178994953,18.058819986668755
exog-future,8,1,43201,85.21746640760858,66.24123918975882,80.17831889059003,12.343655024844136
exog-future,8,1,43225,92.47803313769532,79.28724422388146,92.8111332895329,32.70594483682284
exog-future,8,1,43249,97.5006213474406,87.05624810487814,94.0656755704497,41.918724175037966
exog-future,8,1,43273,85.49117788142271,74.09472781150264,91.08308086160292,18.060880434669198
exog-future,8,1,43297,76.60041189868318,69.65511245078538,107.36802093330904,47.14526732580708
exog-future,8,1,43321,71.40235064978698,63.95012896634206,103.98268604924196,48.91784003566555
exog-future,8,1,43345,66.39400987208845,55.76782038992352,86.78398921066284,32.48063938873226
exog-future,8,1,43369,62.131735914086455,48.08230170947643,70.23177090946585,10.14244896213573
exog-future,8,1,43393,55.31185785833801,43.49377729531703,77.68801454310238,0.2181708604384807
exog-future,8,1,43417,56.566473708966186,44.46724431030721,89.39930754010282,5.686671083209156
exog-future,8,1,43441,48.23367887847466,42.68007951012672,83.76059573923908,20.676722865087395
exog-future,8,1,43465,45.58678803145402,38.46603396394623,68.17877113128377,10.72822390898872
exog-future,8,1,43489,45.49565894594029,39.53495751123189,77.74568013157315,20.75519332296261
exog-future,9,1,41641,84.11443421034447,59.71502718562228,51.91390507152088,-2.832475592719434
exog-future,9,1,41665,117.16375324210716,90.10721891329092,63.12990001245022,-29.092441486477984
exog-future,9,1,41689,128.55921099515535,97.87056598754944,55.78251605496492,-69.16818700478868
exog-future,9,1,41713,132.66340622201955,104.96106265024686,64.22901043015338,-85.2577568587337
exog-future,9,1,41737,139.94970885528568,106.78334364543942,78.38282852842676,-94.88248501034704
exog-future,9,1,41761,128.95529383694455,99.28710071817292,92.86405318769803,-91.04922772216302
exog-future,9,1,41785,118.73243668969498,88.43809195256634,89.02661394222973,-75.9049398950793
exog-future,9,1,41809,86.49395327560528,63.70730284470851,73.33426500267764,-33.12039095201038
exog-future,9,1,41833,70.05085487605025,56.58361729852887,77.22369923840819,14.519304195591769
exog-future,9,1,41857,59.43460180490485,49.700173149767046,85.52970363567007,38.19049022355336
exog-future,9,1,41881,75.30833653130988,68.522006682892,98.4817994221286,54.47336934762444
exog-future,9,1,41905,81.37760288122716,66.70235374111317,74.85782413007244,17.958137952746913
exog-future,9,1,41929,75.74598750820176,60.15161028089224,54.57892500834936,10.1679004209135
exog-future,9,1,41953,81.62564322217246,66.54148972734691,57.86115447011548,16.83323616281003
exog-future,9,1,41977,85.3880654769938,72.39694443788778,54.67981987256528,29.47890644328938
exog-future,9,1,42001,85.47160054837622,73.40857043496742,48.095323290030805,30.61655030878772
exog-future,9,1,42025,90.85070645539146,78.1137224127604,48.11081043720078,16.00656832987901
exog-future,9,1,42049,113.15763537509544,98.68280167405676,54.67924379706309,4.15869708233732
exog-future,9,1,42073,113.90473537140149,97.7568454813578,71.00594009918765,22.25896451925715
exog-future,9,1,42097,114.5983691679576,100.4417742825317,79.72777001257582,34.532334559609595
exog-future,9,1,42121,114.61629610739575,98.563914916749,76.7572162859115,28.41844589862617
exog-future,9,1,42145,100.81507627381714,81.88718552554363,68.13933071789103,4.46911415077374
exog-future,9,1,42169,82.02224833903557,60.565689487506354,57.59599493782306,-11.94348706659926
exog-future,9,1,42193,77.02638795615017,54.74431688938882,54.1028194522021,-2.5399843422030592
exog-future,9,1,42217,65.7688746143236,48.70113036323578,68.69013120183618,26.42269113838569
exog-future,9,1,42241,75.63216578623313,59.25384259695646,69.77628873521601,54.29421877603416
exog-future,9,1,42265,86.42807981384131,74.1255586987181,82.50337551064293,73.61984517888799
exog-future,9,1,42289,79.40837718125019,69.61638951264673,76.51980684511015,69.16583167078183
exog-future,9,1,42313,90.82581723340132,78.262720670443,90.54083264272818,75.32386195613121
exog-future,9,1,42337,112.47060513617588,96.02494549518184,111.1253996315037,94.71169943871053
exog-future,9,1,42361,127.65035910366286,115.850336064304,129.81125746739278,115.850336064304
exog-future,9,1,42385,118.2973559942496,108.72270854369162,121.03896937963104,108.72270854369162
exog-future,9,1,42409,98.96844956373508,90.85761583403948,102.32949851695784,90.61690753772616
exog-future,9,1,42433,73.47640158588898,62.024170006762425,86.43875945867174,51.81301641942301
exog-future,9,1,42457,69.69531851605669,61.6484744439836,84.2776651918898,57.124199742528575
exog-future,9,1,42481,78.73371625965636,70.00059282246174,102.4053691651104,69.15990098751746
exog-future,9,1,42505,75.02930469419259,66.41476798664254,97.61977932103404,65.14945301554673
exog-future,9,1,42529,65.60549462860408,50.842586836301486,81.98295177556601,48.893522090986
exog-future,9,1,42553,49.93727198505351,36.78635128911543,73.58309563216234,13.634617337483638
exog-future,9,1,42577,59.6047151417386,43.39675338478692,91.71358888563805,-0.9096559938072372
exog-future,9,1,42601,56.468371004944814,40.15424652623584,87.10896013806871,1.7397324990286822
exog-future,9,1,42625,51.51553843482633,35.36728307829189,77.87181929002506,-2.949709879446565
exog-future,9,1,42649,70.8235509474445,50.09046166836621,52.03820972096419,-21.462083738579537
exog-future,9,1,42673,96.06294941460796,69.06178355790983,47.03422124456609,-54.88713610564524
exog-future,9,1,42697,110.6802607182894,82.67073739644336,55.64258300927081,-75.24832725690214
exog-future,9,1,42721,99.34803202753916,69.1137197028166,47.97858036414795,-56.29021526800929
exog-future,9,1,42745,87.90781153575907,62.620049677913485,44.44307108609194,-36.81056291084529
exog-future,9,1,42769,92.78212880900874,71.11228897752979,47.698375558217066,-39.72592702819523
exog-future,9,1,42793,95.21552371166388,71.82528917938286,45.22194345838049,-47.325541190259
exog-future,9,1,42817,91.24664927502438,65.38099801160271,41.89504243861228,-36.122241939280094
exog-future,9,1,42841,81.26339689055952,57.29572627182783,53.0580295405929,0.4388623082337449
exog-future,9,1,42865,79.38470949554475,60.22831871819693,55.85196391058312,22.669536493955828
exog-future,9,1,42889,80.883915423621,61.18595408437648,47.38522868984809,-0.2529090711905047
exog-future,9,1,42913,80.85273506834578,61.39397211911416,56.78923845108172,-6.753868347875674
exog-future,9,1,42937,77.36985162817291,53.24588217705672,62.64821267578149,-12.9226143809246
exog-future,9,1,42961,72.46034474141709,47.6370831061064,48.73843039299774,-12.547276783154782
exog-future,9,1,42985,61.26684854242608,49.61180022078721,74.83652220122731,22.25887206943204
exog-future,9,1,43009,60.64356370591797,48.81476798914801,80.65222559925138,24.774513294156502
exog-future,9,1,43033,48.63680183927158,41.088746735740266,87.58978618164423,35.08419186612788
exog-future,9,1,43057,60.56748368274697,52.43541481354274,104.17775537066336,48.97352286396123
exog-future,9,1,43081,73.82452397226287,66.00043548138197,114.45146554262269,65.24733872808231
exog-future,9,1,43105,76.30514505020447,68.63410254102465,106.49004324633218,68.32831293336999
exog-future,9,1,43129,108.10758803409416,92.71742491533712,105.62189901867389,75.08648462523576
exog-future,9,1,43153,97.3837453334862,83.3466723885612,87.91241231415712,52.95354712620108
exog-future,9,1,43177,83.50070327762415,68.27041116368947,80.53792729914109,18.18697011435673
exog-future,9,1,43201,85.2364839057519,66.28586158405845,80.25280945766423,12.440765267080971
exog-future,9,1,43225,92.48096351945205,79.3121521019814,92.8560951559562,32.76220715189046
exog-future,9,1,43249,97.56432252864444,87.14160702856529,94.11345017370836,42.03884565484155
exog-future,9,1,43273,85.52094979786919,74.1421965346624,91.1217478959324,18.120119299259397
exog-future,9,1,43297,76.68139266043165,69.76463630485274,107.44746708301822,47.296016061592894
exog-future,9,1,43321,71.4709872052493,64.03668044609338,104.04332204732094,49.01890050476256
exog-future,9,1,43345,66.46741131016267,55.85891516586178,86.85356947865444,32.60770369092999
exog-future,9,1,43369,62.17566292740387,48.14349453399369,70.2790346924858,10.23883835333733
exog-future,9,1,43393,55.344554819862765,43.57466395110166,77.82653276405885,0.3645277815406722
exog-future,9,1,43417,56.61487719903681,44.57799419692073,89.58186268245747,5.861274868048011
exog-future,9,1,43441,48.349427377911496,42.82209865915384,83.92459498724806,20.88912527240304
exog-future,9,1,43465,45.672538841030246,38.58304797885052,68.32432331694429,10.915648255166976
exog-future,9,1,43489,45.60163729906535,39.65553417995312,77.88918014745292,20.906516777282093
exog-future,10,1,41641,84.11228919654658,59.73551559960924,51.94984438812503,-2.786232683454684
exog-future,10,1,41665,117.15646236570514,90.092881290775,63.11760214850718,-29.10615238329492
exog-future,10,1,41689,128.52655324107238,97.86170831893394,55.8000394126314,-69.11894926676683
exog-future,10,1,41713,132.65081449776667,104.94995068449894,64.2256074760857,-85.24939618413809
exog-future,10,1,41737,139.9288311853149,106.76581490905868,78.37166458339071,-94.85349326184044
exog-future,10,1,41761,128.93174622658128,99.2666200245586,92.83549755017512,-91.0214628450278
exog-future,10,1,41785,118.7062098854178,88.42257805852614,89.00419329657848,-75.87554440527218
exog-future,10,1,41809,86.49588811355036,63.70881192313101,73.34108010441324,-33.126892773957536
exog-future,10,1,41833,70.07028492222318,56.61564683464603,77.24382703650366,14.564767076886634
exog-future,10,1,41857,59.48759917982047,49.75901557600454,85.58875906931934,38.25892677516914
exog-future,10,1,41881,75.31392720582832,68.52555815369749,98.4836690806566,54.47277264868891
exog-future,10,1,41905,81.40503089004049,66.74498793670644,74.89200770103214,18.01768076626155
exog-future,10,1,41929,75.76463930943882,60.18148131305562,54.60347536088952,10.2184299617416
exog-future,10,1,41953,81.63782881553041,66.55675187045077,57.87382176725146,16.877725203772837
exog-future,10,1,41977,85.39698647558133,72.40870669992654,54.687216766342175,29.516810602703707
exog-future,10,1,42001,85.48989630393429,73.42792389851832,48.104883587559335,30.663640407698715
exog-future,10,1,42025,90.86042955859529,78.12634364775364,48.11590000581097,16.061381345743232
exog-future,10,1,42049,113.16797932981792,98.70244250880094,54.68645501952862,4.233628125124163
exog-future,10,1,42073,113.90903722050012,97.7741269034324,71.01145194001616,22.31938477578356
exog-future,10,1,42097,114.62586304966176,100.47237962867672,79.74319127941862,34.59473187556115
exog-future,10,1,42121,114.637781604965,98.5899918071557,76.73913723476412,28.47228489923742
exog-future,10,1,42145,100.82268131426002,81.90499050973828,68.11771000356886,4.513381344323919
exog-future,10,1,42169,84.25919490827512,66.11109776921116,60.15937250239903,-3.4770446804970256
exog-future,10,1,42193,77.02552462215446,54.758864122805,54.09708340973203,-2.501680496472859
exog-future,10,1,42217,65.77451071217993,48.705818800043225,68.69226033927886,26.462532920512167
exog-future,10,1,42241,75.6692131220716,59.29713948039646,69.8063382892354,54.342484240061125
exog-future,10,1,42265,86.47064277587764,74.1746434286542,82.53265220409493,73.66955364496579
exog-future,10,1,42289,79.42999256839498,69.64731371574787,76.54057645701255,69.19739131382336
exog-future,10,1,42313,90.84415488742208,78.27901054541942,90.54701744164215,75.34147703188022
exog-future,10,1,42337,112.49683465850332,96.05151203690592,111.13134064390712,94.74073691313176
exog-future,10,1,42361,127.6759908002869,115.88442899934512,129.82573668442566,115.88442899934512
exog-future,10,1,42385,118.33925416887384,108.77006881191512,121.0589791513384,108.77006881191512
exog-future,10,1,42409,99.01526211057158,90.90621171172867,102.34965435575556,90.66846663914536
exog-future,10,1,42433,75.80906318959504,65.06565377817623,77.4099846490517,57.9033498763844
exog-future,10,1,42457,69.73091960491841,61.68568060538134,84.29990273345499,57.176292165859216
exog-future,10,1,42481,78.78517143021165,70.05701296389093,102.43994518710107,69.21866519628232
exog-future,10,1,42505,75.07160041177937,66.45586463146061,97.6453541426176,65.19203515229351
exog-future,10,1,42529,65.64453483653504,50.888633623453,82.01590545661746,48.94971829787813
exog-future,10,1,42553,49.93401742352962,36.79427640668332,73.60607025844538,13.65604646814413
exog-future,10,1,42577,59.59729128881157,43.39534121254552,91.67845943761516,-0.8681651011232545
exog-future,10,1,42601,56.462506477064224,40.16613357446261,87.12218369921585,1.779152185086139
exog-future,10,1,42625,51.50657545992081,35.37955005074778,77.87957652846254,-2.9102196247305625
exog-future,10,1,42649,70.82068519387202,50.089144267475774,52.0247174434672,-21.453578615096088
exog-future,10,1,42673,96.0641878449801,69.06656695689105,47.04179432663814,-54.88480986036445
exog-future,10,1,42697,110.68363649649848,82.67236477705394,55.64032742019784,-75.25046610623755
exog-future,10,1,42721,99.34502912381302,69.11782628113707,47.981328801268425,-56.27969521472487
exog-future,10,1,42745,87.91006748287246,62.62771055360227,44.45552074573301,-36.80316623728089
exog-future,10,1,42769,92.78396605626163,71.11956273735498,47.708008561612544,-39.710883202282105
exog-future,10,1,42793,95.21504360741464,71.82831895256612,45.22684535151736,-47.31302547232594
exog-future,10,1,42817,91.22612525772269,65.38342742841336,41.91436806737223,-36.05729018577685
exog-future,10,1,42841,81.26681071122671,57.32755749945097,53.076835016962406,0.5072380748352104
exog-future,10,1,42865,79.39096171497195,60.244101728048726,55.85743134071508,22.69654234953163
exog-future,10,1,42889,80.8845606556673,61.18668874422448,47.39299825669302,-0.2379054452816181
exog-future,10,1,42913,80.84727347353815,61.38901219711196,56.77858741235504,-6.729363384177387
exog-future,10,1,42937,77.35589360640026,53.242910064164334,62.65403030678052,-12.890160748943917
exog-future,10,1,42961,72.4520748917201,47.64686214673362,48.76733873528216,-12.4886160639578
exog-future,10,1,42985,61.28827911453405,49.64811621367736,74.89569741653007,22.314920348895605
exog-future,10,1,43009,60.67061730654677,48.85582776938544,80.70570176469305,24.84038280596455
exog-future,10,1,43033,48.9253980866801,41.36868511087656,87.7686661089062,35.226515699542325
exog-future,10,1,43057,60.62099886687442,52.49174562207089,104.22402249648992,49.04275035225057
exog-future,10,1,43081,73.88457605902502,66.06473605206341,114.49538779603203,65.31874805251933
exog-future,10,1,43105,76.3680205619168,68.69648513976738,106.53323321678658,68.39487197543266
exog-future,10,1,43129,108.13482985875284,92.74870113085667,105.64027504404817,75.12370503473626
exog-future,10,1,43153,97.43955881645562,83.40876021377605,87.95530265574911,53.04496721526698
exog-future,10,1,43177,83.49975685764691,68.28400460906998,80.55602022730749,18.226439195692336
exog-future,10,1,43201,85.24375958204475,66.31304321526592,80.2854540845439,12.50254855897653
exog-future,10,1,43225,92.52081678311676,79.36791338990956,92.90293800502047,32.843505476608286
exog-future,10,1,43249,97.57400295437478,87.16123520142125,94.12539735677944,42.08088055948953
exog-future,10,1,43273,85.54313249926113,74.1884668667544,91.15689707628592,18.21087352804941
exog-future,10,1,43297,76.72538602629807,69.81737294597279,107.48391372551237,47.354804711578666
exog-future,10,1,43321,71.52452956556613,64.09662356609799,104.08346484726611,49.093161664092726
exog-future,10,1,43345,66.49213671979994,55.89105254879805,86.8776343227517,32.666278046905845
exog-future,10,1,43369,62.18184453342226,48.16263881400791,70.2853207457935,10.339411725359664
exog-future,10,1,43393,55.33740067123497,43.58426617452274,77.85554044127281,0.4077460499605176
exog-future,10,1,43417,56.6076206809783,44.58394897361638,89.59832294555432,5.902316575775635
exog-future,10,1,43441,48.34948326035629,42.82401035381735,83.9303588465108,20.906781343251303
exog-future,10,1,43465,45.66056113922316,38.578024564535454,68.32113180828188,10.93873450299184
exog-future,10,1,43489,45.60817209251902,39.6688011434163,77.9022816854318,20.95205499383016
exog-future,1,2,41641,91.35257397278492,59.765848888059736,53.18978595634799,-19.72356379550989
exog-future,1,2,41665,122.84726833731354,86.75556707850204,57.84615081594068,-51.29833867881028
exog-future,1,2,41689,143.3342835104221,107.12990870270968,63.768236264545685,-84.00852389251547
exog-future,1,2,41713,148.62972280956689,116.61725539810568,69.1035986964062,-103.7883780467146
exog-future,1,2,41737,150.23263572515853,114.80237893518203,86.83948823588965,-108.70992072775832
exog-future,1,2,41761,140.65290816215142,108.95569314257136,101.67440572426833,-104.09753188692916
exog-future,1,2,41785,132.84794732921978,100.25509968709498,99.45788479212511,-91.01778363374376
exog-future,1,2,41809,101.73290685665836,68.8579218216094,89.27319477488919,-53.16999461669436
exog-future,1,2,41833,73.74409094172667,55.07926288724055,87.31196975056983,-1.5325600887453588
exog-future,1,2,41857,54.08790998170632,47.25677162516339,85.25480549446245,36.54190934163986
exog-future,1,2,41881,64.01684936058294,58.4836020325468,92.73005644930268,40.41959780240274
exog-future,1,2,41905,74.85586529973894,57.170043396201024,67.71445877412619,7.311141490896235
exog-future,1,2,41929,68.58829844846116,52.39663311704852,46.13203956754392,0.8713729945170166
exog-future,1,2,41953,67.62048767670606,53.33778011924245,47.91072891113712,2.184330384346989
exog-future,1,2,41977,71.22936950301333,58.614869952108926,45.203920858812985,7.625450015897448
exog-future,1,2,42001,71.42446263770145,59.64910647978699,40.86236072153802,7.12152974862203
exog-future,1,2,42025,83.16234956270377,70.9748708457613,44.48846976843011,-0.9366978079837812
exog-future,1,2,42049,108.26615042844936,90.50834357317277,50.78999779543809,-13.25605923886786
exog-future,1,2,42073,106.73224815250784,88.30656537243907,66.6746434059833,3.715277108336733
exog-future,1,2,42097,105.51123346804616,89.81166251207112,77.41177277334795,17.20387598634115
exog-future,1,2,42121,103.75233312471217,86.51459343299302,73.19243436013664,10.031169177525957
exog-future,1,2,42145,83.302889024184,66.62104317863376,56.44846529583796,1.3881199158491635
exog-future,1,2,42169,84.29099220666352,60.886080618176905,58.85478728635765,-34.66177948211235
exog-future,1,2,42193,79.42023837399778,51.95390823896069,55.80346632728686,-31.75117880164129
exog-future,1,2,42217,54.53902297234532,40.946888600213065,63.56819878093408,10.233839110166445
exog-future,1,2,42241,50.99910625660243,40.6750415142991,62.796594995429246,35.55796708884897
exog-future,1,2,42265,58.75102816233278,48.751607526267016,69.4536230006715,45.17703790190005
exog-future,1,2,42289,61.36016963868662,51.547551475035526,69.1271921945018,47.81156472297471
exog-future,1,2,42313,69.14176205641937,59.279552997525656,81.06044845842064,49.74897980035731
exog-future,1,2,42337,94.99564841842576,79.7887188528767,102.32362410394362,73.61949874104432
exog-future,1,2,42361,98.19151168258198,88.28456270893471,119.6820052656495,88.26006118732955
exog-future,1,2,42385,82.83129832836887,71.44880492293589,101.09789055782824,66.88759970574372
exog-future,1,2,42409,69.06799893002794,59.07559338096791,84.87022528196084,48.84333802180667
exog-future,1,2,42433,50.09853515070096,40.40498968374949,62.11964461180855,28.300204631129823
exog-future,1,2,42457,50.520054783202426,42.50349553424741,76.3797605849439,32.99799236187579
exog-future,1,2,42481,50.13543579164079,41.28195073446197,93.36431444104686,37.710925497581606
exog-future,1,2,42505,53.39989448587427,44.462250863130144,79.26326335994808,41.84251108290006
exog-future,1,2,42529,41.19703174588854,34.36551850928142,79.87871378435491,27.631417082467262
exog-future,1,2,42553,47.852458688482095,27.343594353462013,68.25646923380114,-14.67219089506357
exog-future,1,2,42577,66.37029073456868,45.20316777794252,107.44948636403886,-20.25576763720056
exog-future,1,2,42601,60.32133332080078,36.37966913173314,84.15207853265923,-11.26516652974653
exog-future,1,2,42625,55.55604558871632,32.34209669794908,65.67497975517601,-18.139256201251104
exog-future,1,2,42649,95.57244172363268,59.34775124660447,54.57309296844152,-51.17522076540355
exog-future,1,2,42673,120.98047779464946,90.68960284302788,86.6874898169972,-89.44200508136298
exog-future,1,2,42697,135.8139916907041,106.23570995988692,97.0774561875485,-105.394773884876
exog-future,1,2,42721,121.06920796052698,88.83432609565982,83.76036109558133,-85.83085557082815
exog-future,1,2,42745,107.04764692152216,74.38606008246234,58.78352888749395,-68.38346593247377
exog-future,1,2,42769,112.45906383247753,81.04004497468259,52.8251410792634,-70.39802253359579
exog-future,1,2,42793,121.4238669631902,87.48673936920613,55.70725450274717,-79.83875643600778
exog-future,1,2,42817,109.67195687928306,77.34186822042491,48.00891610070136,-64.1212556033499
exog-future,1,2,42841,84.64711833662317,57.40652892075059,55.12172157623424,-25.414977140390903
exog-future,1,2,42865,79.52976782736859,51.66734280701513,49.65310649670838,-7.106572667468061
exog-future,1,2,42889,93.96115140010848,63.68101028319818,47.55551857118768,-34.27629433669303
exog-future,1,2,42913,84.6107155870211,58.37786620774845,56.99366963009742,-34.014436436111986
exog-future,1,2,42937,85.42842421676295,56.4349676514812,78.35102086539507,-38.82408790685544
exog-future,1,2,42961,83.76614290561427,53.69957714966332,79.56975850192455,-36.70648649923114
exog-future,1,2,42985,54.95679392205627,38.28040355414991,80.97126539057749,-4.515696329358845
exog-future,1,2,43009,62.73536689675375,42.46068042363964,88.59302550817611,23.33327708100772
exog-future,1,2,43033,39.38716393995406,27.180389691229536,70.94075312014971,17.17763605384759
exog-future,1,2,43057,54.10847570214476,43.24024528038821,92.09072765000522,40.19876255968335
exog-future,1,2,43081,57.67088640507942,49.05381394897945,96.08501266104628,46.397531783315145
exog-future,1,2,43105,61.02806279390862,52.26289040023806,97.64201201867073,48.12891810047768
exog-future,1,2,43129,73.31419687881689,62.309439907564446,92.33190390147912,24.494386831073648
exog-future,1,2,43153,68.03031218452615,55.09385680585932,76.15397727610856,13.241700315507495
exog-future,1,2,43177,82.4453098034861,56.48622541754087,76.339826330671,-11.350008019726864
exog-future,1,2,43201,82.08322502550895,58.054822279649485,86.82139127936252,-7.336821804340445
exog-future,1,2,43225,90.80219310440042,69.20160968770614,81.90858962625718,9.642150447267898
exog-future,1,2,43249,86.80202510668175,69.8642537421423,83.12194842436614,13.589649307799103
exog-future,1,2,43273,85.51848924928537,62.74769963037012,75.17679367279533,-9.230890156625655
exog-future,1,2,43297,72.75939755421315,61.419009938558325,99.9829474409176,32.441939829543216
exog-future,1,2,43321,60.521475039478666,49.48857658746134,89.05787637854068,29.580796737438103
exog-future,1,2,43345,60.70927322694237,42.92560675579301,67.28548015458784,1.5494484320202586
exog-future,1,2,43369,61.112901934302805,43.48844954956198,64.92623700958798,-10.112488604225492
exog-future,1,2,43393,60.97970878786999,40.58646648748057,86.70881938750809,-31.96620569256864
exog-future,1,2,43417,53.29597208933162,31.004041535873636,92.02829710345978,-23.30354585846182
exog-future,1,2,43441,41.59499596441096,27.58231199440301,62.76228888067445,-9.849485009263782
exog-future,1,2,43465,51.40783623828388,34.39025899260853,52.63707357810008,-19.510691451596
exog-future,1,2,43489,41.514145763865095,29.07792201091599,70.69662868674777,-8.509412917385411
exog-future,2,2,41641,94.68404133654616,63.83278680836537,52.66112706617649,-13.35401885973952
exog-future,2,2,41665,121.31876180432629,85.82146128600635,56.69639008487576,-47.15950964652075
exog-future,2,2,41689,142.36571864601186,106.26796518870846,64.91069242138707,-84.05841375329285
exog-future,2,2,41713,139.8323476186406,110.73474253231744,66.52426346150881,-94.19589275663851
exog-future,2,2,41737,146.855858094372,112.10705883160502,85.86746680030647,-105.8959554245594
exog-future,2,2,41761,131.96840100858313,101.35742804104072,96.23890575141408,-94.81440815214717
exog-future,2,2,41785,126.95668535246088,95.33797586472797,96.49325904313586,-86.63524527204936
exog-future,2,2,41809,93.28630047118617,62.75010515561082,87.32420928097469,-50.668657166671146
exog-future,2,2,41833,68.25562691869136,51.70540166230808,80.22856148575728,-0.0192813524476518
exog-future,2,2,41857,53.77249228912433,46.04756742451597,82.65248142638774,37.6510706550576
exog-future,2,2,41881,65.04334848286464,58.42552988868044,92.1401338660508,40.52669822175561
exog-future,2,2,41905,55.48575818303204,42.13433899678771,52.35122675067848,13.582089599378444
exog-future,2,2,41929,70.1462424435127,53.48164506443488,45.98423773998783,1.9362565127863396
exog-future,2,2,41953,67.96112855612412,53.406148388904406,47.86972226299942,2.9352666821454854
exog-future,2,2,41977,76.01924033502294,61.75939467102864,45.72859034884868,12.652697055694343
exog-future,2,2,42001,78.92271291476156,67.3184213557086,44.97519477971847,20.904322617354843
exog-future,2,2,42025,83.09545832618436,71.53710801805663,44.76715430626573,2.195134512041162
exog-future,2,2,42049,106.56503180669704,89.85901710346619,50.59639881240242,-9.988593925811776
exog-future,2,2,42073,107.50350122488238,89.6510410078438,67.55002976793972,5.872361614091612
exog-future,2,2,42097,104.89067164825296,89.21504714742898,79.62611001846292,19.59516152878617
exog-future,2,2,42121,104.2495019957654,88.84087029759965,76.08404121202183,18.078093436967347
exog-future,2,2,42145,86.77734124147254,68.87090513877756,63.21961112684845,-1.2909107667223771
exog-future,2,2,42169,82.48415052063194,60.07949901274382,57.61386887283612,-31.418423095560957
exog-future,2,2,42193,72.57780493106208,47.82516135409963,53.18774772752028,-28.75263957533136
exog-future,2,2,42217,55.73708860885795,41.63812524928781,62.97639864240509,12.073863151568132
exog-future,2,2,42241,58.37913075857559,47.07298708387779,67.02100412534566,43.142307760729466
exog-future,2,2,42265,66.43854606763078,56.85513756602464,75.21745462226077,54.21680906532119
exog-future,2,2,42289,67.24197801791058,56.93256556760676,72.84746014266568,54.69560931547554
exog-future,2,2,42313,72.25629018300086,62.47129382854878,81.80030725111594,53.34528509174346
exog-future,2,2,42337,97.23076201204302,81.16425963820987,100.66296618161788,74.90417733490254
exog-future,2,2,42361,104.49500409435734,92.78255237529572,118.7771834508897,92.78255237529572
exog-future,2,2,42385,84.74757815209902,71.028086152036,98.13866766052344,66.94764747181557
exog-future,2,2,42409,70.81702330759364,60.32231122633842,86.41167230531617,51.6197162238132
exog-future,2,2,42433,56.90964683716139,47.062692015243705,76.11395843935694,31.514215450239394
exog-future,2,2,42457,54.447421253613086,46.15823381595345,77.54006437836442,37.056022983453886
exog-future,2,2,42481,49.99679590481438,40.53884397395144,93.40362918430012,36.46594291329715
exog-future,2,2,42505,64.75393718357627,54.93408845276709,84.97483942209834,53.307346271341
exog-future,2,2,42529,49.83129833200593,40.00392138150647,80.84865214956228,35.89913841522366
exog-future,2,2,42553,61.15529462251195,43.48212124106193,95.89649521537297,3.4399258151768315
exog-future,2,2,42577,69.41144516742126,48.84151666667295,114.57410477113524,-17.4470961684127
exog-future,2,2,42601,62.46100479625079,41.05458559375585,83.67104009678081,-8.380870359359093
exog-future,2,2,42625,56.46547417301765,32.31212033583712,66.89543366584529,-16.88386763688811
exog-future,2,2,42649,92.822489694701,57.195786167112026,49.13726144112641,-48.660832970852255
exog-future,2,2,42673,115.2762661583525,85.89739646262896,83.4217099544983,-83.42588485419836
exog-future,2,2,42697,131.50273307869668,102.79061831757706,94.15270506628778,-101.87249040526824
exog-future,2,2,42721,117.38028441751608,87.64582524151903,86.49242908160427,-80.89933137492751
exog-future,2,2,42745,102.76156794973495,71.27312897201595,50.942898041634855,-61.64718332523762
exog-future,2,2,42769,106.62938783904262,77.40549072070728,49.65054099295954,-62.59073525908408
exog-future,2,2,42793,112.6707950419219,81.00898781427979,47.78811626507163,-71.881441387198
exog-future,2,2,42817,103.24364148763893,72.53867449339388,43.93160264394463,-57.86095339691887
exog-future,2,2,42841,83.71215725293109,56.4402319609805,53.47190419106423,-19.230553212835545
exog-future,2,2,42865,75.8567348370603,53.406786752601775,50.43130165761647,6.399882230618102
exog-future,2,2,42889,87.84028342473303,63.35660519498023,46.37983224043403,-19.831632501405608
exog-future,2,2,42913,80.95348744685093,56.723054100136245,56.7704699050554,-29.60980310697018
exog-future,2,2,42937,84.37716740260095,56.26535076877483,80.51965814889053,-34.998835692434376
exog-future,2,2,42961,77.47631079267761,50.02228897817552,80.86675753575541,-32.15249705535391
exog-future,2,2,42985,53.72988330450612,37.84207326427783,80.0170916379171,-3.1718236568913234
exog-future,2,2,43009,64.46389523333005,43.43110761686593,83.95641082557303,26.49695189087539
exog-future,2,2,43033,37.672986765258,25.03471760226617,68.64228685616955,17.339670171372966
exog-future,2,2,43057,47.04653009531232,36.98177350055692,84.68517623224969,35.28669108464438
exog-future,2,2,43081,51.05770254785639,41.94304063227464,91.9682666592302,40.06694917569906
exog-future,2,2,43105,59.7090489818413,50.86852613816492,96.30353875908892,49.46719509061299
exog-future,2,2,43129,73.35601577798427,63.02936089229979,92.83828548587658,27.26998288230438
exog-future,2,2,43153,68.68457725783968,54.9717645251634,73.1978753479477,16.972648175401382
exog-future,2,2,43177,81.51359155059471,57.00599138048128,76.87906800392375,-8.011138474817363
exog-future,2,2,43201,83.19289605029195,59.01824561919231,86.34390098468458,-5.141443420995307
exog-future,2,2,43225,91.3173617102766,71.23296654808055,82.19066596697586,15.856845057159354
exog-future,2,2,43249,89.17733045726803,74.115509685144,86.04173160330521,19.79065141503304
exog-future,2,2,43273,83.22864555715086,63.57108448590437,79.1776526537042,-1.5141965999697748
exog-future,2,2,43297,69.23444515032139,57.493644759053375,97.36473660884737,27.556889794572434
exog-future,2,2,43321,60.68021779116222,47.45399823547447,87.93289468583801,23.46328639150604
exog-future,2,2,43345,57.60579190411595,43.1102546060126,73.73067939448549,7.746606188737751
exog-future,2,2,43369,60.37801461601872,44.17231819740008,64.47688249102083,0.7808073328938272
exog-future,2,2,43393,57.49840169667873,39.43537593426702,67.14215655953649,-14.306888657572252
exog-future,2,2,43417,49.46363851223878,31.079085500357152,74.80959706430801,-12.867774733312878
exog-future,2,2,43441,40.66068680357144,27.282766657428315,50.970108239748924,-6.867833185529602
exog-future,2,2,43465,45.14221489160161,32.96844399637061,54.42398690829112,-8.157522139714702
exog-future,2,2,43489,42.34624588142714,30.75013923233991,60.27170457238032,-4.726717789655886
exog-future,3,2,41641,94.22260638300786,69.02312579733449,58.928070755121134,4.788939194257171
exog-future,3,2,41665,125.51374656730472,91.07592379385804,62.29218821518603,-39.86571889110839
exog-future,3,2,41689,130.8963458673069,98.09830161811566,61.57038302858854,-69.59852805594076
exog-future,3,2,41713,128.52397584783873,103.77270522053294,65.02217056574958,-77.85186481845041
exog-future,3,2,41737,111.14457950581463,86.12766376542471,70.24178281345516,-60.83135673364789
exog-future,3,2,41761,124.38712917739406,95.78828250870208,84.45728446094802,-81.75757990592126
exog-future,3,2,41785,110.2567593684097,83.79035991427715,82.606297259152,-67.93416014247914
exog-future,3,2,41809,89.0181707402418,66.99570340575828,82.51973532396656,-27.69491769828005
exog-future,3,2,41833,70.97181394595471,56.72298083298112,79.49496057247768,13.157808227086596
exog-future,3,2,41857,68.80277694778847,62.86276783303335,97.85307609584788,55.98004471299751
exog-future,3,2,41881,80.19974035886571,73.12056870421509,99.73297388299471,57.99176285456265
exog-future,3,2,41905,85.23382466423236,78.85946447218234,83.37559595608957,63.31791578385618
exog-future,3,2,41929,80.2119984406091,70.02585463177444,61.41708836679136,41.67256622516082
exog-future,3,2,41953,85.8463222991035,75.4857297686497,64.88211709563791,47.95344883147386
exog-future,3,2,41977,92.66162820064392,81.01370764042163,59.58226456202516,58.964090549928606
exog-future,3,2,42001,95.30771394337722,82.94868284673737,52.96521930063114,57.1031515098443
exog-future,3,2,42025,79.91323335213204,70.12464600188522,44.63825611431885,20.55460240852192
exog-future,3,2,42049,98.74081032568776,86.3115525176449,49.38183728977772,7.403615710975887
exog-future,3,2,42073,110.37858156327646,94.73466323673058,70.5357175314651,22.96280034179075
exog-future,3,2,42097,114.69313910254574,99.79552064269362,78.39852300378902,37.43004098615008
exog-future,3,2,42121,109.35737431463588,95.24911622462594,74.12238137246067,33.25364962696256
exog-future,3,2,42145,92.8441070214441,83.65206776230022,66.82964593944297,32.638713888067926
exog-future,3,2,42169,74.83134650361069,60.93649625240282,57.06160505433711,-3.3891460296782943
exog-future,3,2,42193,70.10621746536499,51.394586018463954,54.66579291215977,-0.6868643152991494
exog-future,3,2,42217,63.9564832529928,50.517819297903664,71.46285404772735,31.35105488895805
exog-future,3,2,42241,67.49637989054047,56.38252792688571,70.97719445079207,54.75783606282408
exog-future,3,2,42265,84.25387789705026,74.39737088961175,79.49879883679716,73.7148120715516
exog-future,3,2,42289,83.60958721976507,73.27294722249135,75.2607841288629,72.53405851310912
exog-future,3,2,42313,93.0964498736142,83.00649558168668,92.54604582701712,78.86830211750328
exog-future,3,2,42337,115.80560947424294,100.94129902920176,114.86985820923958,99.45566979302852
exog-future,3,2,42361,120.92816999766326,107.92441078323688,125.21145776093483,107.92441078323688
exog-future,3,2,42385,106.99549847847555,91.86513106436648,110.01096136592258,90.55012965442104
exog-future,3,2,42409,84.11296563560086,73.53719958404935,91.57150869116887,70.25261770973557
exog-future,3,2,42433,85.21908751614384,74.03092630039191,85.11748558865693,68.65359465277427
exog-future,3,2,42457,76.09749823264545,66.78426005560966,95.69194724876584,62.827637872251344
exog-future,3,2,42481,82.2397370458619,70.28602832980393,97.66743650326892,69.06352239840946
exog-future,3,2,42505,86.3033931100995,73.32063136731992,99.61155293820072,70.47461047587369
exog-future,3,2,42529,89.09326432950249,79.01218821319056,103.76717811204996,78.05916285068781
exog-future,3,2,42553,67.05148584301062,50.33770915940847,91.45641897653994,21.45671519658867
exog-future,3,2,42577,69.55657787231938,52.71934667400856,95.91602496594228,6.2867741759456734
exog-future,3,2,42601,69.51094884446701,56.36516297598531,95.93424890735986,25.03197055025403
exog-future,3,2,42625,58.36789854104811,44.1433778954793,86.20733765907563,5.344010679562679
exog-future,3,2,42649,84.37350572577715,60.713830217643874,63.06843852862355,-22.428260500583985
exog-future,3,2,42673,99.54142922255998,74.79977418436353,56.50069688070582,-54.77395974804813
exog-future,3,2,42697,119.02963396122492,91.65564450647432,62.70839324832779,-81.4431399199814
exog-future,3,2,42721,102.74871291501668,75.76476594774118,69.29360511549734,-62.24150974404459
exog-future,3,2,42745,94.35893748876218,67.48384876318794,48.89863803294834,-44.79863193417231
exog-future,3,2,42769,104.9861467492092,81.17842279565555,55.13854419547722,-45.659121529453486
exog-future,3,2,42793,105.51888753129865,80.41507728268124,50.54509814409054,-54.96290050268986
exog-future,3,2,42817,93.63247069713944,68.52070499931703,45.61740313244984,-34.78698406742478
exog-future,3,2,42841,81.45761759883116,59.944604063266766,53.75673376287666,4.684754553502422
exog-future,3,2,42865,82.60985404709972,63.53124923898657,58.74899629972181,23.2884252772335
exog-future,3,2,42889,88.24664077342146,66.3193249525976,46.94349258858808,-6.999911483139778
exog-future,3,2,42913,75.44371328103219,53.10084644789663,46.3908079116953,-6.799729983938053
exog-future,3,2,42937,78.79556404222352,55.30737850536893,75.71970697307822,-19.210644098299795
exog-future,3,2,42961,72.21271711704817,47.57378901172438,67.55793404204506,-13.304131709604334
exog-future,3,2,42985,55.83360277475489,39.3278619034358,62.05144600023357,14.539143523671797
exog-future,3,2,43009,62.64322115168093,46.66178699326658,77.0421558192895,26.82734486094867
exog-future,3,2,43033,50.30129440497049,40.06736615809204,82.9438352404147,36.91620880933797
exog-future,3,2,43057,56.95470069482395,49.29165645710009,102.04960449077826,46.87087328054773
exog-future,3,2,43081,56.66638271647063,50.080876281671166,102.79979305126204,49.57336372306608
exog-future,3,2,43105,74.07730451414344,67.87752838340914,108.36322718864362,67.56146368731598
exog-future,3,2,43129,82.35526192226865,74.04209584888241,98.29221048020432,53.63462210667134
exog-future,3,2,43153,75.91336954538716,65.60680889793466,84.83282018611375,37.92562613037504
exog-future,3,2,43177,81.26219058041694,69.2729410485433,82.90022034144727,23.93756351858039
exog-future,3,2,43201,87.17202300507203,70.88987465722772,87.28659929087647,17.590576763837685
exog-future,3,2,43225,110.16543903223707,99.48373784563412,102.55731706821608,51.63740129580293
exog-future,3,2,43249,106.46969321953412,96.05932400493764,97.66139367331316,48.100588904676336
exog-future,3,2,43273,92.57356647317924,81.96780131222802,94.9690033906552,31.62808303465711
exog-future,3,2,43297,90.35369051098546,82.33058907483613,113.5120281242555,60.11318547593989
exog-future,3,2,43321,83.83023171515134,75.7835236997765,109.89607099844817,60.70407127180489
exog-future,3,2,43345,69.90737971744853,57.29500194189718,86.44451439226556,32.88031032546725
exog-future,3,2,43369,64.8137662517888,49.77037340010103,72.50686372379249,18.485434977075336
exog-future,3,2,43393,52.69452472215179,40.82550854048869,75.67013100101713,4.707894029392705
exog-future,3,2,43417,51.3674919748632,38.74428655870166,81.56479871538373,3.8175888634757538
exog-future,3,2,43441,45.294563164094725,38.12057272222545,76.5479817059087,13.690524922790988
exog-future,3,2,43465,48.8757366245023,38.419591282603925,62.25700190610958,5.646647337689281
exog-future,3,2,43489,46.1251789470287,38.97268790082901,75.35225527138381,19.008259650953136
exog-future,4,2,41641,94.0099943616305,67.36108555816838,55.11409406983299,-0.1204390408746684
exog-future,4,2,41665,125.08281989153282,89.92951177356747,60.71043982124213,-41.2218810563705
exog-future,4,2,41689,136.73448925254607,102.38052939644224,63.47966323995694,-74.04197877364393
exog-future,4,2,41713,131.36879078933418,103.795251014515,61.87394769844828,-84.1328860279869
exog-future,4,2,41737,124.04895328298446,94.25928898996884,72.46120262181445,-77.0004134524508
exog-future,4,2,41761,132.0660442977226,102.5764738858036,96.11545309144093,-94.32203117209392
exog-future,4,2,41785,110.0114475880105,82.77001343280119,84.58758380202796,-66.2902720074181
exog-future,4,2,41809,80.793433383585,65.14781086034124,80.95002298315502,-13.3703157761394
exog-future,4,2,41833,71.9840608400159,61.98217677109658,88.7611125974927,23.596169106628917
exog-future,4,2,41857,62.57741682058043,55.78220270209145,92.8705377219681,49.57993525162432
exog-future,4,2,41881,79.73707759236177,72.32673255765056,99.33390497799414,57.05934183674596
exog-future,4,2,41905,70.00722268185795,62.5587601001845,74.45566054226731,44.91569614940674
exog-future,4,2,41929,74.83329900368403,64.74482573069982,57.67242705106522,28.485796417944908
exog-future,4,2,41953,78.21861136817496,68.80600178318966,61.1820686557906,33.718840122428595
exog-future,4,2,41977,82.44364512823034,74.42926281665606,56.95859675962166,40.63021939640727
exog-future,4,2,42001,75.65957718794006,67.6914984101619,46.25349492874366,33.46696660134484
exog-future,4,2,42025,76.58215045034473,66.88178807191613,42.907594177279584,15.425310529256263
exog-future,4,2,42049,98.9042502574766,86.57047764320662,49.52775618415854,7.087962447168604
exog-future,4,2,42073,111.243052954481,95.57328413960263,70.784043986615,22.558648104415315
exog-future,4,2,42097,115.5561748253652,100.57017809988308,78.90769340681875,37.34701285035401
exog-future,4,2,42121,111.27751579773566,97.23426702966438,74.93988256838938,33.74915203274779
exog-future,4,2,42145,95.38590123814696,85.86853575134407,67.71873352232943,33.51962289893735
exog-future,4,2,42169,72.57576522403558,58.280884089539,57.99340535695124,-4.433862409461098
exog-future,4,2,42193,70.95381774838977,52.58836770873967,55.11291239143888,1.1472542926399705
exog-future,4,2,42217,64.64829708843598,49.93394194602841,72.14512851807085,32.4205236969878
exog-future,4,2,42241,69.34613578074864,57.98880862713096,69.22527031183805,56.57184461864364
exog-future,4,2,42265,89.6365354855983,78.86590544898384,83.72357601302399,78.13751534884814
exog-future,4,2,42289,86.74913364154493,75.23132631541294,77.38664583917961,74.26153353536805
exog-future,4,2,42313,93.7201954313255,84.05883353804845,93.1577080888073,80.75429380143734
exog-future,4,2,42337,112.96366146398402,100.4222280364464,115.57101645307002,99.90734430818269
exog-future,4,2,42361,127.04547812666428,112.44483245216568,126.14438853081352,112.44483245216568
exog-future,4,2,42385,109.96609047542424,93.97435819806408,110.0715527905742,92.7345542776738
exog-future,4,2,42409,86.63013611045274,76.15711661201483,93.76045135167284,73.15703544515597
exog-future,4,2,42433,73.63565172139717,63.63442971941967,82.89486123082274,57.005148999405634
exog-future,4,2,42457,77.11758613598185,66.94840007146,94.7517818017464,64.11340798050466
exog-future,4,2,42481,85.63647414331271,73.80906708398808,100.72826129642904,72.89617522446692
exog-future,4,2,42505,99.430887311789,86.17995416680951,98.87961379289185,85.77102678868044
exog-future,4,2,42529,86.43145707514583,72.79121217564038,97.1391372801006,71.83098955038854
exog-future,4,2,42553,59.30476853355407,43.3299560550365,83.8358431022997,11.875378823902423
exog-future,4,2,42577,71.51466233140279,54.19397821213735,94.00224393228152,10.170774395458952
exog-future,4,2,42601,65.80137061100696,49.16197322241749,95.08117172322966,8.567558042578522
exog-future,4,2,42625,59.05088533386468,45.12157099213631,86.76479443496538,6.735018180271557
exog-future,4,2,42649,84.31615718865929,61.97694587002732,65.07999029476387,-19.12477649954943
exog-future,4,2,42673,98.63078842494716,75.90662353171601,58.98291404358813,-50.05963224157358
exog-future,4,2,42697,117.52519135375482,90.48653463475604,63.3257150825655,-78.82349118709632
exog-future,4,2,42721,104.69062462477932,77.48121227880033,70.37462765396586,-64.56516841392475
exog-future,4,2,42745,92.71598860927088,67.3388233724234,50.27854415954791,-42.404809784349794
exog-future,4,2,42769,102.58490963578193,79.39683315804446,53.25274815979326,-45.003413623119904
exog-future,4,2,42793,103.89070785582624,78.35914217771182,49.16189587435698,-55.10777575030717
exog-future,4,2,42817,85.77441675671503,64.2885476184835,45.29292795058175,-23.73402604301292
exog-future,4,2,42841,84.86999735809279,62.195896723195,54.83009760165638,-0.0367420445010707
exog-future,4,2,42865,83.2275133718674,63.97029865064529,59.3229408124088,23.53357389957095
exog-future,4,2,42889,89.19797014409566,67.41224465735525,48.31340088267235,-6.243561864379114
exog-future,4,2,42913,77.98394146311202,57.04001250565,52.51906220586336,-12.134764793715489
exog-future,4,2,42937,81.51855501370929,57.43425581009823,76.54675538207736,-21.845994091053
exog-future,4,2,42961,74.47257451087395,49.7350737331722,71.14509970837511,-13.900222817305538
exog-future,4,2,42985,56.727088139655926,41.53809857465292,68.21743550940921,14.886744976295248
exog-future,4,2,43009,57.01101577244448,43.83080419881365,75.11017093257524,24.77874389537377
exog-future,4,2,43033,51.92965855467403,41.92965131442718,84.81860659239003,38.95154929978893
exog-future,4,2,43057,59.59948077181345,52.83578680885056,104.6462324583623,48.99393405533821
exog-future,4,2,43081,62.66543001893386,57.53823836966852,110.29469114620612,56.86329667644505
exog-future,4,2,43105,74.75970149875555,67.0871597293679,106.6293468887714,67.04148704427953
exog-future,4,2,43129,93.1095697665106,83.15972388298167,102.99146148656556,62.62218646909543
exog-future,4,2,43153,88.64155771158373,77.24309483228089,90.50546540868956,52.42172150806294
exog-future,4,2,43177,91.6623088741134,84.17648279017435,93.26427911792352,48.82194738357853
exog-future,4,2,43201,87.38526139705472,71.22202712299122,86.28736451369464,19.99116663092024
exog-future,4,2,43225,112.64599712912606,102.98255655527208,103.94026790272748,59.53507151868534
exog-future,4,2,43249,110.172088230703,99.65341280656368,98.8051842105043,53.85183685696146
exog-future,4,2,43273,92.4237604039304,82.89750522143696,95.75924657463744,36.469801392332855
exog-future,4,2,43297,91.33006118447432,83.78250451652255,114.41839440624096,61.758862298333234
exog-future,4,2,43321,73.84511033679884,62.72256509295427,100.74688509909042,43.35291404124529
exog-future,4,2,43345,73.56408198854649,61.4405923449723,89.27195387928474,38.460606284833226
exog-future,4,2,43369,79.37733226429239,63.85276597304319,87.5862897658694,7.753423489913489
exog-future,4,2,43393,52.449524169086665,39.73863588576163,72.65828358163398,2.8900312857435644
exog-future,4,2,43417,51.25271776922494,38.32993644537245,81.03392394482182,3.521573880169877
exog-future,4,2,43441,45.44731884843368,39.00485088231164,78.14543726516592,18.55126568483766
exog-future,4,2,43465,47.45652011197399,37.25434650274882,60.99507941889836,6.291079526467728
exog-future,4,2,43489,46.209080821661466,39.51952641727218,76.2148000239652,20.777482714631493
exog-future,5,2,41641,93.9852381359963,64.34665657198101,51.00363124033701,-9.602265582103964
exog-future,5,2,41665,126.95322908885456,86.39141435632986,54.38169029598659,-53.13739870291498
exog-future,5,2,41689,139.4129001419603,103.66838863748096,61.836233399351336,-79.56879402335227
exog-future,5,2,41713,133.58409993934018,105.0053790333787,63.64585423335731,-87.54801896545169
exog-future,5,2,41737,136.8599054226776,103.8975204066514,79.98354113672505,-90.9377277277798
exog-future,5,2,41761,130.65473590041287,101.35243231513024,96.59394625676644,-94.44398969744115
exog-future,5,2,41785,113.50770865588994,85.17537678606803,87.56768399276706,-69.85989568406944
exog-future,5,2,41809,81.72446484349531,59.24495793157488,74.27973928736245,-33.18782170815911
exog-future,5,2,41833,66.68264961203059,55.90730455945469,81.051397379721,17.855798958644957
exog-future,5,2,41857,65.11865003023857,58.84286718165088,95.37333157147869,52.401906350949005
exog-future,5,2,41881,74.54302087784527,67.89659445383901,97.5274940656967,52.96305178543325
exog-future,5,2,41905,63.2745293496308,52.85217741208904,65.83358126459655,26.580171643495955
exog-future,5,2,41929,71.05698945212097,57.31383486365777,50.90834410360673,13.548573378555751
exog-future,5,2,41953,73.40270448510303,62.22255191057924,56.29559044052771,19.123132295241035
exog-future,5,2,41977,79.16278714080997,68.78983605803961,53.088394970990905,25.73618784464993
exog-future,5,2,42001,68.84874656486421,59.00838369045001,40.94220849358258,17.71434907781435
exog-future,5,2,42025,73.30349746628141,63.55994821482314,40.97784521522072,12.106881974891238
exog-future,5,2,42049,93.10950749807832,81.67834210451254,47.254969740449496,4.173473398530795
exog-future,5,2,42073,111.60157683200283,96.11023796124024,70.66315583810989,24.106195899869867
exog-future,5,2,42097,116.9568504180679,101.97444960133232,79.47495317418493,39.40172601782704
exog-future,5,2,42121,112.16740039651258,97.18170491510044,74.19389347158366,31.32769793971425
exog-future,5,2,42145,96.53349375324213,87.27095042529314,68.42479676789056,36.085554526598784
exog-future,5,2,42169,70.84661620536403,55.739497109757146,56.2475789289421,-6.911751297028107
exog-future,5,2,42193,72.56779003672266,56.515617178705085,57.339510173694585,6.860736430056599
exog-future,5,2,42217,65.9323439619698,51.16073649598489,72.76210168163544,34.53893239950241
exog-future,5,2,42241,81.9363815728543,71.52073917153766,74.10707482058868,71.07882159654615
exog-future,5,2,42265,105.5074614985474,95.85322178230872,90.44245757103388,95.66911071346355
exog-future,5,2,42289,111.05635389016824,100.47976428444387,89.14537225175648,100.349226728245
exog-future,5,2,42313,98.19338681862476,88.04221465501712,94.56581676977667,84.74956537361493
exog-future,5,2,42337,132.77851688552295,120.67847949743933,122.60878569338,120.67847949743933
exog-future,5,2,42361,128.8839347055141,114.89523882518904,127.41716243715976,114.89523882518904
exog-future,5,2,42385,112.3386547642866,96.43855384042052,111.57293945457025,95.39593819207936
exog-future,5,2,42409,88.22987021517132,77.81440568104878,92.72692587412703,75.31931704180673
exog-future,5,2,42433,88.69237073709218,77.22354314281478,87.48779764532009,71.32324860183921
exog-future,5,2,42457,72.2871523591032,62.75490202128286,94.00891227489994,59.32126702783043
exog-future,5,2,42481,87.20761668513454,75.63373570068964,103.9627632039222,74.6990930321814
exog-future,5,2,42505,99.79813816062268,86.43581887179306,99.16391941749797,86.02888639633706
exog-future,5,2,42529,88.52497467826053,75.17148946183967,99.35603015732175,74.29708737247272
exog-future,5,2,42553,57.42609332917377,42.086868285666505,84.3332602936129,11.648478559831366
exog-future,5,2,42577,70.79223176438465,54.05613739079746,94.6401158709467,10.889985287909951
exog-future,5,2,42601,72.92322809274201,59.99871820012808,97.76949247264888,34.573822463934754
exog-future,5,2,42625,58.61793850837007,44.74829438244683,87.19745915615721,6.163875424450086
exog-future,5,2,42649,84.81240121459054,61.55740205041541,64.06662085158129,-21.46795755025233
exog-future,5,2,42673,100.34084431228848,75.63992192941961,56.29033707339904,-54.67462934210816
exog-future,5,2,42697,117.50873693235276,90.52756311559754,63.36499163264017,-78.0771316053162
exog-future,5,2,42721,107.38404566546286,79.28907120489373,67.37096546526574,-64.94297606992583
exog-future,5,2,42745,92.98636302694172,69.03191562696377,51.66835474350658,-39.844388182573205
exog-future,5,2,42769,102.0547668313172,79.11918628405064,53.10123231409042,-43.10071420947544
exog-future,5,2,42793,102.90263278393482,77.96664349531913,49.14655700290736,-53.46396803927577
exog-future,5,2,42817,86.01790412137255,65.33456539576457,46.46181775707194,-21.4883169118422
exog-future,5,2,42841,85.38458714280307,62.89856040452911,55.5760323611168,1.1522854038820791
exog-future,5,2,42865,83.903738121229,65.20368603364452,60.29896804875698,25.32104814681852
exog-future,5,2,42889,89.51733340460268,68.10558330185202,48.99877607779678,-5.03616262048762
exog-future,5,2,42913,78.0046346162756,57.32757409236672,52.97520245865021,-11.004424779722008
exog-future,5,2,42937,81.22215867604156,59.07637636308191,77.839971614211,-14.128007493132603
exog-future,5,2,42961,74.6106173292902,50.09850742905085,69.93733133210428,-12.477059730492106
exog-future,5,2,42985,57.441747850324326,42.299162818926646,65.39022451196912,20.540164674161414
exog-future,5,2,43009,57.38307248782279,43.87322825619773,74.47223429182408,21.876314156274397
exog-future,5,2,43033,54.46751869528753,45.358431499486045,89.42998659376504,42.56423932098743
exog-future,5,2,43057,61.9540669315289,55.32860833964581,106.56517661132388,51.88148737081168
exog-future,5,2,43081,64.31219947334435,59.2914768250672,111.64117396703767,58.68693034348973
exog-future,5,2,43105,79.73550703507583,70.3535664106521,108.09699572988464,70.08356931617557
exog-future,5,2,43129,95.19719877821926,85.56433911228442,104.72980028098664,64.69298552991735
exog-future,5,2,43153,103.00902321468118,89.43861076482543,94.19480626173056,57.56425655757329
exog-future,5,2,43177,92.0809741587004,84.29646359115954,93.08995306536283,52.1987745103368
exog-future,5,2,43201,84.62148574932621,68.33893066651588,82.96081183825082,17.784674418420998
exog-future,5,2,43225,107.48004281760404,98.1502520713561,102.69861533900196,54.02069652868326
exog-future,5,2,43249,109.95796331412312,99.0042035596868,98.11304939245656,53.64335930701162
exog-future,5,2,43273,93.09977971775838,82.62165121932124,95.52938405187672,31.501113741344977
exog-future,5,2,43297,87.21189940630538,79.95642244317506,112.85653853896062,57.07130424779526
exog-future,5,2,43321,74.70005337753453,66.5738010000892,105.051251556276,49.10465938807949
exog-future,5,2,43345,74.62296983165328,62.7197199287034,90.1364825295814,40.442626896187306
exog-future,5,2,43369,68.47631377228112,55.59477231422445,80.0356337759917,24.946014302311017
exog-future,5,2,43393,53.61207348324666,41.29155189464444,74.92603381927661,3.530281327389173
exog-future,5,2,43417,51.61263408970284,36.76783091416397,73.16440434664034,-3.5261338969916856
exog-future,5,2,43441,46.29093306731406,40.20022218349256,80.1544133766708,20.640587475546493
exog-future,5,2,43465,47.478649943547296,37.476402619702895,61.8789781290638,7.576675467169061
exog-future,5,2,43489,46.83631264977972,40.49417420212852,77.2990845755538,22.799011058877863
exog-future,6,2,41641,93.86326079275406,64.27841615241715,50.7843420599721,-9.499050546630738
exog-future,6,2,41665,126.781382970952,86.26887240354074,54.236823589209294,-53.09199433266268
exog-future,6,2,41689,135.25922720678787,100.781509651281,59.09892184680181,-76.19118270196233
exog-future,6,2,41713,133.50681747474323,104.94206414176315,63.66320202456354,-87.4125900211342
exog-future,6,2,41737,137.59870626998415,104.22372325699656,80.72797031480373,-92.22358935991784
exog-future,6,2,41761,130.42827777425933,101.16532810998652,96.46038506372992,-94.25144643808493
exog-future,6,2,41785,115.74512999765156,85.95099034314615,88.93506613543707,-74.17106142652457
exog-future,6,2,41809,79.52043281447487,58.03158574837144,73.49313275907072,-31.084868485544348
exog-future,6,2,41833,67.53022902763635,57.28355123441387,83.24665472183602,19.132799846640545
exog-future,6,2,41857,65.31876926815892,59.0609553770658,95.52512670126193,52.62840474345287
exog-future,6,2,41881,74.61507207964699,67.95288840971297,97.5636761490389,53.13988351398001
exog-future,6,2,41905,66.39178814529497,57.1798865340182,69.81989326446941,34.85778580292796
exog-future,6,2,41929,73.68544668422956,62.47161560946184,55.51388740482235,23.827484743106147
exog-future,6,2,41953,77.18339597567368,67.41483291496476,60.17937019144261,29.70942634121989
exog-future,6,2,41977,78.05064664099339,68.21767699884262,53.36108209243281,24.540673208043483
exog-future,6,2,42001,69.8880272148357,60.845838666282056,41.79787218283368,23.529524083029926
exog-future,6,2,42025,70.2057149707167,60.40055670129076,39.26134945324395,9.75856123070507
exog-future,6,2,42049,93.12673917217565,81.77663067756977,47.29713423723364,4.437587243496101
exog-future,6,2,42073,111.75646487634718,96.28489364193106,70.6573908466927,24.487315367511517
exog-future,6,2,42097,117.06200845012118,102.08759646487962,79.5577496412248,39.68162078154423
exog-future,6,2,42121,112.28163302194812,97.3135003705856,74.29869833202784,31.584190691570136
exog-future,6,2,42145,96.78558259662915,87.54621195565016,68.59108993681825,36.56756098950586
exog-future,6,2,42169,70.79432114949405,55.69057693856701,56.25216463852964,-6.638804972057507
exog-future,6,2,42193,72.65763686345873,56.725839896265725,57.312614035216114,7.246721128222849
exog-future,6,2,42217,66.25719609034691,51.39313123762685,72.86790653509497,34.990176282248655
exog-future,6,2,42241,82.08003264861168,71.59893337169888,74.0210818109218,71.14813480402964
exog-future,6,2,42265,107.06617934745778,96.27887963848562,89.6647452389989,96.16391881047308
exog-future,6,2,42289,89.31309167737633,78.09640832210683,78.78944370394149,77.2737703536714
exog-future,6,2,42313,98.35469545702549,88.17770236480759,94.58638682257062,84.93731366138192
exog-future,6,2,42337,115.2226338378146,102.9517640181016,116.68872534929812,102.55825517035208
exog-future,6,2,42361,130.23756269633512,115.7796778939612,127.41826931233764,115.7796778939612
exog-future,6,2,42385,112.65138631504652,96.70838500325776,111.64548474542671,95.69122079547223
exog-future,6,2,42409,88.68079727499067,78.27149825886283,93.03437540665546,75.78512821424101
exog-future,6,2,42433,90.31209742857088,78.46344487433804,87.89496495255582,72.05740772284965
exog-future,6,2,42457,78.6776792508641,68.73692588626885,96.74124144856265,66.12227477174929
exog-future,6,2,42481,88.81062761555809,77.3247033046331,100.14613780600352,76.81514431714743
exog-future,6,2,42505,100.0130951802088,86.51611263967044,99.19268980462284,86.08859846172871
exog-future,6,2,42529,88.55620895266937,75.12950513318596,99.42145303225097,74.24483105223003
exog-future,6,2,42553,57.38368682013167,42.09682542966262,85.30933988315238,11.813124717750451
exog-future,6,2,42577,70.88132158408354,54.11987761627546,94.61768261542554,11.134643907100426
exog-future,6,2,42601,64.81651002070556,48.92174532015132,93.83643866674822,10.555108537182528
exog-future,6,2,42625,58.6203767430026,44.85614962426356,87.51029126279852,6.326320379694526
exog-future,6,2,42649,84.12148708583393,62.914679255068414,66.60496578820792,-16.336590898855906
exog-future,6,2,42673,100.1286447911088,75.62481882122177,56.46112517478418,-54.25178759322965
exog-future,6,2,42697,117.42582340549416,90.41970834902544,63.22220822867113,-77.95784689245701
exog-future,6,2,42721,107.08240735287468,79.07564391599142,67.29762020811046,-64.63576962329643
exog-future,6,2,42745,92.70637655807757,68.93966503332065,51.713380672002494,-39.43842675815978
exog-future,6,2,42769,102.2478811212911,79.59858481626591,53.47480133624375,-43.33452371338082
exog-future,6,2,42793,102.51586736076786,77.76452249749299,49.18492085588772,-52.93078530525092
exog-future,6,2,42817,86.23026345360145,65.4065565856368,46.41236144021357,-21.95224662707661
exog-future,6,2,42841,85.41934439785699,62.66216316445549,55.06984813151412,0.7764181113193215
exog-future,6,2,42865,82.14426477661836,63.804347859783256,59.34003047144396,24.1403232794133
exog-future,6,2,42889,89.51240265223606,68.12519680520485,49.00558543344138,-5.041748079521726
exog-future,6,2,42913,77.98310628412196,57.37721583009492,53.03869450707337,-11.003882385776391
exog-future,6,2,42937,81.95419763378639,59.203228717176486,78.40005645101601,-17.3826180366138
exog-future,6,2,42961,74.53549406254375,50.06464924581453,70.2070372114603,-12.46143902338685
exog-future,6,2,42985,60.52203313765277,47.44014197401391,71.74894829821655,28.893745263030127
exog-future,6,2,43009,58.01410344644575,45.44275693159483,77.55282835600426,27.707082266871588
exog-future,6,2,43033,54.473192167376666,45.32670555834551,89.3202911390158,42.54152800817044
exog-future,6,2,43057,61.812099305933394,55.15207881876539,106.38913376685386,51.72878137744221
exog-future,6,2,43081,64.18353602896994,59.18889791729155,111.57632139301276,58.60361060894649
exog-future,6,2,43105,80.04449956507653,70.70874584361746,108.34247980947116,70.45231432644098
exog-future,6,2,43129,95.19888750178792,85.63308059079152,104.84435358970592,64.88260110629095
exog-future,6,2,43153,101.36220371385689,86.54876513773277,89.62509814242429,59.40622570515511
exog-future,6,2,43177,92.20314233115192,84.46920910376932,93.19334098704788,52.42864329870618
exog-future,6,2,43201,88.47425261795439,73.05214336915272,86.10220481206477,23.044191539529297
exog-future,6,2,43225,107.4008635723869,98.09080331758238,102.68326270648087,54.159887763250914
exog-future,6,2,43249,109.83647116377406,98.9500198774332,98.11416744736204,53.78842993531605
exog-future,6,2,43273,99.18358847216491,88.86984631308245,97.90123247297088,40.99765045878847
exog-future,6,2,43297,93.44204158341758,86.24638041141651,115.69567086487504,64.48532449368815
exog-future,6,2,43321,72.7095708391001,64.71093450980587,104.09730116872436,46.414600695760406
exog-future,6,2,43345,74.60297196106488,62.67831406745639,90.06105605526642,40.44778743656508
exog-future,6,2,43369,68.47977576014472,55.53208414456343,79.8897631558122,24.98158552571997
exog-future,6,2,43393,53.43078006021058,40.959299225369264,74.3323279185391,3.1458919917209287
exog-future,6,2,43417,50.39351154656588,36.16025399620369,76.85116785478013,0.318628452830213
exog-future,6,2,43441,46.078628071324005,39.88301464607406,79.49365883112817,20.376446476098497
exog-future,6,2,43465,47.298765921162726,37.32300981530376,61.48014697632795,7.595533447380552
exog-future,6,2,43489,46.48226524511795,40.132374094424605,77.0012723145059,22.47276734606077
exog-future,7,2,41641,93.82875996406788,64.231275179617,50.82364732846888,-9.49708511547026
exog-future,7,2,41665,126.83763357752208,86.22931180080505,54.30676328238487,-53.24655221166047
exog-future,7,2,41689,138.17957168188337,102.07722439894088,58.59341019144492,-78.64476930797514
exog-future,7,2,41713,133.55535565676695,104.98427021844262,63.75774797780518,-87.44577801082677
exog-future,7,2,41737,137.67027102705833,104.3028132470374,80.79944042721434,-92.29811678464397
exog-future,7,2,41761,130.43289623165913,101.16462531357146,96.48875472481342,-94.2451809660836
exog-future,7,2,41785,115.79632860816425,85.97900125484841,88.98854781404437,-74.16398151122927
exog-future,7,2,41809,79.50529598657893,58.04609233788789,74.00690945858364,-31.1208576102661
exog-future,7,2,41833,67.51290919978672,57.32682537217308,83.35828821824374,19.26354296007452
exog-future,7,2,41857,66.12943694020962,59.72540649609898,95.85251465108894,53.59137651420278
exog-future,7,2,41881,74.60982783506076,67.9531542775614,97.56986848623504,53.17468948626005
exog-future,7,2,41905,63.12340929973181,52.65835393478317,65.60195514729563,26.381776059412932
exog-future,7,2,41929,71.21635115419453,56.35874676879367,48.92788884355296,11.524974843052856
exog-future,7,2,41953,73.55977604619366,62.34122302475825,56.36174089962586,19.123707087321
exog-future,7,2,41977,78.13980158333256,68.23750612600182,53.36561019200049,24.434096347829065
exog-future,7,2,42001,68.84544884897487,58.62236745520365,40.320094136473614,16.72811300367294
exog-future,7,2,42025,70.27449887477317,60.48664477779903,39.30592756610852,9.85936740654941
exog-future,7,2,42049,93.12170956120087,81.79710719693523,47.3081878512587,4.531636385805872
exog-future,7,2,42073,111.811967704675,96.35321448734398,70.59178537497104,24.637567987857366
exog-future,7,2,42097,117.13360051615484,102.16333137258508,79.57188101206518,39.79586722970113
exog-future,7,2,42121,112.32680164477696,97.36208477505362,74.29565601924153,31.66726425078085
exog-future,7,2,42145,96.92546069939554,87.69977448053544,68.66629296086968,36.75973905327129
exog-future,7,2,42169,70.75255504838233,55.6518547078738,56.300105693640944,-6.515788910070861
exog-future,7,2,42193,72.6907096850914,56.82513606541412,57.3790125436531,7.426373448403938
exog-future,7,2,42217,66.40259050721099,51.49551983543386,72.84877601251465,35.20917688696662
exog-future,7,2,42241,71.94432636808526,60.49701816785786,68.5470038827392,59.2508169960718
exog-future,7,2,42265,93.46235292933687,81.71485192454668,84.73845857469716,81.09384445651207
exog-future,7,2,42289,89.38884379098596,78.20041498002307,78.86393983648348,77.389451678008
exog-future,7,2,42313,98.43299968414304,88.24582089829254,94.6193831419587,85.04315983523571
exog-future,7,2,42337,115.2973157837276,103.05018059151848,116.7516315712169,102.66269042225142
exog-future,7,2,42361,130.27396839524863,115.88671436481545,127.50516015291448,115.88671436481545
exog-future,7,2,42385,112.77778512536544,96.8460730391306,111.74623419354124,95.84376502278432
exog-future,7,2,42409,88.86021411595502,78.44101916053582,92.9190081472163,76.00993753073618
exog-future,7,2,42433,90.45957812395136,78.60104283985922,87.9683223620131,72.24364558252033
exog-future,7,2,42457,72.4440130226684,62.896959613154216,94.13039220831551,59.50991976401158
exog-future,7,2,42481,89.00124420350318,77.5702185313302,100.41138512157264,77.07168533127106
exog-future,7,2,42505,100.74175799820716,87.57192636915372,100.78531461365787,87.26435818262968
exog-future,7,2,42529,88.59607495173385,75.18997180934741,99.43335022391072,74.30780056030085
exog-future,7,2,42553,57.3687547113577,42.08610129008897,85.60748920277896,11.915894097761448
exog-future,7,2,42577,71.00567087012206,54.22658065011869,94.45411113111612,11.369935332957883
exog-future,7,2,42601,64.87093546510596,48.99895845642253,93.89574961921994,10.703810669829457
exog-future,7,2,42625,58.67860540018348,44.93649686029333,87.67421786705198,6.379565358852736
exog-future,7,2,42649,84.75369332705091,61.69341031113549,64.29393749897929,-20.986493768022008
exog-future,7,2,42673,100.19918283195476,75.73332659155861,56.59658056505903,-54.181722603526886
exog-future,7,2,42697,117.4514130325058,90.44713915687376,63.27139541084269,-77.88576896466628
exog-future,7,2,42721,107.06348141339666,79.0462379870912,67.31367501795653,-64.54198387049024
exog-future,7,2,42745,92.72037512441035,69.00253952157328,51.840333504264734,-39.28949509277909
exog-future,7,2,42769,102.21453892667328,79.61716068086224,53.476721194860986,-43.1526629770255
exog-future,7,2,42793,102.40604771207543,77.73320124182825,49.24266224619981,-52.72093279748211
exog-future,7,2,42817,86.2768782428578,65.44889184140423,46.41438165453136,-22.06061163015158
exog-future,7,2,42841,85.45524860548909,62.6328527080731,54.916566871025296,0.7230053551853589
exog-future,7,2,42865,82.21284385010513,63.93508537177282,59.44791341023779,24.337408906683013
exog-future,7,2,42889,89.55684417640478,68.21428550671293,49.08944567941205,-4.9223913072008285
exog-future,7,2,42913,78.0129938340003,57.44972340735734,53.09497897142364,-10.899683020680037
exog-future,7,2,42937,81.32429923765281,59.283864900298944,78.227778651812,-13.77645724753551
exog-future,7,2,42961,74.58382988251581,50.12769775253886,70.0453676564719,-12.301239684824898
exog-future,7,2,42985,57.573676948611904,42.49670551068501,65.45363922772644,20.999002744001587
exog-future,7,2,43009,58.47535377580853,45.97349831103455,78.0584310042854,23.390784197257723
exog-future,7,2,43033,54.58823714816101,45.4588626071441,89.45581865954395,42.650401025282335
exog-future,7,2,43057,61.88915501442053,55.22625066209031,106.42858390339494,51.81071904104765
exog-future,7,2,43081,64.26639401381026,59.267599137671176,111.62644243395192,58.67899951117637
exog-future,7,2,43105,80.13581324220523,70.86543339854185,108.4765856040029,70.60652428577197
exog-future,7,2,43129,95.36395149724116,85.7651300905577,104.91392236457244,64.78563611996341
exog-future,7,2,43153,101.33013331313292,86.54302567276866,89.72646414975661,59.364395923096005
exog-future,7,2,43177,95.18972302522566,88.10743420328522,95.46824904725756,58.63025998656264
exog-future,7,2,43201,84.71685822901898,68.42986965153581,82.93301851152845,17.899821756941815
exog-future,7,2,43225,107.29227004752596,97.97480767031908,102.65545026045784,53.9908961069209
exog-future,7,2,43249,99.57427429525367,88.22959483960366,93.79425804568598,42.30881770028586
exog-future,7,2,43273,95.05921777081836,84.50900152412164,96.31158857683462,33.25397200476459
exog-future,7,2,43297,84.5383359137507,77.06246785844007,111.26760279445442,54.74943973981328
exog-future,7,2,43321,72.62841194733774,64.59837298527397,104.0051483039448,46.28944982749655
exog-future,7,2,43345,76.35177248653308,65.13907431341669,91.7702365702836,43.93267006771063
exog-future,7,2,43369,68.53595943463502,55.59706618721148,79.93567496590308,25.173847722961927
exog-future,7,2,43393,53.35783881178888,40.88338948620751,74.23823610752486,3.0957258073294645
exog-future,7,2,43417,50.23219505894545,35.00139622191485,71.58663335213434,-4.542464091057336
exog-future,7,2,43441,45.9802684677974,39.74384476657876,79.27677882075191,20.24385334401868
exog-future,7,2,43465,47.14345537539952,37.9661869304579,63.35151016946158,9.383905261494876
exog-future,7,2,43489,46.326385150498574,39.98085063395271,76.88002015780054,22.319463552549184
exog-future,8,2,41641,93.80637306201018,64.2804151365875,50.65778632019041,-9.219580924196483
exog-future,8,2,41665,126.66261366627111,86.182853858092,54.13120211600015,-52.85875371924447
exog-future,8,2,41689,138.03020394221113,102.05719223035403,58.69949923289857,-78.3302565085879
exog-future,8,2,41713,133.3679857642115,104.87822310817523,63.77612232879946,-87.1437081503499
exog-future,8,2,41737,137.507643916009,104.19717143645671,80.74073664195576,-92.04259468081364
exog-future,8,2,41761,130.2382835656749,101.0060806611284,96.24510259442332,-94.02388811994724
exog-future,8,2,41785,115.63471467161732,85.86503061683929,88.70169413062425,-73.90489830365338
exog-future,8,2,41809,79.3507598657107,58.016092499967314,73.5955733072587,-30.77811771284052
exog-future,8,2,41833,67.57291973722094,57.49113424482124,83.67526540007132,19.610846322896077
exog-future,8,2,41857,66.34312111166618,59.94383251148621,95.99806388575128,53.8579020254824
exog-future,8,2,41881,74.81085229122537,68.15346154239377,97.6783444267598,53.4571159458236
exog-future,8,2,41905,63.201252567426735,52.76936116185102,65.70955804130729,26.576435837860902
exog-future,8,2,41929,71.23957501733211,56.414169364132746,48.93586703317821,11.725082962423182
exog-future,8,2,41953,73.64719943847861,62.45846108153741,56.453995938191134,19.38582568903804
exog-future,8,2,41977,78.25385707203066,68.3598174435906,53.44471526608113,24.64824921845222
exog-future,8,2,42001,68.94601693943842,58.75741534625708,40.40592919592897,16.99682285564956
exog-future,8,2,42025,70.36319894444709,60.62678834935394,39.38844868679936,10.229759937182289
exog-future,8,2,42049,93.12448566908526,81.8479899706526,47.33888747211365,4.850831797929529
exog-future,8,2,42073,110.2378371894254,94.45403996192998,69.34436979728008,18.2504582038482
exog-future,8,2,42097,117.24572393417075,102.28358004075749,79.63217596453967,40.12329975467872
exog-future,8,2,42121,112.35856169437164,97.41746484473552,74.34064565231593,31.926361562978503
exog-future,8,2,42145,97.11152773248966,87.92446660002456,68.7916606532913,37.194109751505735
exog-future,8,2,42169,70.68058047316445,55.625302588676426,56.30755623704196,-6.240310605504376
exog-future,8,2,42193,72.74540287252147,57.007338414345,57.4508894614994,7.790288276297117
exog-future,8,2,42217,66.60117285199314,51.675689742099,72.86443718889694,35.53509349918308
exog-future,8,2,42241,72.21712830443894,60.787048170795984,68.5737035604433,59.570896247746674
exog-future,8,2,42265,93.70816611421432,81.99937773511274,84.8232601386317,81.3889599150297
exog-future,8,2,42289,89.76478279312185,78.6085762332206,79.01369397521917,77.81793024147184
exog-future,8,2,42313,98.76880297616276,88.56730573484658,94.74381829953867,85.42894006242713
exog-future,8,2,42337,115.6278632844264,103.39745468888006,116.89097579270836,103.02730178916184
exog-future,8,2,42361,130.5891501898817,116.26054438938264,127.68537786903796,116.26054438938264
exog-future,8,2,42385,113.0949239785608,97.17858706408995,111.9337443414874,96.1957522605556
exog-future,8,2,42409,89.15540514582395,78.74248355615457,92.99362245362816,76.36552146829321
exog-future,8,2,42433,90.76079144002406,78.8780744453621,88.18416537521898,72.56413847442867
exog-future,8,2,42457,72.6275387560588,63.06870914402333,94.24236445408664,59.70751258637034
exog-future,8,2,42481,89.31770420047766,77.90296520705581,100.65883885504918,77.41405380168167
exog-future,8,2,42505,101.00588438662288,87.85749453736526,101.01477298215548,87.55528172925376
exog-future,8,2,42529,88.86238856122338,75.50015807930316,99.61793922501136,74.62733803820421
exog-future,8,2,42553,57.7222437483325,42.32143982900293,89.59501739103095,10.954935769257068
exog-future,8,2,42577,75.05264580174929,56.244810241322014,100.64886186585764,8.062409945333544
exog-future,8,2,42601,64.91456295368108,49.11590677388525,93.86898240642478,11.053706544055496
exog-future,8,2,42625,58.696517581700135,45.07317739747415,87.80698558052245,6.670508912055264
exog-future,8,2,42649,84.68557244700204,61.76526133868474,64.4513215559541,-20.677834370715317
exog-future,8,2,42673,100.07540898168554,75.72754453697436,56.67474102240183,-53.88808282546542
exog-future,8,2,42697,117.33558830424252,90.36815579621884,63.22876922379715,-77.67664169884497
exog-future,8,2,42721,106.99957141563732,78.98818494311651,67.18091801979851,-64.43209606962819
exog-future,8,2,42745,92.61400627732422,69.00125966705745,51.93250524236975,-39.05405118757408
exog-future,8,2,42769,102.12128616016405,79.59824844932977,53.47226723711975,-42.9225496114646
exog-future,8,2,42793,102.2465329140197,77.66650349345153,49.26796571188103,-52.46297032639497
exog-future,8,2,42817,86.31687447034274,65.57569281410133,46.54319304435117,-21.772235949618832
exog-future,8,2,42841,85.50103883184688,62.717144096942285,54.97927672215817,0.9682155973868982
exog-future,8,2,42865,82.31749021334835,64.11621837554549,59.57717913363803,24.638802091604
exog-future,8,2,42889,89.55149480196928,68.28102787184673,49.15896363088724,-4.649264966754371
exog-future,8,2,42913,77.97135620099452,57.43399736208829,53.11177208776241,-10.704685064466984
exog-future,8,2,42937,81.50279771451551,59.33163081642709,78.2417811946711,-14.267006146111497
exog-future,8,2,42961,76.51837414786996,52.4941113135436,72.98616304368201,-11.921899987161012
exog-future,8,2,42985,57.62425375519973,42.56276702998955,65.42737934128353,21.19787720586451
exog-future,8,2,43009,58.48712991443871,46.02938268961058,78.17603077089876,23.54013173311341
exog-future,8,2,43033,49.34551999550186,39.84225296989784,83.51597275198763,35.99573800805967
exog-future,8,2,43057,58.66685153312873,51.76460596237127,103.00356650400732,48.09165508080424
exog-future,8,2,43081,64.37596800591557,59.37870730205187,111.70370185031982,58.801529183722906
exog-future,8,2,43105,80.25673479032677,71.01309394153779,108.58847545212282,70.7588800079811
exog-future,8,2,43129,95.47805661934429,85.90649522622475,105.01714744199596,64.8985917472564
exog-future,8,2,43153,101.37775106683456,86.61988601362278,89.85655239820396,59.44809624378496
exog-future,8,2,43177,95.25798504442794,88.17267004423928,95.5007298201953,58.75416289952292
exog-future,8,2,43201,84.48926480382072,68.2718023355649,81.19604163259888,18.18038795455099
exog-future,8,2,43225,107.29009790441684,97.98361039389322,102.67649418437765,54.02208997842466
exog-future,8,2,43249,99.5502082539232,88.20968084797748,93.78122174493684,42.33213537840608
exog-future,8,2,43273,95.10604305560383,84.56662502298086,96.34286972737426,33.31154628724204
exog-future,8,2,43297,84.57582728410895,77.11558746403384,111.30606928956335,54.809425054516765
exog-future,8,2,43321,72.73520766473219,64.70936963360256,104.06589609631015,46.43281051649891
exog-future,8,2,43345,74.69262807548758,63.68989698550054,91.063153565797,41.95036005767098
exog-future,8,2,43369,68.5772790787909,55.68568060857661,80.02666018000694,25.35120122068949
exog-future,8,2,43393,53.02509121227087,39.02149472535397,70.43602762692218,-1.2140775918530795
exog-future,8,2,43417,51.32117523648347,36.47382643986424,73.02528543027022,-4.265585770755376
exog-future,8,2,43441,46.08195915024877,39.8729107662086,79.45888275245994,20.44056053786244
exog-future,8,2,43465,47.18265771672412,38.026816986719645,63.46359212163296,9.49997629966804
exog-future,8,2,43489,46.36252862777057,40.03092036536724,76.94894800795774,22.44823483033229
exog-future,9,2,41641,93.80773996848232,64.28204225879223,50.679566497008665,-9.20977392802835
exog-future,9,2,41665,126.66712023249016,86.17574242287847,54.13408878391911,-52.87343210159652
exog-future,9,2,41689,138.04264952576983,102.07081013285736,58.70472224725239,-78.33064368805908
exog-future,9,2,41713,133.36987360854536,104.88260400222876,63.79928262095415,-87.13648655670902
exog-future,9,2,41737,137.50950054422532,104.2028057501044,80.75230236193053,-92.04135544571469
exog-future,9,2,41761,130.21877486640952,100.99003393813568,96.21458049192272,-94.00844452423328
exog-future,9,2,41785,115.6229890114664,85.8547675859712,88.64849555714936,-73.86970227763366
exog-future,9,2,41809,79.31043616471696,58.00443201605437,73.52627252470279,-30.711430209263124
exog-future,9,2,41833,67.5961026490689,57.54748274818907,83.78828020530933,19.715368043366592
exog-future,9,2,41857,66.37399346952027,59.97645955170312,96.02175778351042,53.89855017508903
exog-future,9,2,41881,74.84241362275782,68.1835446562152,97.6931933961348,53.50543230587058
exog-future,9,2,41905,63.1878647453671,52.75526566564624,65.69545371712161,26.575773949084663
exog-future,9,2,41929,71.22938438870872,56.40350236138662,48.920677996762166,11.729210594859806
exog-future,9,2,41953,73.65569957111974,62.46143306125137,56.45518223336706,19.3929612633364
exog-future,9,2,41977,78.2780983217935,68.37090596397408,53.44914774307688,24.65376711229922
exog-future,9,2,42001,68.95973671548506,58.76605668939493,40.40876395911588,17.012352520399492
exog-future,9,2,42025,70.36953129387413,60.63943780823266,39.39496292130339,10.284090948555436
exog-future,9,2,42049,93.12909868115166,81.86427875634887,47.34722230076128,4.910941259763382
exog-future,9,2,42073,110.25624268014276,94.4797186210447,69.35769149259335,18.299967673544263
exog-future,9,2,42097,117.27945833296218,102.31773907204764,79.6492600373036,40.18011552743916
exog-future,9,2,42121,112.38684704624454,97.44870355959844,74.35995487232324,31.971816513200544
exog-future,9,2,42145,97.1645182732198,87.98578914628217,68.82845456798184,37.300780955707566
exog-future,9,2,42169,70.66251809894315,55.61838492159793,56.296824916396005,-6.182718715150765
exog-future,9,2,42193,72.75519744023255,57.04913020278853,57.47441512853361,7.874525576334603
exog-future,9,2,42217,66.65421954740577,51.7156716174834,72.85983883487359,35.6175473787275
exog-future,9,2,42241,72.29012951562794,60.861397058922975,68.58346788799847,59.65517199261614
exog-future,9,2,42265,93.76886636752036,82.06894793718425,84.84056937518774,81.46243600548758
exog-future,9,2,42289,89.85229531589991,78.70321107432628,79.03997680628768,77.91986634473948
exog-future,9,2,42313,98.85644143307198,88.65471607226358,94.77960791948496,85.53040615322432
exog-future,9,2,42337,115.7223687199452,103.4997595095125,116.9357111480156,103.13385966847038
exog-future,9,2,42361,130.68285802316265,116.37505111984542,127.74033244515724,116.37505111984542
exog-future,9,2,42385,113.21168731848972,97.30242121325738,112.00725038831006,96.32560038124296
exog-future,9,2,42409,89.24256127000781,78.83096744677019,92.99993755906338,76.47021473846537
exog-future,9,2,42433,90.8458696000356,78.95480769226494,88.23289978984484,72.655954685797
exog-future,9,2,42457,72.67893534901427,63.11951754852797,94.2796614836636,59.76570904560937
exog-future,9,2,42481,89.39821762259675,77.99908979186083,100.7357036807394,77.51619426623468
exog-future,9,2,42505,101.09837204569638,87.95931898109978,101.05992027123698,87.66178809869527
exog-future,9,2,42529,88.93075048033347,75.58186526772113,99.66651480428116,74.70974796340512
exog-future,9,2,42553,57.74418688789432,42.354250428792376,89.60283695925662,11.030060542908869
exog-future,9,2,42577,75.07107109257484,56.25970205103043,100.5082914342387,8.145497361062727
exog-future,9,2,42601,64.93593837742544,49.15951898008395,93.8518704418056,11.169871918265104
exog-future,9,2,42625,58.71414213359834,45.12860547896886,87.86463483333888,6.775927587169375
exog-future,9,2,42649,84.67084568622755,61.800562108534734,64.5214710304503,-20.55806937673351
exog-future,9,2,42673,100.0202890858194,75.72016106993826,56.70130597709677,-53.76822086765814
exog-future,9,2,42697,117.29126303672136,90.34488030981588,63.23311764907731,-77.60638297032631
exog-future,9,2,42721,106.95126261235974,78.95129102745975,67.10571533439126,-64.34991478592687
exog-future,9,2,42745,93.09487014643427,69.01089257053088,51.68164154624445,-38.94610406656452
exog-future,9,2,42769,102.07180719555495,79.58683142947532,53.47144011511942,-42.81219943501979
exog-future,9,2,42793,102.1679200776734,77.63548149366287,49.25559846741783,-52.33853005244057
exog-future,9,2,42817,86.33675595139627,65.6395789295769,46.60782135990288,-21.64398784634696
exog-future,9,2,42841,85.52684679870254,62.755688530474735,55.00990875050886,1.0424499143091683
exog-future,9,2,42865,82.34366015263112,64.17120161854972,59.624807313237085,24.747566940013837
exog-future,9,2,42889,89.54737697293507,68.29661398834313,49.18180012981451,-4.568487669791215
exog-future,9,2,42913,77.94912411402483,57.43095704594506,53.128897172219816,-10.621527793677036
exog-future,9,2,42937,81.5017743975974,59.35614471464179,78.16691456690918,-14.165598933724423
exog-future,9,2,42961,74.71845028589567,50.01833624614396,69.98325621160697,-11.885029577033023
exog-future,9,2,42985,57.67620157327518,42.62892247386887,65.44633102374553,21.364416592365256
exog-future,9,2,43009,58.55452524649069,46.1202860543736,78.30014823054006,23.698278987084077
exog-future,9,2,43033,49.46202836710744,39.98417859388542,83.7026250443483,36.15883015077344
exog-future,9,2,43057,58.79249167098721,51.8916223640695,103.0980800402411,48.24734486701193
exog-future,9,2,43081,64.50866627860945,59.51045635976712,111.792958915721,58.94252295435873
exog-future,9,2,43105,80.39933584747722,71.17023161963068,108.69495820496378,70.92338174484067
exog-future,9,2,43129,95.58265059417369,86.03184622637293,105.09974199662362,65.04819666729665
exog-future,9,2,43153,101.40476544974314,86.88993095735404,90.7346730492676,58.8044039962732
exog-future,9,2,43177,95.3670419722763,88.28656546589556,95.55635536965404,58.93270934191735
exog-future,9,2,43201,84.52679275362743,68.33715529202775,81.24592040333755,18.318101173070858
exog-future,9,2,43225,107.358283838601,98.06790260319283,102.72343774856384,54.16368684851092
exog-future,9,2,43249,99.61224228515889,88.29170851136989,93.81948031052144,42.4832625873726
exog-future,9,2,43273,95.1588924937227,84.64504240040138,96.38547208605142,33.46254345245474
exog-future,9,2,43297,84.66996023167668,77.233937000541,111.37963406081026,54.95246086023973
exog-future,9,2,43321,72.82186624374295,64.8129016535831,104.12921689500445,46.56976072208237
exog-future,9,2,43345,74.75977332893014,63.78241278308778,91.12507626800416,42.08998201508864
exog-future,9,2,43369,68.63437514303345,55.7716820495437,80.10783970800703,25.50984724174199
exog-future,9,2,43393,53.02880755177879,39.07596249654919,70.56345202524244,-1.0922621715500416
exog-future,9,2,43417,51.31568708780351,36.52343960982834,73.1491010697453,-4.156251741648689
exog-future,9,2,43441,46.16346260055653,39.98096375809562,79.61049847473251,20.61172195483452
exog-future,9,2,43465,47.21306150336446,38.089195671607136,63.59624396262284,9.66248271178209
exog-future,9,2,43489,46.41123111455673,40.10418028141545,77.02651700784521,22.58755593572061
exog-future,10,2,41641,93.81532759605544,64.30156057482156,50.6628826968196,-9.160516169513883
exog-future,10,2,41665,126.63556197045168,86.17563300836711,54.105291423895295,-52.79600395158448
exog-future,10,2,41689,138.00629605866575,102.0640607898794,58.72409734264848,-78.27063279813039
exog-future,10,2,41713,133.3257295004312,104.85576660343496,63.79795997600878,-87.07725673234918
exog-future,10,2,41737,137.4621905784714,104.17047810888066,80.73615968732206,-91.98361069983416
exog-future,10,2,41761,130.16597952996253,100.947492418818,96.14491056027256,-93.95856981173765
exog-future,10,2,41785,115.56487888342808,85.81178001039609,88.54091890162091,-73.80268080830706
exog-future,10,2,41809,79.26700304238366,57.98820810017312,73.37232724273063,-30.62689888109932
exog-future,10,2,41833,67.62556827154486,57.5986890301684,83.8811866079858,19.802923779810005
exog-future,10,2,41857,66.42716341845102,60.02997218568583,96.0561509442915,53.961998252840445
exog-future,10,2,41881,74.88644312657111,68.22643826348532,97.71579634108984,53.56757455931503
exog-future,10,2,41905,63.20253362215699,52.777022439062776,65.71937996432924,26.62789387475206
exog-future,10,2,41929,71.23717909942727,56.416823558281166,48.913480834997294,11.783159048251578
exog-future,10,2,41953,73.67904788023537,62.489732645758046,56.47631204398481,19.463530561933297
exog-future,10,2,41977,78.29829461721839,68.39474742087776,53.46475423232909,24.711683670262705
exog-future,10,2,42001,68.97567815623727,58.78962996869913,40.42227204029854,17.07688222553942
exog-future,10,2,42025,70.37551437498318,60.652641266462695,39.40304703884065,10.359074307600766
exog-future,10,2,42049,93.12657448215448,81.87402918945723,47.35256113765068,4.979305080062163
exog-future,10,2,42073,110.27554242557778,94.50703178879688,69.36713582135404,18.373816544302493
exog-future,10,2,42097,117.30997497552868,102.35068702616516,79.65192610071202,40.25131489149799
exog-future,10,2,42121,112.4104913523364,97.47736057310142,74.38491811415341,32.036603185100155
exog-future,10,2,42145,97.20737940593516,88.0367376852903,68.8597420714643,37.41249917960173
exog-future,10,2,42169,70.64322844897517,55.6122361451958,56.28708202654733,-6.113901226056639
exog-future,10,2,42193,72.7620787116555,57.08842302348452,57.49052085751142,7.9578989738285
exog-future,10,2,42217,66.7042685111923,51.75551216671565,72.87630429938035,35.68708332760858
exog-future,10,2,42241,72.3582637597911,60.93159348975905,68.57950326845682,59.7337683797173
exog-future,10,2,42265,93.82943352505548,82.13964149720644,84.86784283334492,81.53622280317755
exog-future,10,2,42289,89.92899196472203,78.78634312470219,79.06509022727539,78.00817490895211
exog-future,10,2,42313,98.93159901867013,88.73365799970973,94.81184510064584,85.61702567720752
exog-future,10,2,42337,115.8076788466726,103.59105875606168,116.9727368171841,103.227586689959
exog-future,10,2,42361,130.76728856267528,116.47385952602706,127.78572754258704,116.47385952602706
exog-future,10,2,42385,113.31094884272215,97.40570799611751,112.06211112970011,96.43202060177514
exog-future,10,2,42409,89.32233210530349,78.91242286003508,93.0099346125858,76.56206741126748
exog-future,10,2,42433,90.91583892150368,79.01966500835711,88.27717430814234,72.73254253168568
exog-future,10,2,42457,72.77348004605327,63.20765118189741,94.33164195245254,59.86104083321849
exog-future,10,2,42481,89.47566099324887,78.0860073810653,100.79531386553016,77.60773752744568
exog-future,10,2,42505,101.18275420194308,88.04862181822877,101.04624157987584,87.7560814856144
exog-future,10,2,42529,89.01235036862315,75.6726514305088,99.72735515656152,74.80221451181292
exog-future,10,2,42553,57.76732524534646,42.38801341232028,89.6056327911472,11.103750214772743
exog-future,10,2,42577,75.09255238715231,56.27979489928149,100.3486217162504,8.250222313783706
exog-future,10,2,42601,64.95762145370097,49.20123224891875,93.7995137568751,11.278234080863111
exog-future,10,2,42625,58.52337938425502,45.070796958516766,87.61721257927503,7.016680482955707
exog-future,10,2,42649,84.6524497841474,61.83581133635001,64.59408959289574,-20.43747661131359
exog-future,10,2,42673,99.96747197030152,75.71117667013351,56.72553451165429,-53.65222443225687
exog-future,10,2,42697,117.2444318399646,90.31700300624476,63.227355603845496,-77.5316513532725
exog-future,10,2,42721,106.90495495812256,78.91955323705179,67.02593990116826,-64.27571200409697
exog-future,10,2,42745,93.05735549773428,69.01821195290833,51.72178629256935,-38.84920039796496
exog-future,10,2,42769,102.0317008207326,79.58443214477822,53.48322764084498,-42.71478627549431
exog-future,10,2,42793,102.10772011891189,77.60862082641329,49.24379721064326,-52.24056773469858
exog-future,10,2,42817,86.33282682128343,65.66809778736913,46.64487417734523,-21.530916516826583
exog-future,10,2,42841,85.54228494711384,62.793250451176185,55.04851629806087,1.136609302506744
exog-future,10,2,42865,82.37698195946379,64.22678066274824,59.66761106887372,24.849087655826672
exog-future,10,2,42889,89.54642002737086,68.3155834726803,49.20592189241733,-4.472946720510523
exog-future,10,2,42913,77.92606946461925,57.42306110041349,53.14079807023607,-10.54193084707563
exog-future,10,2,42937,81.49917577432944,59.37247923022814,78.10748446739795,-14.075929051547895
exog-future,10,2,42961,76.50336321682792,52.50599342025482,72.94722846855217,-11.757369710365692
exog-future,10,2,42985,57.71134741028112,42.6801231345264,65.46559310533965,21.490872996714117
exog-future,10,2,43009,58.589680370220805,46.174003218599374,78.37582484200968,23.80536688865972
exog-future,10,2,43033,49.53666195344699,40.07674833469433,83.83275143213895,36.27129482279315
exog-future,10,2,43057,58.871210117211774,51.97301755322594,103.16554651522988,48.35026858960833
exog-future,10,2,43081,64.59283926845123,59.596788574176905,111.85312517808956,59.03626278284041
exog-future,10,2,43105,80.49332144738605,71.27571587418208,108.7679572841087,71.03372665378095
exog-future,10,2,43129,95.6519014012246,86.11696708370292,105.15862112178029,65.14789645053031
exog-future,10,2,43153,101.45961136478924,86.95366604453048,90.80593633189248,58.90812180411943
exog-future,10,2,43177,95.43156385861704,88.35340223464891,95.58799738587956,59.03737113427764
exog-future,10,2,43201,84.56192552583768,68.39096290427531,81.27532105723623,18.415677048792297
exog-future,10,2,43225,107.41436671713431,98.13538415027756,102.75909594954152,54.26628106385344
exog-future,10,2,43249,99.66949071443192,88.36286703302137,93.8527832854286,42.59686725669404
exog-future,10,2,43273,95.21077669739331,84.71608991187996,96.42403020691216,33.58445087071793
exog-future,10,2,43297,84.75403287723091,77.33698717952187,111.44323963817146,55.07554689307286
exog-future,10,2,43321,72.91003117673424,64.91461315443385,104.19540914827404,46.69919959543623
exog-future,10,2,43345,74.83376217405849,63.87752634295436,91.18747585311482,42.22175091042463
exog-future,10,2,43369,68.67973527156681,55.840926441553165,80.17239497000254,25.63092129407973
exog-future,10,2,43393,53.0403922345245,39.14144930179246,70.70883815015212,-0.9561545455525342
exog-future,10,2,43417,51.31575534469447,36.561950855100775,73.23220971917783,-4.0621216576719625
exog-future,10,2,43441,46.22712181845434,40.06112024188515,79.71750193293872,20.737018016393947
exog-future,10,2,43465,47.23784570458496,38.13282518503671,63.68015353364106,9.771076938763732
exog-future,10,2,43489,46.45313083185515,40.16231529769903,77.08622620428639,22.703257886809777
exog-both,1,0,41641,88.2196535875376,57.83847030211882,51.54845851919414,-14.164065760017222
exog-both,1,0,41665,135.49468011035566,91.89530466927334,62.34442393171653,-58.03185467520524
exog-both,1,0,41689,152.44109184604906,113.11603414180536,68.0376173719183,-86.30588327778014
exog-both,1,0,41713,157.68077178653004,123.68848753423656,74.55386960687427,-104.19488755994172
exog-both,1,0,41737,177.9198158510817,143.14075422724346,101.2539441412724,-121.54291210135392
exog-both,1,0,41761,177.67994118164918,143.12740471370162,105.94798099843536,-120.55411871200816
exog-both,1,0,41785,168.47466111911996,133.7465681228647,107.81504802532392,-95.88978179708796
exog-both,1,0,41809,138.98425925995713,104.38407095227132,98.06448838068437,-53.66891426463211
exog-both,1,0,41833,91.18535674599002,73.40002053359294,97.77657624844647,2.51117270465426
exog-both,1,0,41857,72.187184897021,62.50917933769653,97.50592769392723,44.4316911009054
exog-both,1,0,41881,78.23413865510665,67.01003408992061,96.73130142367356,50.81522339605373
exog-both,1,0,41905,90.8260244427084,76.11981902958429,80.24568786213929,29.20266168408305
exog-both,1,0,41929,91.1288014471498,76.68955891295218,65.80893575221852,15.805534822665807
exog-both,1,0,41953,89.41551007982288,75.2718638789295,65.03770847606319,15.715102284576952
exog-both,1,0,41977,94.53517675766687,80.80529228146017,60.81514630926284,21.45872487778226
exog-both,1,0,42001,89.28983699433913,73.84172227238001,49.255834885738444,12.98097735204619
exog-both,1,0,42025,95.20249014432824,78.19469784448205,48.5336968707342,-4.378406307427941
exog-both,1,0,42049,115.36977500337174,96.75650331216714,53.931443847969774,-16.312557974902045
exog-both,1,0,42073,110.00348537453974,95.52237211485276,64.20411021189183,13.73873161458139
exog-both,1,0,42097,113.07022080141915,100.40081052654185,74.5996202831443,34.96679867719679
exog-both,1,0,42121,109.72254930004895,95.60768857247456,69.14659845792166,26.394424138410415
exog-both,1,0,42145,100.95117687408246,80.08599944947069,61.19061491745257,0.1180697132052565
exog-both,1,0,42169,101.6563082321977,73.2886243813217,56.80281996673884,-23.15733590940716
exog-both,1,0,42193,93.43760199784892,65.20504531980835,57.9064108214588,-14.072469029962086
exog-both,1,0,42217,71.9255418453223,54.15277931689395,60.36578600854705,39.58640907009028
exog-both,1,0,42241,80.64314654364982,62.078163443923415,70.51367509713158,55.53322655335999
exog-both,1,0,42265,80.52916183557798,67.81319955670767,81.49752218116255,64.25554155611246
exog-both,1,0,42289,81.6414403896858,67.9969651497818,77.36417623828488,64.46096559230213
exog-both,1,0,42313,88.12485388778678,73.90253955591552,89.17914174192909,69.57976144394375
exog-both,1,0,42337,99.2205118449182,83.23926322236659,106.46271690794823,82.97424428506821
exog-both,1,0,42361,120.37841981213988,109.7256491377162,125.6419188474782,109.6247662086935
exog-both,1,0,42385,103.05674520107182,91.29300374834368,110.1974204946678,91.29300374834368
exog-both,1,0,42409,88.49419243104064,79.36815073061436,94.21254699796248,77.33813061633056
exog-both,1,0,42433,77.06939038676734,66.31123829689456,78.77318469729181,59.65349533456087
exog-both,1,0,42457,83.05759617427377,74.11407886542888,93.10592851977556,69.83829084594208
exog-both,1,0,42481,81.61003265741734,75.34540995374287,104.08888501082863,71.04062597303069
exog-both,1,0,42505,69.92942815549945,58.886803000292566,88.6186143574873,57.46607109788331
exog-both,1,0,42529,49.13608913191682,40.90704652760604,82.7524061052663,38.02670705948245
exog-both,1,0,42553,50.74823695422253,32.32285342010887,73.51362560438719,-0.6741815996666809
exog-both,1,0,42577,59.88291239931909,44.9275817264628,85.5904460690665,-4.150872733619968
exog-both,1,0,42601,58.56792622403732,38.16060126749818,80.6265706610097,-5.343445108309323
exog-both,1,0,42625,55.545666054813246,33.34583047681067,72.27111405968222,-14.018950963610536
exog-both,1,0,42649,91.20780294521042,59.11922469763534,57.66021370859112,-44.319788159083046
exog-both,1,0,42673,112.019725432365,80.90447297127847,67.4395990218627,-75.85822123673826
exog-both,1,0,42697,125.66710482001363,97.39174939457678,80.37877595354121,-89.72874038738821
exog-both,1,0,42721,110.12315691667276,80.63574246748776,79.38226176499495,-73.64756916396239
exog-both,1,0,42745,105.8849723630759,76.79211664239052,75.78048176202778,-68.11409862466897
exog-both,1,0,42769,146.93829905567935,117.44843358490674,100.84479060017746,-99.65447084387522
exog-both,1,0,42793,119.17618740122909,89.73009585535488,59.89428148308677,-78.44212146732163
exog-both,1,0,42817,106.29569432795924,86.85994286669285,61.455367047517264,-51.8390884757532
exog-both,1,0,42841,100.4661065154125,84.87127121219571,71.54016155971632,7.369213759323488
exog-both,1,0,42865,105.67251924418116,88.21090705965182,72.43399255067254,21.12078214217153
exog-both,1,0,42889,118.6650870726299,98.26357600637805,68.69402565673322,-23.0861051116071
exog-both,1,0,42913,91.17221675449174,72.68024723403684,56.82597999907851,-12.52070076455398
exog-both,1,0,42937,119.4042741161105,100.96462889219896,83.55723803028161,-7.439848331256425
exog-both,1,0,42961,94.0396483106312,75.907777270759,73.96881448847515,1.065353087676718
exog-both,1,0,42985,78.36281467058276,65.69310886354859,85.39854395576344,31.996249606256978
exog-both,1,0,43009,69.17265233140282,59.92231142347531,90.97014324441253,34.0208722641775
exog-both,1,0,43033,79.16401141532654,72.80669596604606,110.54224407125022,43.69776654294144
exog-both,1,0,43057,88.44098879388865,81.26749214686795,121.5593965392785,79.13586523265612
exog-both,1,0,43081,89.67430336726969,81.91046550408258,122.12126608256683,81.2777662165541
exog-both,1,0,43105,95.72708188519644,85.38161965174238,115.37118781729647,84.44300205874396
exog-both,1,0,43129,109.60982618418282,97.57243821171268,110.38948841737924,54.63416637392822
exog-both,1,0,43153,128.2534071736277,103.96923992077213,104.50988250133236,12.279483419896485
exog-both,1,0,43177,121.2869178868212,89.56090263058857,96.56011151323,-19.630586295089756
exog-both,1,0,43201,86.74392320599861,69.2714112021879,83.81693335401683,-0.5708174398327812
exog-both,1,0,43225,119.46437074661226,87.1083782785482,97.42910770300342,-15.370888393619223
exog-both,1,0,43249,119.50463241289742,86.95156958034383,95.33927028507814,-16.38945812703111
exog-both,1,0,43273,125.8016925644129,93.26689783408344,101.39425578088768,-17.007856207361613
exog-both,1,0,43297,78.60165574269541,60.8535422032997,96.74153459114692,18.977963216965502
exog-both,1,0,43321,77.60163304139081,63.16950373782782,97.20746884458148,30.189156375519797
exog-both,1,0,43345,86.05101379886065,74.99364971620557,103.06282717902778,13.479430106280883
exog-both,1,0,43369,98.02128568693358,86.60611932461669,110.43670563824108,1.3507215123620155
exog-both,1,0,43393,92.1986157455458,78.59631390108115,119.19801593990758,-17.457596607791217
exog-both,1,0,43417,83.05604434308337,68.01463569715993,123.30612143754551,-13.95207736036935
exog-both,1,0,43441,77.21731184613667,65.51671544427796,109.17473901806244,-10.232110063378068
exog-both,1,0,43465,57.411715749664914,42.63846184377181,71.57919764278398,-23.45819468866661
exog-both,1,0,43489,41.17955747921201,29.38114340212136,68.60392363074598,-9.632208535921214
exog-both,2,0,41641,86.25347645266032,55.11833030104677,50.51063235317324,-13.839403512067172
exog-both,2,0,41665,139.99398606005937,92.51487281385369,61.22846894791687,-63.31494872646166
exog-both,2,0,41689,159.27571924816783,112.59319130649853,67.61135287011881,-99.06031466540286
exog-both,2,0,41713,152.70637074182508,116.45566644937873,75.05426055180756,-105.97127471817237
exog-both,2,0,41737,179.24151248943042,139.586782499366,108.6643290994966,-136.08027681570417
exog-both,2,0,41761,174.14138295081213,131.5995352813798,118.54538348297712,-129.62772972053776
exog-both,2,0,41785,164.7300698228996,128.97502405636848,119.23602600062657,-99.36221455969
exog-both,2,0,41809,131.57265210449103,94.1356114949584,110.56875666571048,-61.165187669273934
exog-both,2,0,41833,94.41691000752829,73.04575151118428,101.58472347395468,-4.233943234528272
exog-both,2,0,41857,67.59297165150143,57.7617060818279,93.11164318903356,39.05454871525677
exog-both,2,0,41881,80.95418188481024,66.14089410883597,99.23661093069803,44.10123641247812
exog-both,2,0,41905,87.20438919414751,70.77628012196051,73.69153117755455,21.437283460119318
exog-both,2,0,41929,85.77091511124533,70.16561287060316,61.80232764452443,11.074984066202097
exog-both,2,0,41953,89.33837213719136,73.86631807871184,63.830236881001255,12.451563532377756
exog-both,2,0,41977,93.56076457490556,79.02043358494376,59.69420414462348,19.70794988108983
exog-both,2,0,42001,90.65607364402209,75.15231116335879,50.25296209679334,15.869435824562256
exog-both,2,0,42025,95.1603297675392,78.66449605270051,48.66034679559472,0.1450197234472761
exog-both,2,0,42049,118.2122081595554,101.00717158294717,55.74569612335674,-7.081788222248016
exog-both,2,0,42073,112.07699372805337,98.35783189563512,68.09009221593173,19.340196657751072
exog-both,2,0,42097,114.98374085918245,102.8189304096522,77.63033373156351,44.889583037661474
exog-both,2,0,42121,108.50698162732566,95.54111112755754,71.88884865448655,31.947656411496503
exog-both,2,0,42145,102.02338957274166,80.2535986100701,67.70623602747077,-1.0838997501927106
exog-both,2,0,42169,99.4690136519982,72.23024182200739,63.39377726894776,-23.64457377781677
exog-both,2,0,42193,92.19420410138603,66.28374676147048,65.35799424334986,-23.32108789063613
exog-both,2,0,42217,70.27352226544349,53.5676575267811,68.10157575533901,32.06195391653456
exog-both,2,0,42241,67.14351747235806,52.72284203277295,69.50552552548417,44.70715892615609
exog-both,2,0,42265,81.01793621132913,63.839326767404245,73.52788557701616,55.80687124531975
exog-both,2,0,42289,80.40721445135162,63.716842197137794,72.76319765021213,55.129223852700456
exog-both,2,0,42313,85.46931464271938,69.89726090974007,86.46743218245796,63.48931286765093
exog-both,2,0,42337,94.29366493144246,77.85441627024949,103.5595259872458,77.0685183330065
exog-both,2,0,42361,111.09825702955384,97.98712014794827,119.66763090362596,97.98712014794827
exog-both,2,0,42385,98.6366388822956,85.92950763495479,107.07613859953062,85.86355163999306
exog-both,2,0,42409,87.02346143774628,78.80737978162534,95.598322133122,77.69616117854223
exog-both,2,0,42433,74.14341373183115,65.14254153291057,78.96430700340987,60.94296931246388
exog-both,2,0,42457,76.54510718982732,69.16503502143898,92.59776068042854,66.64148885842616
exog-both,2,0,42481,82.5025411905322,70.18241026649717,96.81216070180476,68.86270221462942
exog-both,2,0,42505,80.27994423288608,68.17827031130244,94.2485831727899,67.3090557563848
exog-both,2,0,42529,47.92194949503645,37.31617347825285,77.2826955480849,33.299862275694736
exog-both,2,0,42553,53.28591732169951,34.68292418192573,75.58206177313518,0.3656924699271041
exog-both,2,0,42577,53.27940628453396,34.744610660115185,74.22321694988003,-7.1038533287143935
exog-both,2,0,42601,55.17572630677689,45.62104333763452,89.87227092222818,20.08297799490611
exog-both,2,0,42625,57.4334443465316,44.464246175801335,79.9265267494869,7.490699399981046
exog-both,2,0,42649,85.21389791704324,62.48943088129752,64.32832138934512,-19.56011278204804
exog-both,2,0,42673,89.93030454432001,69.75573750728505,55.29867843749924,-42.75161073037928
exog-both,2,0,42697,93.41815916935695,72.63826812846456,58.36259217549158,-55.45375121603874
exog-both,2,0,42721,86.35276600247752,64.64400153114845,64.09167911289707,-47.92466777494264
exog-both,2,0,42745,76.34594456307222,59.688482307500905,62.45693970807218,-26.575981283866
exog-both,2,0,42769,75.25700281035967,63.956688541967694,48.11587817277383,-9.44151974086454
exog-both,2,0,42793,81.23453718465939,69.26015474871802,48.97067954900862,-20.317666490530865
exog-both,2,0,42817,82.45349492990395,68.2273704428734,48.54524256379632,-2.1067208954794965
exog-both,2,0,42841,81.51981122576325,71.3687287778722,63.507208382847736,37.81224349810866
exog-both,2,0,42865,82.37003273409181,71.6361556046795,62.89643084383842,49.87359382557568
exog-both,2,0,42889,82.68202203474932,71.08213029646774,52.7622851744176,26.690531960041397
exog-both,2,0,42913,74.76220593995086,63.16103691898224,59.09429083978647,11.48202863015308
exog-both,2,0,42937,69.98244933494729,53.97307466153769,57.924423041691206,-4.702350065682663
exog-both,2,0,42961,74.71654110122286,59.44954032382911,67.56541411344159,11.2037913398929
exog-both,2,0,42985,75.30566969097829,62.67789371010459,83.19294576235974,29.53670782600099
exog-both,2,0,43009,71.99780304051087,59.46079640968301,87.68238858432925,31.20130901769265
exog-both,2,0,43033,65.50157181118156,55.977527699544034,96.07513221657274,27.324958418111382
exog-both,2,0,43057,80.76290750955738,71.69461388095775,114.18214293841272,68.17026394731207
exog-both,2,0,43081,85.08393157774046,78.75797950228187,121.70503094936596,78.75577415310401
exog-both,2,0,43105,77.94474289593454,73.24867067980644,112.60843604417568,73.18366631542341
exog-both,2,0,43129,111.07269829948942,105.2038823229758,115.2647224825378,77.07058065225063
exog-both,2,0,43153,122.44240490055483,103.16067297605308,103.50760294124588,32.108064775167534
exog-both,2,0,43177,92.80200488572676,72.95575298294072,81.67332202287511,12.477810307906
exog-both,2,0,43201,92.4293472820506,74.37393779836611,86.92418469624987,16.398842283266532
exog-both,2,0,43225,116.65688829293644,88.62586004432342,93.44882435367694,4.230869696934184
exog-both,2,0,43249,120.83538496699045,88.78231613708626,98.27900841970482,-16.041706895135455
exog-both,2,0,43273,128.9429414942258,88.39897151650867,101.62533073182938,-32.91534923464424
exog-both,2,0,43297,83.99554500339386,68.84530545548895,103.8500909427308,29.758698319697004
exog-both,2,0,43321,89.79593626772815,75.98741374911772,118.75222066040804,36.84299703812808
exog-both,2,0,43345,98.71120184434317,85.609827440336,102.91309511973266,34.86663240585163
exog-both,2,0,43369,94.2249766724236,84.30435079412547,100.18752102295444,18.3595038227996
exog-both,2,0,43393,93.46029480363065,80.45231313967967,116.50726427499674,-9.308456784986626
exog-both,2,0,43417,72.36049860004559,54.907086676540814,95.9889145965975,-15.062263191922469
exog-both,2,0,43441,66.06752817234107,54.62580778671069,96.12269908109484,-10.859419199095845
exog-both,2,0,43465,46.99528098732309,35.889325967087856,61.12974613872133,-6.927909736871015
exog-both,2,0,43489,37.46604069209484,29.25222785960392,70.86395152366696,3.815241535488469
exog-both,3,0,41641,86.61829807315414,55.5234706456374,50.69202305379413,-12.254286950506938
exog-both,3,0,41665,139.10237775516532,91.69729288684378,59.45115275716795,-63.2379832780213
exog-both,3,0,41689,155.60437945210674,110.22398945708127,61.7638631716473,-96.64991092335556
exog-both,3,0,41713,165.64200762813007,126.49791826492488,81.68507332812851,-115.809804143392
exog-both,3,0,41737,176.7756787718041,136.11799705076686,106.23000362006074,-134.17660010790058
exog-both,3,0,41761,176.42195778198646,132.49010648395554,116.44533350164004,-129.63908353693128
exog-both,3,0,41785,161.35805804795953,121.64024059279308,115.49463409624674,-105.4696216024843
exog-both,3,0,41809,131.74673100245346,92.66261104982836,107.98118361670828,-64.19053337124235
exog-both,3,0,41833,86.27850456399905,64.83774966803425,100.61020867501227,-5.713045595825114
exog-both,3,0,41857,69.00338517869692,58.21999422311459,99.40245209974988,36.98790086883034
exog-both,3,0,41881,70.39206749299979,57.10265637346082,91.96568295808244,40.26819512197494
exog-both,3,0,41905,85.49529999884794,67.75215110456666,72.35530499984378,16.52031485199802
exog-both,3,0,41929,87.26316973216299,69.68267272409551,60.600361787577526,3.4094431911886
exog-both,3,0,41953,85.89481159722176,70.22650225951286,61.3517052899675,7.347462728156429
exog-both,3,0,41977,93.34618068109184,79.29131755898305,59.67843529078588,21.489066769192267
exog-both,3,0,42001,90.31690328820272,74.93918144358852,50.06168222273805,14.467046305075607
exog-both,3,0,42025,96.84889959858678,81.71882811816734,49.77970142437056,11.113871039197162
exog-both,3,0,42049,118.48683504542532,103.39459064989458,56.63256109992977,4.154945824030552
exog-both,3,0,42073,112.75223091582184,99.76170170054236,68.61285675083735,25.901411968378078
exog-both,3,0,42097,112.39688573971762,101.517889835274,76.8907269596497,47.85128128683276
exog-both,3,0,42121,106.35602699670945,94.76185989967804,71.28881815470832,42.98557222069264
exog-both,3,0,42145,102.71938260452596,80.90240418436673,70.04314928393546,-1.9925963028425877
exog-both,3,0,42169,100.24495705489572,73.81506347610834,65.8758122578435,-24.63099727645964
exog-both,3,0,42193,90.36251083082212,64.49894473990877,63.98541909231399,-18.41971762757265
exog-both,3,0,42217,69.92284596209284,52.996151179723405,67.66436100503803,33.265908428145465
exog-both,3,0,42241,78.65027489257248,58.836377249084265,73.17989325865956,52.99970173311325
exog-both,3,0,42265,77.26850500736988,59.9927584965809,79.18229593467565,50.71747006239903
exog-both,3,0,42289,80.34288531292673,62.8635842850002,70.51241575962344,55.53953964643362
exog-both,3,0,42313,82.09322622121132,64.57440666511641,78.1679774772855,58.27122587372579
exog-both,3,0,42337,92.37052738758736,73.52487230829877,102.66265732595458,71.94969898002488
exog-both,3,0,42361,103.24785514710176,86.14628553319787,108.48342085214344,85.80385115661787
exog-both,3,0,42385,93.88219185625913,78.06425572306017,97.09100381127698,77.4614986095855
exog-both,3,0,42409,97.017020832548,85.57105654607041,95.5362416727536,84.60579543192442
exog-both,3,0,42433,81.01613400383847,73.64837886392053,86.16349758662552,72.30647769276781
exog-both,3,0,42457,82.25124060475187,73.60913859532413,95.10674464627056,72.51096207237595
exog-both,3,0,42481,106.25857874949938,87.93771955522269,104.91243315195322,87.17725086063062
exog-both,3,0,42505,99.21295452871306,84.22546215052624,99.97237975023648,83.8580263890471
exog-both,3,0,42529,55.18072726919352,41.61414355611165,71.25411312186876,38.4786678311002
exog-both,3,0,42553,51.45036680663923,37.30638210157532,75.41319024626199,14.07583919783664
exog-both,3,0,42577,51.234405846698586,38.48382905230316,77.83950739136345,14.214088013867665
exog-both,3,0,42601,93.77178011660142,82.20217678960093,108.63645794172103,78.40545679213672
exog-both,3,0,42625,88.58520330431668,82.59527868938915,107.60851865033978,69.25984947387467
exog-both,3,0,42649,84.52587784056206,78.85966373632512,84.13178123313256,39.77546118235599
exog-both,3,0,42673,70.46261000936137,64.55712117495875,63.95389796375166,12.79631519427223
exog-both,3,0,42697,66.05904795212959,57.05129113178654,55.4224131207466,6.971399158198977
exog-both,3,0,42721,79.91882890721311,72.04921024891505,70.24181780132108,25.532333476545347
exog-both,3,0,42745,84.20783125401863,70.7600541066431,64.86225935435664,33.28851691375467
exog-both,3,0,42769,104.65556221685009,91.61869641226122,66.62865262963746,68.8679050655282
exog-both,3,0,42793,102.19534072054088,87.91297514178342,60.91907061229224,54.824430305958
exog-both,3,0,42817,119.4361652632664,108.94215152046804,68.05743238898964,72.99889415664805
exog-both,3,0,42841,125.27773373178766,116.07233063340284,82.52364240711807,99.9305235277246
exog-both,3,0,42865,126.8676281847852,118.00977332889676,83.43505299470227,105.84222051891562
exog-both,3,0,42889,115.65333295909124,106.05599954886593,67.97237810665166,85.91064332776735
exog-both,3,0,42913,78.7859615892788,67.46155009690783,59.40997922138593,35.19011588796151
exog-both,3,0,42937,72.36522258610745,57.93185558434278,57.15254794515016,37.10790678609754
exog-both,3,0,42961,78.9296372167422,65.76981789525595,69.28505321517765,34.46923216424233
exog-both,3,0,42985,74.68466767047529,61.120845785323226,80.4960659509294,27.76939500395001
exog-both,3,0,43009,65.4842145709674,51.97113479295472,78.69735105903864,20.646633386191507
exog-both,3,0,43033,59.30630871990833,49.18058581365516,89.60304998127371,18.57825291676862
exog-both,3,0,43057,72.90002677878132,62.78529573183338,107.21545341853,57.73562339760797
exog-both,3,0,43081,78.56171373384196,70.50035048463243,115.5073641121222,70.3349027246667
exog-both,3,0,43105,70.56454640313149,65.33202626164886,107.50105516496284,65.13003752048614
exog-both,3,0,43129,98.4747216067493,92.24996709332466,110.21440788396322,68.37730792206817
exog-both,3,0,43153,91.53006673223156,76.58362871512351,93.02445142920516,23.73545265924169
exog-both,3,0,43177,100.34592671535457,77.6979394032136,79.37954681921336,19.197261536034077
exog-both,3,0,43201,116.66904426471892,100.79292308391668,92.90265531056772,50.07971317544058
exog-both,3,0,43225,133.7252287992948,114.11629345558596,102.32870614404337,44.550754761708966
exog-both,3,0,43249,123.64775981769507,100.25780599765224,103.35065910489637,8.486065510139394
exog-both,3,0,43273,120.8507848700172,89.85472995203989,100.05329497556428,-18.86859476067354
exog-both,3,0,43297,112.17516149785445,99.95262468620612,118.77103228441572,67.52364559244253
exog-both,3,0,43321,127.52507382903376,107.17382778653366,118.15215106114928,82.59717204525305
exog-both,3,0,43345,132.6050899506735,113.56896190262812,108.22783837748446,75.07552783367814
exog-both,3,0,43369,112.37784307719318,98.44019231042289,99.11593704577066,59.5798173411949
exog-both,3,0,43393,84.27709950003913,75.94251604211621,100.664297320495,47.94275884775668
exog-both,3,0,43417,77.26596557873094,62.37839834833659,98.4179515969501,43.62130606954169
exog-both,3,0,43441,47.16570103703855,38.61565702937415,85.3685526580566,23.310845374555512
exog-both,3,0,43465,43.83720300061197,38.117363006290034,66.94952305521078,22.098820166834603
exog-both,3,0,43489,47.14457305010927,38.50801546701236,80.4997680648418,26.2874305872422
exog-both,4,0,41641,87.3563847712596,53.84860503446254,48.202641833132425,-20.78733195872601
exog-both,4,0,41665,132.51153970903985,86.64464284212457,54.51452398550375,-67.06875810951767
exog-both,4,0,41689,156.9725814134322,110.97195387592258,63.28060837936241,-98.6932941999712
exog-both,4,0,41713,171.58120764475845,131.30563702673524,85.70125485272384,-122.99880336194254
exog-both,4,0,41737,178.72408771753126,138.1509428223186,110.30117950740016,-136.62711954340057
exog-both,4,0,41761,174.5702130673169,131.2037196700284,112.82201885029484,-126.44628563988992
exog-both,4,0,41785,162.51669701263464,122.32862657179204,116.42223479609162,-106.96068994043335
exog-both,4,0,41809,132.08834469163193,92.3161557460608,109.92876386598334,-65.62517281412998
exog-both,4,0,41833,84.6216127955635,61.76311359878897,99.87333969983236,-10.976493017816283
exog-both,4,0,41857,65.36208226802479,54.60974611798667,96.7982994400647,33.55498763848287
exog-both,4,0,41881,69.96887162310796,56.33022050129341,90.43769601636336,40.83747894338461
exog-both,4,0,41905,85.16191368701574,66.84654298231592,70.91926461003271,14.996098368919442
exog-both,4,0,41929,85.8944335146637,68.46471333939523,59.961895748959485,2.19504582703816
exog-both,4,0,41953,84.59779008883723,68.70942791988081,60.230770342469405,4.338935459826695
exog-both,4,0,41977,92.43748923324532,78.92531456906202,59.48500283280502,23.87978527156544
exog-both,4,0,42001,89.21069777765443,73.76896749151376,49.49948105302431,11.88962635691683
exog-both,4,0,42025,95.05400392623908,79.16297674635055,48.76239270455176,7.610811184221207
exog-both,4,0,42049,115.71842170685262,100.3327438264692,55.32737251415677,-0.0343739802538634
exog-both,4,0,42073,109.53943712351372,96.67846055571648,67.26810103052196,22.083575219228344
exog-both,4,0,42097,108.53659116257036,97.67146639155268,76.46646529386646,42.949549481773154
exog-both,4,0,42121,104.28496051944822,92.13439128851287,68.95515906673353,34.56948193515442
exog-both,4,0,42145,101.6247525001922,78.78602963963314,69.67701156094421,-5.787423863516859
exog-both,4,0,42169,101.16002420482876,74.70629593583756,66.6708826191566,-26.155534550562937
exog-both,4,0,42193,90.4259173350374,64.07395058937985,64.62739241410125,-21.7622423717479
exog-both,4,0,42217,66.44688713956756,49.7386815878598,67.90301411087353,25.952811970708417
exog-both,4,0,42241,79.94214973823479,60.19000900614793,72.97940363104422,54.8799844719386
exog-both,4,0,42265,72.95771653532748,56.579608564399074,78.25818343772892,45.30900381651947
exog-both,4,0,42289,78.19869753152051,60.19559193024783,72.3796919372098,52.683900571641125
exog-both,4,0,42313,78.71925631638396,60.82959624335639,81.63278370165666,52.86606713259174
exog-both,4,0,42337,87.96808568775258,68.67034857686228,99.53434932563354,66.74924978258504
exog-both,4,0,42361,97.50376518607892,80.01002369394253,108.93580093872336,78.95771126237658
exog-both,4,0,42385,88.97057879253784,73.086913065861,99.23555939059284,71.84386536516706
exog-both,4,0,42409,90.14761787389791,77.3525470517968,90.86169965245962,76.08315164894732
exog-both,4,0,42433,72.40111820660385,64.76474359323274,80.90360071915873,62.95574727921064
exog-both,4,0,42457,68.14730985568593,59.78620506854645,86.12842824664611,58.318094249791
exog-both,4,0,42481,88.48023230380414,71.20805360016601,91.1329256881541,69.75286129861985
exog-both,4,0,42505,86.33247064917771,69.24990565578695,97.33295065121573,67.59192832783526
exog-both,4,0,42529,46.59761521777591,33.394697609254514,78.91566634732376,25.28646401797382
exog-both,4,0,42553,49.3978917010452,32.919231344445194,79.03446911058464,0.8773640205497919
exog-both,4,0,42577,49.85497959358927,34.57188288624984,78.11546666520933,0.0065365643557088
exog-both,4,0,42601,58.42520698217425,50.09049998205364,95.81480398683662,33.1615990896063
exog-both,4,0,42625,78.57919688113469,73.46204060716114,102.608572609518,56.7338035467088
exog-both,4,0,42649,71.94528663089993,63.81947930298328,72.62213294421326,18.771480809257064
exog-both,4,0,42673,69.90617656276522,60.899547260688735,56.90606608067617,-7.975379593792377
exog-both,4,0,42697,65.54822562912749,54.5958995456943,49.99219848664461,-9.525159277997927
exog-both,4,0,42721,76.84771256251625,69.04449265576947,66.73799842289236,14.052312033936415
exog-both,4,0,42745,78.57605193117242,66.13211233118125,64.68664044268822,25.982295924322617
exog-both,4,0,42769,102.5605627569546,90.3336814498414,66.10697445647925,65.27873290551098
exog-both,4,0,42793,103.6425016609334,89.4710340652169,61.51974038576692,54.60551514811415
exog-both,4,0,42817,117.5135516457084,107.68307672069687,67.91280283640596,66.600838818291
exog-both,4,0,42841,125.67603500201156,115.86007614030248,82.16008298014347,98.63877869980476
exog-both,4,0,42865,120.33153976586124,111.93228556969886,81.57146093255935,98.13565862852244
exog-both,4,0,42889,115.19140440227162,103.7128163415166,67.04544607976187,78.25464853650328
exog-both,4,0,42913,83.18573726720084,70.72827395719555,60.98438334094227,50.40593800259859
exog-both,4,0,42937,75.85566232055218,61.79603023957822,59.144511335639294,38.01550122030469
exog-both,4,0,42961,85.29980572403343,73.4020893092362,74.94210803141088,35.63286773037049
exog-both,4,0,42985,65.36286958223556,51.188121839462816,72.04141700812082,16.079426669830116
exog-both,4,0,43009,61.91825883272095,48.05924013493663,72.99162710188328,14.93873796803459
exog-both,4,0,43033,55.15464386390455,44.608886688363135,82.53201644204441,14.048449037149592
exog-both,4,0,43057,66.66596710466114,56.73422984628912,103.07451122386526,51.60818012835842
exog-both,4,0,43081,73.23892389015072,64.78952321682803,111.26301297356758,64.45962533197522
exog-both,4,0,43105,63.22211374613311,57.90680222044845,102.51092797997336,57.463640668038686
exog-both,4,0,43129,96.08306953926348,89.11616958464323,109.16630200512547,61.39083150320711
exog-both,4,0,43153,92.36535953176676,75.31641417751362,91.64325985915968,19.07266145844824
exog-both,4,0,43177,102.16379622564806,77.87885529624594,80.48087025318499,16.538825917848676
exog-both,4,0,43201,103.68187226575436,86.27188592075235,95.37263341807169,28.252447721838827
exog-both,4,0,43225,124.2761299516542,100.37267518313836,101.42023804196928,20.411401969031424
exog-both,4,0,43249,111.38017673481522,82.07131010670415,88.38898461676527,-10.05284387366054
exog-both,4,0,43273,116.0565052618862,80.24625227004036,95.41746951597445,-31.34800336628594
exog-both,4,0,43297,109.44820020860875,98.97300505313078,119.58761774633064,70.30002695206792
exog-both,4,0,43321,132.06331441867962,111.03066992662436,119.8554532730818,86.52561845110138
exog-both,4,0,43345,127.17580857935728,110.08620385975982,108.81034030319007,71.57972772696537
exog-both,4,0,43369,105.50645750254871,92.59376671716755,97.81705145694076,52.46322171399923
exog-both,4,0,43393,85.40088994987984,77.19146582194583,101.27825704308997,50.12697661908892
exog-both,4,0,43417,72.3562866843077,58.11471188255643,101.3390119499956,37.380714256547165
exog-both,4,0,43441,36.19554936731323,29.146199323835496,77.72352070334641,6.829453331416859
exog-both,4,0,43465,39.0384820075906,30.57891544786224,59.03993725883316,7.644697987135415
exog-both,4,0,43489,43.02945277356916,33.202690021221464,71.69615008894583,18.607774791852563
exog-both,5,0,41641,87.5521522888957,53.6674124515729,47.96088758611644,-23.161116112909077
exog-both,5,0,41665,127.53482931288828,83.58365822862288,52.387533842001965,-63.22280479879098
exog-both,5,0,41689,156.05530624810044,110.52546222658272,62.46654267302159,-96.96175762055566
exog-both,5,0,41713,170.7111843619615,131.12490137133838,85.4432822483084,-122.96027497505148
exog-both,5,0,41737,176.9260059556072,136.8158618788159,109.34880270012012,-134.8405666824427
exog-both,5,0,41761,173.38495216265252,130.60384304813985,112.96364703370767,-124.81288410429477
exog-both,5,0,41785,160.94062676917153,121.2607433488454,115.6958881201049,-105.59755979000748
exog-both,5,0,41809,131.12525221262604,92.0551529816009,109.81816330230052,-64.29432154301016
exog-both,5,0,41833,84.63210283565063,61.92671587844337,99.79003493998884,-10.478614889974883
exog-both,5,0,41857,70.91147356555575,60.143322129597934,102.71415600051046,38.69922980742347
exog-both,5,0,41881,70.91459091222359,57.17132398145021,91.09410349858658,42.14329320429446
exog-both,5,0,41905,85.81621409229776,67.78538926962668,71.99084952181005,16.669484258740788
exog-both,5,0,41929,86.17374278656152,68.96829990696877,60.32140537195667,3.5528879952809285
exog-both,5,0,41953,84.4286565321953,68.9007828577479,60.42974345434615,5.583295309957531
exog-both,5,0,41977,92.34535355189864,79.18900044222303,59.66468454571952,25.70792765313298
exog-both,5,0,42001,89.07617070506316,73.78858856752242,49.49694035638012,13.014891247590592
exog-both,5,0,42025,95.05400175443616,79.46234815065999,48.876395842374215,9.623667822638646
exog-both,5,0,42049,115.04257884138391,100.12916462185385,55.19408794716166,1.5803819605478002
exog-both,5,0,42073,107.45212539769268,95.8933049054331,67.08732728150288,25.35793726600184
exog-both,5,0,42097,109.9018507427376,98.86084722786862,76.1228337170324,44.95051815362908
exog-both,5,0,42121,104.567624234185,92.5994161979468,69.48009510166263,36.07638019916086
exog-both,5,0,42145,101.32177053279622,78.84829769599335,69.77533736775636,-5.049235162181601
exog-both,5,0,42169,100.4120027757904,74.2501284114455,66.30470438013933,-25.119464864011363
exog-both,5,0,42193,90.19587434576468,64.02850186864768,64.03529919645288,-18.184031935959634
exog-both,5,0,42217,66.55838887521064,49.9212228185447,68.22902066728618,26.661697334743334
exog-both,5,0,42241,80.40968223908544,60.518102779430095,74.37738394317064,54.80120288299042
exog-both,5,0,42265,74.6557929092609,57.70706552782407,80.22339933444319,45.02138255954532
exog-both,5,0,42289,78.58796527101126,60.46090206045102,73.7911396905139,53.10488730384077
exog-both,5,0,42313,79.11240369117334,61.05010555425065,82.28739184049604,53.23623750897266
exog-both,5,0,42337,88.56870496255519,69.19955292537294,99.4647319743437,67.35958412498675
exog-both,5,0,42361,102.17105114872707,85.21421465010762,112.39114846313758,84.64266296939294
exog-both,5,0,42385,92.08335343883802,76.1972224670318,99.09087836362993,75.24088630876084
exog-both,5,0,42409,92.25935158752156,79.78323761208713,91.86724461160848,78.72952069480043
exog-both,5,0,42433,74.6253748405896,65.31605025288717,80.13180832996787,63.967388162858185
exog-both,5,0,42457,66.73825422949109,58.349015536016935,85.03470670016159,56.8922201915554
exog-both,5,0,42481,89.0890575403265,71.56628273904049,92.19225461162648,70.22652684295707
exog-both,5,0,42505,87.30428985888035,70.039534984414,97.62022243726145,68.37927948660196
exog-both,5,0,42529,51.54281272332138,38.3265721187544,88.64128251066768,29.16033147154391
exog-both,5,0,42553,50.95447747533255,34.15790767459412,82.58327095893986,-0.2395870313283098
exog-both,5,0,42577,50.00252778236775,34.53591022550592,79.11328617262257,-0.5907362956922045
exog-both,5,0,42601,57.57184178818655,48.98246614979429,93.97379901192076,31.64987472405283
exog-both,5,0,42625,77.77756634867058,72.53798403269043,101.93076165317687,55.40082909432873
exog-both,5,0,42649,70.91695399638637,62.48548614404568,71.34848528299364,17.654516072533674
exog-both,5,0,42673,69.67512278067693,58.29711804482925,51.65542818601803,-16.344092816712532
exog-both,5,0,42697,65.40638712690757,53.92414430812031,48.86683066678918,-10.814746059013084
exog-both,5,0,42721,76.73985407878139,68.78635360600471,66.05445365847099,13.132389478503088
exog-both,5,0,42745,78.7740396373898,66.10896192195271,65.0130128433496,26.41355726334387
exog-both,5,0,42769,103.9618960123742,91.66492480949682,66.66558770719894,67.55200050416799
exog-both,5,0,42793,104.58185662566916,90.32990803963928,61.850326325550085,55.98672700959339
exog-both,5,0,42817,119.4267875868912,109.21423556004515,68.31018369079094,70.29307928098316
exog-both,5,0,42841,130.27162980232828,119.73103391130896,83.06332108108411,101.0642238279504
exog-both,5,0,42865,121.11103299873962,112.7566285054113,81.90506925064463,98.73516523041094
exog-both,5,0,42889,116.0409501421945,104.4054484003934,67.24325357840402,79.30730950427551
exog-both,5,0,42913,94.2157363752252,82.38874300973674,68.47360474828128,62.2912568966041
exog-both,5,0,42937,75.29886070320157,62.40407860248131,60.10444640780338,41.39761153482313
exog-both,5,0,42961,81.668406864831,68.14507821558458,72.67372127903438,35.24201513386973
exog-both,5,0,42985,62.4109390992413,47.93071365404186,69.48739836979708,14.706238275197322
exog-both,5,0,43009,57.94139440336797,44.5867549094672,69.56593419881058,13.282840740811062
exog-both,5,0,43033,54.510840936469805,44.32934661998163,83.7378104679232,14.42862000413747
exog-both,5,0,43057,69.90754360696617,59.41733798785068,104.83955974525064,54.24151866008101
exog-both,5,0,43081,74.11849608551991,65.5518305680501,111.62094517534544,65.25185738825002
exog-both,5,0,43105,63.93374315532859,58.5088673446893,102.81952677085064,58.136659117795865
exog-both,5,0,43129,96.21148919382884,89.37241125575551,109.25647461057127,61.98642454702391
exog-both,5,0,43153,92.41966543129028,75.44010617855646,91.44870378826012,19.458721612755795
exog-both,5,0,43177,100.01797417000084,76.69541778159521,80.63952264026474,16.248002505491485
exog-both,5,0,43201,104.95580870399824,88.4098876979598,97.97789393780914,30.846321614091483
exog-both,5,0,43225,123.5449899547962,104.36407690968322,100.4384533652758,35.75319588628107
exog-both,5,0,43249,112.50933586192392,83.58160022227278,89.71974498476811,-7.876016893183413
exog-both,5,0,43273,121.25303874325454,88.26493810523947,102.0801804425993,-23.76957531904081
exog-both,5,0,43297,110.5845442274736,100.23104679699996,120.18156220973856,71.93662274576482
exog-both,5,0,43321,133.17072265567705,111.6450714501268,119.01372499216872,90.45165830779963
exog-both,5,0,43345,127.6639095718205,110.0084774064638,108.51466293212955,73.84273775109388
exog-both,5,0,43369,102.882257570978,90.08630576731706,96.89591364995164,62.015665324128136
exog-both,5,0,43393,77.8023959308794,67.53730002190835,95.8961342031676,50.42195285746233
exog-both,5,0,43417,52.64813069066733,40.30730931978439,81.52633080343801,20.40005700483013
exog-both,5,0,43441,34.30403972553401,26.72707392290639,79.92453554683132,1.5322719285147457
exog-both,5,0,43465,38.664232161527245,29.335815438086705,55.81785302198576,4.393866913653948
exog-both,5,0,43489,42.512518088610335,32.308445614294406,69.65902511363835,17.77064944842915
exog-both,6,0,41641,87.60118964685185,53.65553355108235,47.90410034093542,-23.678312596880737
exog-both,6,0,41665,127.63736885265132,83.5654480672848,52.19843472482573,-63.62673815147661
exog-both,6,0,41689,154.35254871890072,109.13985884386688,62.80671775487213,-95.0609797816242
exog-both,6,0,41713,170.90444593193547,131.21429204731749,85.5931057001626,-123.50692775507966
exog-both,6,0,41737,177.05616744330692,136.9907815509309,109.55375675864846,-135.07848488160906
exog-both,6,0,41761,173.69043762202773,130.8413026414677,113.10253717356062,-124.97694560598627
exog-both,6,0,41785,161.1292540856197,121.3588135003557,115.78625293792304,-105.91867691399804
exog-both,6,0,41809,131.0689094851925,91.9969818185332,109.65577784809774,-64.37124411830317
exog-both,6,0,41833,84.78797676930321,61.88775085739408,100.20173715172362,-10.973656760822326
exog-both,6,0,41857,70.92005572410423,60.160537799133735,104.38558594940284,38.47207588905959
exog-both,6,0,41881,70.71226238461644,56.97799145511997,90.78961721776996,41.867219814338405
exog-both,6,0,41905,85.66601148627092,67.40290902297221,72.12127273689553,15.685394929228334
exog-both,6,0,41929,86.28461798910196,69.05660622503798,60.370809728024334,3.21891441836788
exog-both,6,0,41953,84.26605648937822,68.72628381475157,60.32125396842469,5.253621070226256
exog-both,6,0,41977,91.93421926922092,78.86437579409824,59.50913894570474,25.4551826094846
exog-both,6,0,42001,88.83493119143654,73.54880447911667,49.39146892150057,12.689681196067175
exog-both,6,0,42025,94.7626954452836,79.18308536861775,48.75235790465095,9.45456647301186
exog-both,6,0,42049,114.40437463947434,99.51564778080572,54.91839452988789,1.2263716034967973
exog-both,6,0,42073,103.58082681970804,92.12032622469803,65.29990922136528,24.77451342776947
exog-both,6,0,42097,109.218969747484,98.24069876163578,75.93685707521833,44.44661614142056
exog-both,6,0,42121,104.02298290460864,92.09392918951484,69.2638756588139,35.679906798670714
exog-both,6,0,42145,101.1214692099732,78.54430420846445,69.50263351175286,-5.677322228806128
exog-both,6,0,42169,100.12419383230606,73.93768055950943,66.35355822202777,-25.72229974657602
exog-both,6,0,42193,89.69604189022016,64.20132904349694,62.88425999553488,-14.174335680615233
exog-both,6,0,42217,66.26319271723041,49.71675991968695,68.16023904075033,25.92200317564952
exog-both,6,0,42241,80.2176676374723,60.42991640108086,74.15313449716162,54.52493184072711
exog-both,6,0,42265,76.44766295876741,59.163504233476615,80.02463342645693,48.23379684938215
exog-both,6,0,42289,78.07399021152521,59.95775291327122,73.81547092405232,52.28820970294241
exog-both,6,0,42313,78.64270584721572,60.60341310873355,82.65448533598916,52.45084401527581
exog-both,6,0,42337,88.09903267714436,68.60806506244688,98.72488026054812,66.70754821393736
exog-both,6,0,42361,101.70287652486334,84.69486715383448,112.00364541776896,84.12744436975751
exog-both,6,0,42385,93.46423324472995,77.49054085748288,101.17842214444148,76.44437406570539
exog-both,6,0,42409,97.0120119504853,84.26816096869652,92.98649442280384,83.1391256186671
exog-both,6,0,42433,73.82952317208306,64.43455103006372,79.42626483961257,63.05226106402206
exog-both,6,0,42457,72.03208383153759,61.30030474136131,85.72911005945377,59.52226111998545
exog-both,6,0,42481,88.25925676430863,70.74691650693504,91.85825899196712,69.32063443486881
exog-both,6,0,42505,86.69592575409408,69.41701111615075,97.13262402247774,67.7170027119336
exog-both,6,0,42529,51.08985155447182,38.01147332814055,88.74196032939197,28.612084179503253
exog-both,6,0,42553,51.01031247139221,34.115686810813614,83.34587266349658,-0.9861094068261445
exog-both,6,0,42577,51.0943801852665,35.66980386476137,83.94654428355884,2.2326990465489924
exog-both,6,0,42601,58.24450379139335,50.43844373590595,97.2701936021126,32.06574104703588
exog-both,6,0,42625,76.86146226499287,71.6536110760979,101.39304349255464,53.98721898718794
exog-both,6,0,42649,70.31481135782987,61.58211703162485,70.4190759388801,16.076916909778017
exog-both,6,0,42673,69.93121045395763,57.91666641727862,50.52119096803336,-18.31063066994741
exog-both,6,0,42697,67.57571193164085,55.67925251326419,47.45097509418164,-16.51667991831381
exog-both,6,0,42721,76.72795120037752,68.67266630444551,65.63981019837334,11.733593116653854
exog-both,6,0,42745,78.5525842201024,65.97077574535248,65.11258096743579,25.67978423848766
exog-both,6,0,42769,103.97211768698727,91.73897751081452,66.71104980808963,67.52316755998982
exog-both,6,0,42793,104.3881553926825,90.21601901054696,61.82754289351988,55.50342834235709
exog-both,6,0,42817,119.20280487538226,109.11392032158446,68.31162294200553,69.83340958945723
exog-both,6,0,42841,128.1361998612726,117.5030932843795,82.1567964553896,98.5213870266922
exog-both,6,0,42865,132.9739906209238,123.56880859251912,85.38910934373953,108.24469280363915
exog-both,6,0,42889,115.5885198312446,103.88919398177516,67.05544984422428,78.67053725396757
exog-both,6,0,42913,93.87833783605912,82.0657327277292,68.25655626711676,62.07775536980948
exog-both,6,0,42937,78.25466206036917,64.95259631393087,61.249862257515375,43.42046069688078
exog-both,6,0,42961,82.76334527205938,69.04006431843666,73.16401412433471,36.59797704153063
exog-both,6,0,42985,61.82787476249105,47.51727109433833,69.78251546292584,13.942339865292926
exog-both,6,0,43009,57.56585352693111,44.45786766938449,69.7552310925144,12.960520770239018
exog-both,6,0,43033,54.27319753690725,44.23851389941118,83.95442571180021,13.98075177283483
exog-both,6,0,43057,69.28905763543594,58.96496823067803,104.73092803145391,53.68792179382147
exog-both,6,0,43081,73.78199160878981,65.22347928294796,111.43014317967226,64.8955677362792
exog-both,6,0,43105,63.31696374358432,57.88880569289402,102.40329691330072,57.4692812341148
exog-both,6,0,43129,95.93931360013596,88.9708026068602,109.08416744957924,61.25034562933171
exog-both,6,0,43153,92.11590860662707,74.83277116289581,91.08813349111654,18.365235579413916
exog-both,6,0,43177,99.80293415275668,76.39829956654523,80.87839769786024,15.661665184309673
exog-both,6,0,43201,105.06751120469214,88.46071265236729,97.8847733864038,30.74345125032191
exog-both,6,0,43225,120.81655170103392,102.5478106103675,98.0730513424901,41.52909007673547
exog-both,6,0,43249,112.4242085564481,83.58086698266325,89.7086814404114,-7.797974586930802
exog-both,6,0,43273,121.00300859262164,88.23105299248904,103.356055414439,-23.405551403844715
exog-both,6,0,43297,110.68286059932812,100.43547495882024,120.34335639018832,72.09852962343575
exog-both,6,0,43321,131.18421045757708,110.80941534581144,117.17181623047938,89.8158650902559
exog-both,6,0,43345,127.55047843358771,109.82805409158613,108.38621339249622,74.27302512058012
exog-both,6,0,43369,97.91687907763163,86.00082714358322,96.40594710606324,62.66357334334117
exog-both,6,0,43393,81.41705798386651,70.643485111734,97.5136332236298,55.43487666894481
exog-both,6,0,43417,51.804723534219846,39.76436823376821,83.00579278952954,18.957780610662905
exog-both,6,0,43441,34.39163736567122,27.01904379579172,82.64624853602123,0.5341198238414331
exog-both,6,0,43465,38.92405923752786,29.37396482792932,56.463548318165245,3.5774686421927107
exog-both,6,0,43489,42.35753526408941,32.179334884606455,69.87179652947229,17.383064053405057
exog-both,7,0,41641,87.66076555724793,53.593165364430725,47.74705060313138,-24.105240385781467
exog-both,7,0,41665,127.77995239479375,83.58650962054796,52.04561728150588,-63.98524645746392
exog-both,7,0,41689,154.48688247925867,109.17456015083228,63.15504222377459,-95.31879371206574
exog-both,7,0,41713,171.05097835238394,131.30963873401342,85.70311167735221,-123.8102207350733
exog-both,7,0,41737,177.17943647572574,137.14768312555748,109.96938599760928,-135.29472528812272
exog-both,7,0,41761,173.99663122771435,131.06909375014325,113.5184140175762,-125.27222535399414
exog-both,7,0,41785,161.3385227455678,121.45865269058088,115.86535189735211,-106.17881929809676
exog-both,7,0,41809,131.13781833175355,91.994620630814,109.64548279683396,-64.5428513430655
exog-both,7,0,41833,84.81423718816785,61.78916505270536,100.32278601985524,-11.299804840338108
exog-both,7,0,41857,70.73046491595038,59.957545144963696,105.05873196963142,38.17191512490936
exog-both,7,0,41881,70.50374509212588,56.744835922832166,90.65337330118182,41.542696573844665
exog-both,7,0,41905,85.53895442241006,67.17870294506912,71.8105945219561,15.357657715887932
exog-both,7,0,41929,86.28119244724009,69.00726868271369,60.30126734146401,2.8537103041441934
exog-both,7,0,41953,84.59144024953336,68.86001140030865,60.17072020640138,5.239116901144138
exog-both,7,0,41977,91.64031703859592,78.61085695602495,59.37524069584958,25.12600904903869
exog-both,7,0,42001,88.67044107481861,73.34896810565917,49.292870684411646,12.262825553094736
exog-both,7,0,42025,94.63368839067144,79.05194624419465,48.69773042387512,9.1382706452128
exog-both,7,0,42049,114.11693319004304,99.19821286012554,54.77847971942561,0.7747908588677387
exog-both,7,0,42073,103.245865529241,91.79613752838512,65.1431540031653,24.310746245859143
exog-both,7,0,42097,108.83735829265154,97.83682087974816,75.76880198887669,43.8885217565699
exog-both,7,0,42121,103.74164242365832,91.77331206003409,69.06788908529462,35.16990630429254
exog-both,7,0,42145,101.08482349999947,78.34169783196273,69.26870283186453,-6.214380745938262
exog-both,7,0,42169,100.1262640616102,73.82707553162159,66.52023963471981,-26.248487894903175
exog-both,7,0,42193,91.26020081586798,65.49470840252977,63.38407492110152,-17.269130832580522
exog-both,7,0,42217,67.83324263374983,50.45817926558965,68.34239130725075,26.13635899626441
exog-both,7,0,42241,79.8808166071153,60.12676703909269,74.4693835271581,54.02910059755556
exog-both,7,0,42265,76.13744310643823,58.592261328703486,79.36620471410664,48.52554621313445
exog-both,7,0,42289,77.52647912238017,59.44451278094777,74.51259814470228,51.51084683158332
exog-both,7,0,42313,78.12190973966237,60.098487202208126,83.27032593813912,51.70526300733778
exog-both,7,0,42337,87.52506781910265,67.96617954549336,98.39079868190946,66.00772059984054
exog-both,7,0,42361,101.20801485885048,84.12243432752004,111.72258533307252,83.5234925774628
exog-both,7,0,42385,92.9080308871233,76.9236711491241,101.98035840293127,75.77769327055321
exog-both,7,0,42409,93.8553046666018,81.941578820067,92.64742200608936,80.69316790365812
exog-both,7,0,42433,69.64888192104414,60.83445580664037,76.93809915486143,59.36463892168909
exog-both,7,0,42457,71.42210227001868,60.65709818035831,87.02378947132429,58.74241841646434
exog-both,7,0,42481,87.54045147738381,69.9408770251465,92.17865809520956,68.37253501884602
exog-both,7,0,42505,86.15221141880501,68.7843057482707,96.4909581505087,67.03564099121698
exog-both,7,0,42529,50.77537175575756,37.77158088020993,89.11622955501582,28.115175882727293
exog-both,7,0,42553,51.0195810708254,34.06411464472325,84.31433284518891,-1.6500151589860987
exog-both,7,0,42577,51.1110976329202,35.52605863473326,84.5723657538519,1.4093112670656236
exog-both,7,0,42601,57.51626767342942,49.631299518189856,96.59126346154224,30.7848959646943
exog-both,7,0,42625,75.99108583060065,70.72711484796817,100.78032408531968,52.7088005998143
exog-both,7,0,42649,69.83083526845844,60.84096044034565,69.60419040966882,14.90107474673434
exog-both,7,0,42673,71.68060470573018,61.13395020737682,54.84991533759016,-14.487340308395352
exog-both,7,0,42697,67.95259377277227,55.67006588939326,46.77490707314235,-17.753364424014233
exog-both,7,0,42721,76.67688770770417,68.85186516205903,66.64407203544542,14.055635898853597
exog-both,7,0,42745,78.29989859913978,65.82420545354447,65.13747087889791,24.998969629611707
exog-both,7,0,42769,103.7115597690894,91.56627231349772,66.6532819758905,67.14645634164586
exog-both,7,0,42793,104.09087566818494,90.02049173970138,61.77185402559721,54.91592049855186
exog-both,7,0,42817,118.83734423868692,108.82672209329208,68.2308708486332,69.3502882443124
exog-both,7,0,42841,127.84496495923976,117.1647486407874,82.00334388046787,98.05838191553067
exog-both,7,0,42865,132.44320676009892,123.03366445077503,85.21474402453929,107.6001053844844
exog-both,7,0,42889,115.16079621823437,103.4506413331939,66.89503263465032,78.14288625738789
exog-both,7,0,42913,93.562467649596,81.77964746549563,68.17690923236563,61.74428950479725
exog-both,7,0,42937,78.17128018934805,64.80847683195888,61.17788348743034,43.1472298054146
exog-both,7,0,42961,73.46522142917668,59.14898491183288,67.4164209593215,21.67159459102633
exog-both,7,0,42985,61.352434635590846,46.94783821225489,69.41468425895917,13.036379703182476
exog-both,7,0,43009,57.11991561176647,43.936494884871934,69.01665139585332,12.18633853475013
exog-both,7,0,43033,53.88493434450997,43.72426922032956,83.2719882215267,13.242040219995689
exog-both,7,0,43057,68.55110690547916,58.14631343257064,103.9888823124858,52.79021565921765
exog-both,7,0,43081,73.16472750071199,64.48986203310817,110.77920593386187,64.13001349130116
exog-both,7,0,43105,62.76771929723542,57.24135503618963,101.8187017957374,56.80293918333069
exog-both,7,0,43129,95.55603463983331,88.46957604964096,108.838825514797,60.66061628208823
exog-both,7,0,43153,91.8274421180292,74.31666635929535,90.44464325555052,17.664102621412663
exog-both,7,0,43177,99.63420046700249,76.19324050241816,80.27494693331997,15.473280655907946
exog-both,7,0,43201,104.9124037717711,88.26667739322959,98.26166862260132,30.36017135446601
exog-both,7,0,43225,120.56353481276945,102.12439212502856,99.1690120880033,38.01599512475642
exog-both,7,0,43249,112.35828537545204,83.38310422911816,89.49647288265277,-8.26847097057143
exog-both,7,0,43273,120.89449287800252,87.91586596892323,103.37812589903656,-23.975484540365933
exog-both,7,0,43297,110.34162814921824,100.01840892925108,120.15747326546148,71.54380870948059
exog-both,7,0,43321,130.841526644913,110.44373757559435,117.10019770458292,89.44457604029397
exog-both,7,0,43345,127.2471435541544,109.49145334612771,108.28282111969516,74.00135030659696
exog-both,7,0,43369,97.48730005030303,85.64300868091922,96.29398737122564,62.24849499964206
exog-both,7,0,43393,80.86652014007942,70.10774946574602,97.21779816896424,54.83038222330472
exog-both,7,0,43417,51.15122167188937,39.264783348851566,85.61753248941373,17.589734906063022
exog-both,7,0,43441,36.52268793812911,26.766417452113554,80.31131434273287,-2.2586924346081
exog-both,7,0,43465,38.95100054810688,28.96704161459788,55.22267670746999,1.879419926532226
exog-both,7,0,43489,41.876668321519695,31.58488737152319,69.21023791768141,16.38327406961916
exog-both,8,0,41641,87.66006844389874,53.55753002505625,47.6971229484256,-24.232683808665428
exog-both,8,0,41665,127.97730726311124,83.83540760531396,53.134966557520514,-63.79545094909943
exog-both,8,0,41689,154.49551041286847,109.14206999218636,63.14253405949635,-95.38124776599795
exog-both,8,0,41713,171.09833092256517,131.3299148516667,85.72554061976577,-123.93126398741768
exog-both,8,0,41737,177.212319831568,137.2011242481971,110.10771008949224,-135.36792763879453
exog-both,8,0,41761,174.10920576958554,131.15260582015966,113.64165810176674,-125.35573584574692
exog-both,8,0,41785,161.36622351087408,121.47194790078854,115.8816116221172,-106.22258014830342
exog-both,8,0,41809,131.14131297878416,92.00944225350948,109.6450766506621,-64.5420384478552
exog-both,8,0,41833,84.84045326670204,61.77564691312585,100.39366424393262,-11.395612918056722
exog-both,8,0,41857,70.72504625949342,59.95239930463287,105.19471393156869,38.14510381841863
exog-both,8,0,41881,70.49398808880693,56.72114653977759,90.61893719091954,41.50898927976586
exog-both,8,0,41905,85.52073304923034,67.13813165928585,71.7675782353547,15.310746374214917
exog-both,8,0,41929,86.28520829747825,69.009465744931,60.29998742222027,2.797332016516894
exog-both,8,0,41953,84.53424932795633,68.80519658554195,60.13683595070305,5.155313971455046
exog-both,8,0,41977,91.55542417220092,78.55490460080013,59.34811195188461,25.104838729758324
exog-both,8,0,42001,88.62935355245557,73.30498947594477,49.270791662256414,12.202917226448225
exog-both,8,0,42025,94.61769752857975,79.03819766782469,48.69072342809023,9.14955331388615
exog-both,8,0,42049,114.02663170921282,99.11452927618676,54.74024569670623,0.7380498121551059
exog-both,8,0,42073,103.11152958367316,91.67925371029044,65.09540752629103,24.24788188314158
exog-both,8,0,42097,108.72586873829712,97.73884692579053,75.75402384683487,43.79642463614308
exog-both,8,0,42121,103.64863550730747,91.69086788611516,69.0477906872684,35.09256047046796
exog-both,8,0,42145,101.06359071585264,78.29147524750599,69.21489181097724,-6.368123239090638
exog-both,8,0,42169,100.1241124322774,73.80673624168118,66.54404845965645,-26.37672383719672
exog-both,8,0,42193,91.27931075163995,65.5051724890757,63.42268650324062,-17.366471549010953
exog-both,8,0,42217,67.78104125241413,50.42328146381022,68.35099950534581,25.98437632866341
exog-both,8,0,42241,79.86103060942601,60.12081261422657,74.41458775712799,53.97873897085711
exog-both,8,0,42265,75.99522210747375,58.48478474555062,79.50136881534046,48.29944634249612
exog-both,8,0,42289,77.41775322497784,59.3486284241645,74.62873094519726,51.323461985725686
exog-both,8,0,42313,78.02318406727727,60.00650839290919,83.29911733536957,51.53074721964032
exog-both,8,0,42337,87.43155518285808,67.86228850043283,98.28775917145435,65.88406157830234
exog-both,8,0,42361,101.13884782532132,84.04787072994597,111.69299444254652,83.45011042748162
exog-both,8,0,42385,92.82816720868988,76.84050564910069,101.90026196554948,75.6908446359644
exog-both,8,0,42409,93.81612322816564,81.875775207722,92.5925949521696,80.62117495363546
exog-both,8,0,42433,69.52670987180402,60.68713225075472,76.79505613210328,59.21312286156411
exog-both,8,0,42457,71.33618120198491,60.55998575260403,87.35649456044847,58.612587192540026
exog-both,8,0,42481,87.41043422062253,69.81236138830212,92.27652459451107,68.21980740286747
exog-both,8,0,42505,86.09291041650249,68.72238506991883,96.42930994528592,66.96567153416866
exog-both,8,0,42529,50.6955018860991,37.722239382651786,89.1567969047042,28.04148681775336
exog-both,8,0,42553,51.03367421990352,34.06967078264073,84.49209714920639,-1.7561405761743023
exog-both,8,0,42577,51.11910344388049,35.49452359789489,84.62843718694731,1.2235262060581695
exog-both,8,0,42601,57.42074056877104,49.52733515237163,96.47453390230014,30.58156911482749
exog-both,8,0,42625,75.89440844653228,70.62984900166035,100.7115988566283,52.5229490827773
exog-both,8,0,42649,69.70233176730152,60.64749456266631,69.39673418433084,14.6615208681531
exog-both,8,0,42673,71.74080302072686,61.08210501486733,54.66737470024915,-14.8060749669301
exog-both,8,0,42697,68.03200158423442,55.63260178724444,46.56581258765904,-18.02632271118942
exog-both,8,0,42721,76.67281763143049,68.83996376634262,66.59194820653808,13.896168429356129
exog-both,8,0,42745,78.3279072619176,65.83927958052881,65.1835166291448,24.992879583400207
exog-both,8,0,42769,103.81644156538891,91.6662437210678,66.69386336196798,67.29483087599472
exog-both,8,0,42793,104.12945616380716,90.06318319008707,61.7890844321606,54.975682098363286
exog-both,8,0,42817,118.88093184294266,108.87889605361708,68.25229687566076,69.42087317050193
exog-both,8,0,42841,127.96812845346622,117.25884330626256,82.02090357263468,98.13634925525544
exog-both,8,0,42865,132.47863861030197,123.07267437865046,85.23328815916875,107.6093029383316
exog-both,8,0,42889,115.2014488721307,103.47268765238856,66.89907417765694,78.22284246369884
exog-both,8,0,42913,93.61154620537609,81.80766141409697,68.1210844936934,61.89297375250945
exog-both,8,0,42937,78.37010549595237,64.99445893341432,61.27317085763222,43.43689045292416
exog-both,8,0,42961,73.70205596996996,59.40644351977603,67.59349372711134,22.132421331163624
exog-both,8,0,42985,61.22710182384691,46.87334868772067,69.52620533547137,12.921699727477924
exog-both,8,0,43009,57.02975939896346,43.91385442297222,69.09558360809814,12.161963620768876
exog-both,8,0,43033,53.842872486248105,43.73710901104203,83.38396536355364,13.26210796510921
exog-both,8,0,43057,68.48812575743081,58.12243900605807,104.03026192750396,52.751877309345176
exog-both,8,0,43081,73.2132389109731,64.53949301916396,110.82099864847774,64.177786499313
exog-both,8,0,43105,62.77529115424837,57.24704274494031,101.82140615456974,56.80497428916475
exog-both,8,0,43129,106.20481781449722,99.54108288057172,113.27319415082128,72.43458746458916
exog-both,8,0,43153,91.78101122414115,74.25154741122347,90.35196495940924,17.575971289843316
exog-both,8,0,43177,99.63155386484055,76.19273119436409,80.04194697840067,15.59170729029458
exog-both,8,0,43201,104.98358290431696,88.34131784468835,98.07103611302006,30.538135230738916
exog-both,8,0,43225,120.51303301154624,102.10257271203857,98.90930918792206,38.18033468012144
exog-both,8,0,43249,112.32270237394091,83.40510886197785,89.50915239855084,-8.11001890151969
exog-both,8,0,43273,120.76133949484104,87.80648827767043,103.22221338931324,-23.941730728756017
exog-both,8,0,43297,110.5278883832689,100.23148191175608,120.25701430038748,71.79240984907275
exog-both,8,0,43321,130.98858537978896,110.57334924098583,117.07037608331656,89.6844792876027
exog-both,8,0,43345,127.36351116046062,109.55827834002072,108.26670594796998,74.28727682065569
exog-both,8,0,43369,97.66013978197944,85.80240350059694,96.35129890697203,62.49997791541812
exog-both,8,0,43393,81.02427424783288,70.2800965443146,97.32716294881408,55.065172693581296
exog-both,8,0,43417,51.00485446703066,39.18837488471434,86.13504344207783,17.372320767989766
exog-both,8,0,43441,36.4842929769257,26.708519159470438,79.8926201917316,-2.140535412967451
exog-both,8,0,43465,39.014444918025305,28.97583185657558,55.11540209310981,1.583661982041514
exog-both,8,0,43489,41.869338174958784,31.576755999972196,69.24252182463198,16.364412621169517
exog-both,9,0,41641,87.6429523787838,53.54352377975832,47.67784425668783,-24.242488187480145
exog-both,9,0,41665,127.97471950288556,83.82358470237185,53.10946189890863,-63.80258329630587
exog-both,9,0,41689,154.46274005404453,109.11360336021056,63.13073163131256,-95.35392328006816
exog-both,9,0,41713,171.08565244906842,131.30965811644228,85.70282058209769,-123.9552585637204
exog-both,9,0,41737,177.1933601360848,137.1968154975872,110.13809539089334,-135.36982931178224
exog-both,9,0,41761,174.10983376496424,131.15283223936868,113.6674458074648,-125.35720671190276
exog-both,9,0,41785,161.34108236265502,121.44741217983326,115.86709629998536,-106.21731956608858
exog-both,9,0,41809,131.11368295580365,91.99757212092926,109.6209824644294,-64.5197550313254
exog-both,9,0,41833,84.82572335022269,61.75284179698608,100.37965592934034,-11.426434337236811
exog-both,9,0,41857,70.72838165583944,59.95311849825887,105.18605749134709,38.15577182063286
exog-both,9,0,41881,70.50718080967306,56.72590646556606,90.615863070556,41.514868095071
exog-both,9,0,41905,85.50598700225991,67.1195869385615,71.73961045672944,15.311239885718676
exog-both,9,0,41929,86.27786004207721,69.0069961320916,60.29476476313006,2.80090223168749
exog-both,9,0,41953,84.4998261223377,68.77942380904192,60.119428462438826,5.157731225299616
exog-both,9,0,41977,91.51851678687991,78.5426925614592,59.34217836321051,25.16638612888772
exog-both,9,0,42001,88.37901842029724,72.96693755668778,49.087266161565054,11.11362633841891
exog-both,9,0,42025,94.60649240439098,79.04110410586836,48.6911500039969,9.227092586378276
exog-both,9,0,42049,113.96787410718022,99.08076848413953,54.724110651623526,0.823347693415925
exog-both,9,0,42073,103.05113220712173,91.63329472945752,65.07628442782367,24.28292661052985
exog-both,9,0,42097,108.6832466296028,97.701811264569,75.74948224184995,43.81316131476628
exog-both,9,0,42121,103.60953439875364,91.66001729291104,69.04482955235692,35.11847819875344
exog-both,9,0,42145,101.03830084276628,78.26548975525964,69.18483600896384,-6.4048555536722045
exog-both,9,0,42169,100.0931810545019,73.77751867028682,66.5579578011206,-26.397975733226183
exog-both,9,0,42193,91.26874454758166,65.49810225767386,63.440998478962406,-17.371172778897282
exog-both,9,0,42217,67.76759878665578,50.4128916868449,68.35909700643566,25.96229983163722
exog-both,9,0,42241,79.96603532671695,60.21209213248058,74.42896852487664,54.07941581256993
exog-both,9,0,42265,75.95571344129918,58.461547711930585,79.51594843167668,48.25898341623772
exog-both,9,0,42289,77.38262831993465,59.31456661348184,74.74537554833537,51.25575172919441
exog-both,9,0,42313,77.98629732027854,59.96597645240302,83.36750107935741,51.4599107094844
exog-both,9,0,42337,87.40699703341885,67.82376721211642,98.2554178143284,65.83948446466412
exog-both,9,0,42361,101.10891420088396,84.00400125882695,111.66792569882458,83.4042678485597
exog-both,9,0,42385,92.7836300606636,76.78793317920046,101.91842998908216,75.62857620491566
exog-both,9,0,42409,93.83263725400892,81.87755663600508,92.5921202876294,80.62305707275193
exog-both,9,0,42433,69.5438537763146,60.69340063479159,76.78195998359844,59.22583593599542
exog-both,9,0,42457,71.29558774772356,60.5146082721992,87.47375768876444,58.55157278363601
exog-both,9,0,42481,87.4055843638286,69.79029074936174,92.3321263409167,68.1858735142949
exog-both,9,0,42505,86.08620589370466,68.70213112746565,96.37958858177608,66.94023166395371
exog-both,9,0,42529,50.67464756059131,37.70812437915455,89.17754020112677,28.016226577029308
exog-both,9,0,42553,51.04846484022482,34.083722137157714,84.60229909290804,-1.7938010210752124
exog-both,9,0,42577,51.11364261800567,35.487779268030394,84.67307967339198,1.2117392563190112
exog-both,9,0,42601,57.45108488996035,49.55351930322798,96.4861114382964,30.638371740691767
exog-both,9,0,42625,75.81319509171402,70.53964534436822,100.65064174805909,52.3888638768728
exog-both,9,0,42649,69.62098575787415,60.52898349316398,69.26912755524997,14.52210309312445
exog-both,9,0,42673,71.7603099165847,61.04813989532623,54.5712353452679,-14.948642067617026
exog-both,9,0,42697,68.06961782321319,55.61002479778021,46.45672909609791,-18.182309823180034
exog-both,9,0,42721,76.64254678595876,68.80269302732732,66.545650669551,13.805932085707717
exog-both,9,0,42745,78.33402007578252,65.83709883763679,65.20292492299114,24.990307144897272
exog-both,9,0,42769,103.8448698915286,91.69163714779484,66.70442964793976,67.34838154334773
exog-both,9,0,42793,104.14150766923991,90.07525924432665,61.79443027820744,54.98989132893528
exog-both,9,0,42817,118.89424113532084,108.89550233665692,68.25898441072886,69.45533372567672
exog-both,9,0,42841,128.02313504964894,117.29816767632894,82.02459765156989,98.17237760662002
exog-both,9,0,42865,132.49729507285176,123.09123515433105,85.24083835644404,107.6178451351081
exog-both,9,0,42889,115.2129790977491,103.47668591292668,66.89759196295189,78.25383782581656
exog-both,9,0,42913,93.62751214732197,81.81750960215038,68.10985443090757,61.95551072491363
exog-both,9,0,42937,90.1537801736298,75.93560109895144,66.1983470367334,59.24450115289956
exog-both,9,0,42961,73.75031006708248,59.45374438197814,67.6440133481212,22.30503546575074
exog-both,9,0,42985,61.11226687084586,46.77385196190076,69.54309761813204,12.81220611484967
exog-both,9,0,43009,56.937716426805046,43.83505682912515,69.01727597104463,12.095808960058152
exog-both,9,0,43033,53.7657737844025,43.66458143713984,83.33242253183364,13.186160019643989
exog-both,9,0,43057,68.43239696748248,58.0566829751807,103.97286801291824,52.67880341472183
exog-both,9,0,43081,73.20961747077034,64.51580984182601,110.78493625051232,64.1499256383069
exog-both,9,0,43105,62.76381778240643,57.22221049975728,101.78689054248272,56.77982591420155
exog-both,9,0,43129,106.267002394171,99.5932314694146,113.29144892669302,72.49256810721128
exog-both,9,0,43153,91.76786149932576,74.2174535161051,90.26005801027162,17.528093281583054
exog-both,9,0,43177,99.65121971369948,76.22079481056365,80.05421902324386,15.665848968708271
exog-both,9,0,43201,105.01288085670136,88.37434128946643,98.06869505763568,30.60894378535391
exog-both,9,0,43225,120.4781706973348,102.08353560089444,98.88182827336227,38.2218372010701
exog-both,9,0,43249,112.3071133003136,83.39003383305759,89.48286696283402,-8.113044560583148
exog-both,9,0,43273,120.67915356059608,87.71732057452725,103.16951696842092,-23.990515714826472
exog-both,9,0,43297,110.56185902674056,100.27199268882052,120.27655207424156,71.84592128444972
exog-both,9,0,43321,130.9983909411331,110.57512197689262,117.06456796421698,89.71688616799618
exog-both,9,0,43345,127.37168612275038,109.54613458890644,108.25151356708102,74.35229873483435
exog-both,9,0,43369,97.67851102901017,85.82069925520526,96.3594522551689,62.556038202804224
exog-both,9,0,43393,81.03146087600216,70.28731377685929,97.3318428925956,55.09852034232946
exog-both,9,0,43417,50.88689382672342,39.09906460016274,86.54464263257925,17.14633994656497
exog-both,9,0,43441,36.46451032583602,26.664973636530632,79.86538767582668,-2.174371904023869
exog-both,9,0,43465,39.023749950026335,28.93359938905831,55.01381948660215,1.3926779214132103
exog-both,9,0,43489,41.828531895601216,31.521911393622343,69.19198830786742,16.27797927862407
exog-both,10,0,41641,87.62319296024334,53.55290917430716,47.700008352807046,-24.15453968055674
exog-both,10,0,41665,127.91401097813328,83.80665395993765,53.12767993771972,-63.70428267855296
exog-both,10,0,41689,154.40559337378056,109.08547356626472,63.06959170399978,-95.2638393243314
exog-both,10,0,41713,171.0386243726702,131.26473589379813,85.64212633792367,-123.90456499677732
exog-both,10,0,41737,177.14062504772627,137.15371633489835,110.07471559434812,-135.31715663257805
exog-both,10,0,41761,174.06557624912114,131.12491323505145,113.58856347016722,-125.28913858545437
exog-both,10,0,41785,161.28769976669702,121.42098573087014,115.84962676077686,-106.1502238398564
exog-both,10,0,41809,131.06979529768748,91.99129712766506,109.57399948236062,-64.4378137510315
exog-both,10,0,41833,84.82105508065402,61.76901514482402,100.38984773158022,-11.3713121029559
exog-both,10,0,41857,70.81088800604398,60.034185752461845,105.24807907127808,38.260194418594914
exog-both,10,0,41881,70.56863909781664,56.78361290575623,90.62974659158547,41.601483808561305
exog-both,10,0,41905,85.53594596032235,67.17300958766525,71.8056175893512,15.404669617203664
exog-both,10,0,41929,86.29804592534968,69.04919155847325,60.32813298080264,2.909689314929573
exog-both,10,0,41953,84.49789670905193,68.79839857479776,60.13897259556797,5.2573705117409
exog-both,10,0,41977,91.54229745406764,78.58888737542615,59.369484177398,25.31425324154544
exog-both,10,0,42001,88.39169641500222,72.99668738059076,49.10332131570359,11.232688772526428
exog-both,10,0,42025,94.62457369327475,79.07585907677833,48.70553383192583,9.383173968809997
exog-both,10,0,42049,113.96286336703292,99.10920298235008,54.73496293234616,0.9899361849851402
exog-both,10,0,42073,103.05603396683622,91.65309234103783,65.0863778459855,24.41698815440655
exog-both,10,0,42097,108.71318388753777,97.74234318122232,75.76501968852676,43.93422325383138
exog-both,10,0,42121,103.6342759786209,91.69914481732772,69.06921399189237,35.24511610739358
exog-both,10,0,42145,101.03969039410126,78.29200881987236,69.21198334762126,-6.330457107272591
exog-both,10,0,42169,100.06356199103992,73.76991727963201,66.52436664139583,-26.30489481390217
exog-both,10,0,42193,91.2520979344663,65.50174908820065,63.41491419227262,-17.255122856460122
exog-both,10,0,42217,67.81989011742756,50.45669272811098,68.36879702248473,26.073496402633253
exog-both,10,0,42241,80.13383381390896,60.35887001862912,74.3639154440715,54.27830066433704
exog-both,10,0,42265,76.01247540903181,58.50803889756644,79.52182551538827,48.34656027835583
exog-both,10,0,42289,77.45936906795714,59.37817373806566,74.75873412004891,51.34992904877243
exog-both,10,0,42313,78.05529034595914,60.020100733107626,83.3796952757391,51.54057710659409
exog-both,10,0,42337,87.5009991077417,67.91130419015383,98.2906812427248,65.9397750551792
exog-both,10,0,42361,101.20388367556674,84.10648050740498,111.77660969551069,83.50909027396698
exog-both,10,0,42385,92.88829334083802,76.88935075329952,101.93667307665142,75.73697038797788
exog-both,10,0,42409,93.993015784504,82.03665244429843,92.65923615395538,80.79146757822957
exog-both,10,0,42433,69.68809158779048,60.84221201620984,76.8946356225596,59.38578049232125
exog-both,10,0,42457,71.40711280896392,60.62470851761445,87.4824910135714,58.67466967683713
exog-both,10,0,42481,87.54942668152813,69.92602905896526,92.28458119356934,68.34160749622318
exog-both,10,0,42505,86.21880840195007,68.83428566972718,96.48775512828269,67.07934150663188
exog-both,10,0,42529,50.75902240741439,37.77148644316276,89.184299079731,28.116491681137383
exog-both,10,0,42553,51.051610143118296,34.10193084078772,84.52734927755205,-1.693128675624732
exog-both,10,0,42577,51.13415970765927,35.53230295919481,84.69998367222338,1.3461130260593048
exog-both,10,0,42601,57.56960557763858,49.68004843491836,96.58442396134356,30.84553298499456
exog-both,10,0,42625,75.89762581338314,70.6256115626259,100.7040399954926,52.506616467468056
exog-both,10,0,42649,69.62570001082081,60.55621513783596,69.3085970031689,14.631897627352854
exog-both,10,0,42673,71.72098787531542,61.0301197782964,54.57827742437008,-14.862209009318049
exog-both,10,0,42697,68.04687977895853,55.59568950091724,46.48541730060391,-18.083590463665217
exog-both,10,0,42721,76.66149743564233,68.82535426505993,66.58001923749957,13.936552088616452
exog-both,10,0,42745,78.39261276306344,65.85516881109987,65.22668051199487,25.16483846080048
exog-both,10,0,42769,104.00863789196876,91.82448842983511,66.75522588517715,67.58839089807468
exog-both,10,0,42793,104.2737946437843,90.174049967595,61.82822894747202,55.199964982445344
exog-both,10,0,42817,119.02126049666356,109.0065784626838,68.29462921050468,69.65793851894549
exog-both,10,0,42841,128.19277572377177,117.45708268597784,82.07482089588144,98.36721195613067
exog-both,10,0,42865,132.66808665237232,123.26934510347336,85.303953613097,107.8143364089726
exog-both,10,0,42889,115.33897990818166,103.6012484029244,66.94081002994069,78.43758464483705
exog-both,10,0,42913,93.75799343575504,81.93024085959179,68.13074695132153,62.15395258949005
exog-both,10,0,42937,90.3498265271449,76.11933973048095,66.27801394846668,59.51033945162652
exog-both,10,0,42961,84.47668901431886,69.1390853354836,72.92075209008138,38.54665513746876
exog-both,10,0,42985,61.09770128301562,46.78112553081893,69.57563465342602,12.900348720866408
exog-both,10,0,43009,56.94720787759631,43.85650201781965,69.06581293924658,12.21461763760214
exog-both,10,0,43033,53.78605440691115,43.71120190522603,83.41768926307405,13.304002237325427
exog-both,10,0,43057,68.53947541405667,58.16692343149428,104.074114073939,52.80513812083297
exog-both,10,0,43081,73.34974825536518,64.65958036653218,110.89598092460488,64.29786882168071
exog-both,10,0,43105,62.895308685493575,57.35637538561232,101.8895097994578,56.921189113315286
exog-both,10,0,43129,106.43684631822006,99.7743667610732,113.3600503260394,72.71153058513529
exog-both,10,0,43153,91.80047819410362,74.29118882542927,90.32938054793568,17.66655342429162
exog-both,10,0,43177,99.70229913754628,76.28539660498134,79.93096960675058,15.865814354608249
exog-both,10,0,43201,105.11012189254592,88.48601655139504,97.94828983207668,30.837463444566072
exog-both,10,0,43225,120.52847809497526,102.15282098601544,98.74514829827656,38.443877179743694
exog-both,10,0,43249,112.29919132940616,83.45646698375019,89.55421363773681,-7.934448722910567
exog-both,10,0,43273,120.62348197998588,87.72333302244635,103.11414922994442,-23.853247609382585
exog-both,10,0,43297,110.72668820063784,100.45421907248,120.35227431236125,72.07076023314241
exog-both,10,0,43321,131.13972206160042,110.7065588988769,117.06591530149748,89.91245051412255
exog-both,10,0,43345,127.50032537012385,109.6466053136647,108.26134092579966,74.57028325532487
exog-both,10,0,43369,97.80678165628872,85.93868198406646,96.40271865238256,62.763664524025096
exog-both,10,0,43393,81.17469374319238,70.43010661984827,97.41358843984776,55.3150522644692
exog-both,10,0,43417,50.88507713767076,39.110106955341614,86.65999349303684,17.176648058363035
exog-both,10,0,43441,36.44802423923238,26.648674162769577,79.74287778940207,-2.046887189370824
exog-both,10,0,43465,39.04000401281908,28.95975651399432,55.03561712900107,1.4446938183389315
exog-both,10,0,43489,41.882113572760616,31.57339228552756,69.21301475549191,16.38626200924179
exog-both,1,1,41641,89.6119034926582,58.00276486359768,52.08358831649189,-11.94960047677554
exog-both,1,1,41665,136.0368408946489,91.1969433763659,60.58782665742438,-57.46935091337972
exog-both,1,1,41689,155.3041650743363,116.1247169246949,72.75272257408099,-88.61589289561512
exog-both,1,1,41713,165.36089420985178,128.3344773140821,80.02128081334273,-110.2894333086787
exog-both,1,1,41737,179.44011589230385,152.58100172218292,113.70284595211636,-119.00585953586652
exog-both,1,1,41761,170.84993488166828,138.80897302265808,110.16523805448216,-117.60147972185884
exog-both,1,1,41785,163.0867889889335,126.5491349829782,110.22285225463528,-106.18986226524888
exog-both,1,1,41809,135.54023454302444,102.6201242222957,91.31772539474586,-56.030807171661166
exog-both,1,1,41833,97.59904981864015,79.06909979582584,99.4342871686458,2.3065343616485627
exog-both,1,1,41857,71.23573433309063,63.22668418779895,96.42981153932718,44.12563023704964
exog-both,1,1,41881,74.06698879139303,66.971375954565,96.74606119696578,50.17262827849119
exog-both,1,1,41905,91.56141772941426,74.61731575223942,78.27246278369047,23.921662295750146
exog-both,1,1,41929,90.15423277263773,73.07946878878892,62.86628908882557,7.834673017182863
exog-both,1,1,41953,88.55647968733133,72.26263654149659,62.66131005050845,8.149652075423365
exog-both,1,1,41977,90.72203602498308,75.56861386213184,57.9319643101372,11.403204873169331
exog-both,1,1,42001,87.16842672106615,68.24128123738916,46.121459751855504,1.5665990815458084
exog-both,1,1,42025,95.80607812380764,76.69234178461132,47.80747151618658,-12.638086724977663
exog-both,1,1,42049,113.4657986108861,93.57317369223009,52.38378809430891,-24.18820799845506
exog-both,1,1,42073,110.17281288367144,96.62833285133928,66.65795323475768,13.990683086180107
exog-both,1,1,42097,111.82547522421414,101.5802852412333,80.0386251162351,29.502072842165585
exog-both,1,1,42121,106.77879082712766,93.090532708772,70.24237355513642,21.71681345607871
exog-both,1,1,42145,100.74404375771891,80.94450317104831,61.88088966569,-0.8068786288101332
exog-both,1,1,42169,102.1029795326883,77.45890995353409,59.99730035329659,-24.42803195309431
exog-both,1,1,42193,94.45276196166152,68.7013731328169,56.62693586488308,-19.077259656889066
exog-both,1,1,42217,76.89525243352466,66.34160944478474,74.59793697243529,37.76368222852776
exog-both,1,1,42241,75.93849138709798,62.57446063764027,75.39965329534635,50.54213505727197
exog-both,1,1,42265,75.44561212037976,60.304888408517705,74.66714663008584,49.83303267726778
exog-both,1,1,42289,74.5671103307347,59.94203708148563,72.34417927481671,50.871967190167794
exog-both,1,1,42313,83.89123519317846,68.44439445493597,84.08898275994883,62.36375444180976
exog-both,1,1,42337,99.51235184305376,86.8999969956759,108.72993705988738,74.13877375844314
exog-both,1,1,42361,114.15748888890695,104.37114844265326,123.04513690402987,99.42984011496098
exog-both,1,1,42385,94.21684068111718,84.90893815954821,106.66762780543964,83.1311545552567
exog-both,1,1,42409,74.4646737933011,64.54660538982287,83.49082849853906,59.0445008437911
exog-both,1,1,42433,66.55987058532341,57.42873574275645,73.66143644899695,51.66193988118879
exog-both,1,1,42457,77.8686061783928,70.06448998225113,91.62391045442696,65.98747925020966
exog-both,1,1,42481,78.07528787790089,70.64648217408893,99.54938291657564,67.85974451599516
exog-both,1,1,42505,68.01062208489802,59.78064593072027,88.47502941508463,57.052744389192455
exog-both,1,1,42529,40.81697315731371,32.96482495523899,65.23841898278324,28.673619806240843
exog-both,1,1,42553,47.48187936017394,28.825977818026765,71.63556893121954,-4.67926994678507
exog-both,1,1,42577,63.98944931025835,40.3235425061872,85.59334077778806,-17.768272438872728
exog-both,1,1,42601,88.55128869890041,69.77876160540907,118.37047605286592,4.173734726383143
exog-both,1,1,42625,82.29428957662485,60.406110466574034,101.40717465605864,-7.382526820696758
exog-both,1,1,42649,113.46430096553944,81.38061760669824,81.7038859259128,-36.21471303963428
exog-both,1,1,42673,161.07713392126874,116.26578328934433,100.6589299985845,-104.13694033957836
exog-both,1,1,42697,161.97250456258473,128.03674977174938,115.54058918323796,-120.6689071316953
exog-both,1,1,42721,158.77130341109216,111.48751854414182,92.30085966161964,-99.32654351123212
exog-both,1,1,42745,147.42544356577287,115.2708262596136,103.29946674723682,-95.85000202877858
exog-both,1,1,42769,156.65542677508031,117.09240261060106,88.50605613147471,-79.80906614866977
exog-both,1,1,42793,149.31196376225884,110.72417673491202,72.56801928639105,-93.48251101554716
exog-both,1,1,42817,129.7249824341371,101.4977366401584,68.17836559111689,-66.0630792115868
exog-both,1,1,42841,100.0290106222515,84.6551892464887,72.67815489536093,-2.0334647996219
exog-both,1,1,42865,101.91077864902402,84.26739666784032,72.56660009253957,3.7941727065820383
exog-both,1,1,42889,113.55614670293326,92.00996666975156,64.73319351366231,-30.60105952575299
exog-both,1,1,42913,118.07466183570872,101.5330125662156,76.04474395010305,-22.548738932938683
exog-both,1,1,42937,124.78503306448438,106.95511926547408,87.1083571480836,-20.12992295846873
exog-both,1,1,42961,113.3655608980275,96.24598978294192,88.12638790310032,1.2630613598202085
exog-both,1,1,42985,107.20657365223478,91.72077877164384,99.75549955895627,33.59427616740773
exog-both,1,1,43009,95.62052865496972,82.99077055365777,105.50656522801069,29.682216061330905
exog-both,1,1,43033,93.41815216498776,81.31457232591808,112.57839911743386,38.48533793416569
exog-both,1,1,43057,83.5527746189783,72.96997063894544,116.32624235282036,68.29946862940311
exog-both,1,1,43081,82.03985963306633,72.70433255587507,116.71739165001269,69.18849600893037
exog-both,1,1,43105,89.22130007257208,77.32404842932492,110.99512224239407,74.96268792042822
exog-both,1,1,43129,105.5180280550042,93.35845200983644,108.88543660501048,50.18254983086289
exog-both,1,1,43153,95.35772029964956,81.88216678391287,96.0240884026913,24.542071583698025
exog-both,1,1,43177,89.4237857632349,68.89952498795756,86.42743334982632,-1.122363832755663
exog-both,1,1,43201,103.32746540384524,72.76441714946813,81.09587844437213,-14.491494688912164
exog-both,1,1,43225,106.08069193779971,70.04867763107775,78.04908868528724,-23.860561969659187
exog-both,1,1,43249,84.67409628749505,57.12163929877581,70.64343767622586,-11.192459495544911
exog-both,1,1,43273,99.54379384499283,71.03178157071979,81.92485605613452,-16.18825475023929
exog-both,1,1,43297,73.98852833356693,55.245455259281485,88.51237741194574,22.53346434447232
exog-both,1,1,43321,70.19255077597738,56.14309320356803,95.34842339886912,20.030208645527917
exog-both,1,1,43345,86.6957861234066,74.71352989144873,99.23969756668969,19.22586930002912
exog-both,1,1,43369,69.75202190063091,57.72282975541717,81.8702605852139,19.613903639890527
exog-both,1,1,43393,59.8537348468221,38.31407883048567,82.60115259384587,-23.924397537268185
exog-both,1,1,43417,79.82193929942733,63.557367253404806,111.74839781532636,-14.896955654087948
exog-both,1,1,43441,50.81864036425842,39.256072676909056,91.66566242912376,-13.462458177908797
exog-both,1,1,43465,54.01326924879152,37.60816305763131,84.4133302013484,-27.5669970345505
exog-both,1,1,43489,44.987932820200704,30.597029000226534,73.51899521761473,-13.545644630567066
exog-both,2,1,41641,88.61708163755137,54.94728195061522,52.64699287238255,-18.527723180345365
exog-both,2,1,41665,137.5312521453263,90.70973531386338,61.07521673542984,-61.47899702966826
exog-both,2,1,41689,154.10751370834006,115.10934358546656,73.82254203516364,-90.86938624765064
exog-both,2,1,41713,160.25122418115453,122.512091469948,73.99492481967346,-107.79313013920398
exog-both,2,1,41737,181.6304561490604,151.77375668221595,111.8221176380489,-123.90919621961991
exog-both,2,1,41761,166.90654374634795,131.45336428580308,111.87544023592228,-118.16816280500942
exog-both,2,1,41785,162.3989155457964,126.1805584910134,121.42596530493412,-109.77237312030312
exog-both,2,1,41809,134.787486209723,101.82206868643102,94.151231605004,-59.734720264336566
exog-both,2,1,41833,96.3815345360441,74.39389549222722,99.32645953259753,-6.487782189299759
exog-both,2,1,41857,66.49998537102017,57.68704114315324,91.69403719962132,37.556277534386176
exog-both,2,1,41881,69.00166798309232,59.56595204194894,87.3582764900144,43.30896501982768
exog-both,2,1,41905,83.05703097987401,67.01493404861482,73.2585914621478,18.39272880808931
exog-both,2,1,41929,85.87147444681025,69.63324298651561,61.18983772270079,7.2737237243968
exog-both,2,1,41953,85.03216487076467,68.17823057519374,60.163327581807465,7.208401336581089
exog-both,2,1,41977,90.15699128302772,74.40964198491181,56.87366336997338,6.609921151391138
exog-both,2,1,42001,89.56069937775827,71.09998818242846,47.8008680496684,2.414286894585262
exog-both,2,1,42025,95.99512469558736,77.28488898555334,47.90220266839939,-12.11089637166746
exog-both,2,1,42049,109.61417435344435,91.9605166441193,51.35730945821573,-15.520917085689144
exog-both,2,1,42073,104.6559433059516,93.51127663350988,65.33971374360557,17.460069708947945
exog-both,2,1,42097,111.91700164767448,99.64667341123751,77.69052217313765,29.178298835611567
exog-both,2,1,42121,109.1382533187202,94.57380478043449,70.97126119766799,20.48903353158778
exog-both,2,1,42145,96.9554610213504,75.40222731544036,58.72865958677773,-7.398240925229288
exog-both,2,1,42169,99.84593839536076,73.89431469281135,56.94498544680008,-29.434764387480385
exog-both,2,1,42193,92.76718310191087,69.73733982447891,57.897680522273056,-13.69337532870713
exog-both,2,1,42217,69.66982272948944,54.61097126856649,62.74193165541681,37.15019190191086
exog-both,2,1,42241,75.9825677597507,62.251241018212006,74.19987419542052,47.77852448404993
exog-both,2,1,42265,70.08484717181763,58.53723064224244,74.88119755689462,40.703687942789934
exog-both,2,1,42289,74.15017492786801,61.46603667598367,73.92972536060131,47.09552294665647
exog-both,2,1,42313,78.8786352157344,65.86712007233311,84.29397786233567,60.78472474806867
exog-both,2,1,42337,94.69162235623654,82.39011922566849,107.26106358553776,74.6574981129081
exog-both,2,1,42361,99.96305968535832,91.4016713996868,117.94230013421836,88.93497434355127
exog-both,2,1,42385,82.38707030740758,72.02589023072112,98.93848668801726,70.82813233807855
exog-both,2,1,42409,66.12380727656235,57.30066159893429,80.26582516215286,51.62005946636076
exog-both,2,1,42433,82.91955591542714,73.73749911596963,83.47444030343237,70.48144535518905
exog-both,2,1,42457,84.53977051411485,77.12645568560472,95.72356584195131,74.43095062051671
exog-both,2,1,42481,77.67049963828286,71.29988881511211,101.44660336216242,69.36906592351254
exog-both,2,1,42505,90.23119649357533,77.21028492759429,97.56603309703964,75.68293713652467
exog-both,2,1,42529,42.855007071957154,33.126152724527984,67.52975061345703,27.52371641980391
exog-both,2,1,42553,46.68922898031472,29.904734273036254,73.78779754715468,-5.486001817541241
exog-both,2,1,42577,71.77777590752956,47.310014341684045,88.15797745003296,-17.936870878049316
exog-both,2,1,42601,85.42661736228573,64.0075004907628,115.94679594319774,-2.80864296830321
exog-both,2,1,42625,83.43540080862442,59.354654827214254,99.08042037654594,-9.936427298866828
exog-both,2,1,42649,107.85627276106425,78.81297325792664,78.31673250456458,-31.268880128157207
exog-both,2,1,42673,143.88860626737946,103.73775168712568,79.57371752318704,-84.35160846226499
exog-both,2,1,42697,157.72284198947494,123.82703559217656,101.85778825640833,-106.08890902281006
exog-both,2,1,42721,150.02985045752985,118.15788988428277,99.79720178661886,-82.6393199616448
exog-both,2,1,42745,137.52644634162235,108.23084890799996,93.77720956386074,-84.18212388736495
exog-both,2,1,42769,149.84162423998228,112.80915557375243,85.8407395323163,-81.30619768011992
exog-both,2,1,42793,146.06595256870892,114.16971376632736,78.51871497421455,-90.05922298434692
exog-both,2,1,42817,116.12879021777812,95.785442935368,66.13626357948489,-55.05707033263457
exog-both,2,1,42841,107.2418118302528,89.7919789310644,73.99242415078275,5.716973031976054
exog-both,2,1,42865,100.38451964997827,79.94382762994402,69.87055985256546,2.547870095437504
exog-both,2,1,42889,110.73364830464229,90.8826386076349,63.46815538994187,-21.574454878725604
exog-both,2,1,42913,121.29755703692028,102.8070163256454,75.03524715833674,-7.264651590149245
exog-both,2,1,42937,116.28216223199703,97.71890785605626,84.61803387351694,-16.185644160606284
exog-both,2,1,42961,113.05521734648832,96.46943738437326,88.3093339822902,16.095336223561382
exog-both,2,1,42985,99.32725876191827,84.91880528310263,95.45130693525918,31.893272021936134
exog-both,2,1,43009,107.30697695550528,91.01750320123172,105.21109977110896,42.32161835163104
exog-both,2,1,43033,89.27696343915348,76.93572116570012,109.43353733742433,36.840736209443016
exog-both,2,1,43057,76.0419738103114,63.71502018649743,109.09225172062204,56.60190094007168
exog-both,2,1,43081,74.27789503286054,65.04022230991056,112.06941184829996,59.007729052795824
exog-both,2,1,43105,83.12272144138734,75.2816485912074,112.36348029167142,73.43432959855274
exog-both,2,1,43129,104.05637268929884,93.67070534468212,109.64908330745232,57.07069303357213
exog-both,2,1,43153,106.32851706332048,92.1927253833358,100.58239978680932,37.05218386330337
exog-both,2,1,43177,98.79455399674929,75.88953718270172,92.88774005120467,-2.773238273523085
exog-both,2,1,43201,110.83385066651066,79.27377390947727,82.00623872977602,-8.622427456709163
exog-both,2,1,43225,111.792287543771,76.89960295372347,88.24279434514507,-21.7453544662928
exog-both,2,1,43249,92.97308245266704,59.30485248392337,72.69380063515878,-22.830269789493723
exog-both,2,1,43273,102.21876130726864,73.0690502813504,85.69669435265209,-17.647160178362608
exog-both,2,1,43297,81.16379861024909,68.05193958551119,100.79946628952848,41.7152861274383
exog-both,2,1,43321,86.94817763908,73.72779094665906,105.0640995028582,44.77334399939663
exog-both,2,1,43345,96.51569082837791,85.69855908849429,104.19359293702452,35.563211761246755
exog-both,2,1,43369,78.7505659496954,66.88989692443886,87.63688539413384,49.69691018112741
exog-both,2,1,43393,60.46546128277442,43.8502329280084,78.66236904898614,2.338474557674852
exog-both,2,1,43417,76.81132911461974,64.11458867142231,112.5021099026285,0.0785761951126324
exog-both,2,1,43441,53.16975630186423,42.67249200359298,87.25710898428903,-6.409661752470133
exog-both,2,1,43465,41.15529865613976,29.519021366792725,85.62554703673455,-17.96076360291396
exog-both,2,1,43489,41.24882796973752,26.949309911680903,102.16987564333002,-21.404660181822862
exog-both,3,1,41641,85.80470345967089,53.53470972785975,50.920861549885686,-18.68945906027571
exog-both,3,1,41665,140.4411763239758,93.51829271825883,63.08109574042406,-61.06471976606744
exog-both,3,1,41689,150.4135063576192,107.65775689817598,67.10734664451385,-94.49535072011972
exog-both,3,1,41713,157.87996410891654,119.73362445748693,69.98289571377903,-108.5640323933237
exog-both,3,1,41737,177.34100376151395,147.80004719350657,109.98447666683992,-122.37897828180476
exog-both,3,1,41761,164.36214200780478,128.174984430759,109.51195351077564,-116.17190384670369
exog-both,3,1,41785,158.47862222801442,121.5891289935246,119.27799877256662,-106.40904109272618
exog-both,3,1,41809,132.72131890688507,99.36708642327834,93.902227799023,-60.983316847855
exog-both,3,1,41833,93.27271698612648,70.41473454440586,103.46884568807636,-9.565096710343552
exog-both,3,1,41857,67.51099900038417,59.83549014511592,94.7526205741318,40.53427615739976
exog-both,3,1,41881,71.45514858071536,59.79201770446513,87.91507434416265,44.200031914658666
exog-both,3,1,41905,80.54468653965955,64.93984912722507,71.42462967632443,22.49647543307365
exog-both,3,1,41929,86.21906896234735,70.63545645556425,61.86561715288538,9.855128227643265
exog-both,3,1,41953,84.81032539077252,68.61420271798809,60.42172918534452,10.028321775528426
exog-both,3,1,41977,90.05141175717871,74.87985038164157,57.06491592475448,9.179359776715026
exog-both,3,1,42001,90.06357106441024,72.71278539481801,48.67014997100581,6.501690767162724
exog-both,3,1,42025,97.04756999949286,78.23229230763938,48.4975858496093,-10.259911951735129
exog-both,3,1,42049,108.52012755136832,91.93399558278747,51.35331537622365,-11.202600755190048
exog-both,3,1,42073,100.80862384433264,89.51360006302723,62.99444483194727,19.451318372006448
exog-both,3,1,42097,111.09796887640267,99.02596085689144,76.81323610557244,30.15456872363531
exog-both,3,1,42121,110.71913539475727,96.28045178080794,71.40898088930153,22.55047436973627
exog-both,3,1,42145,96.3798656432454,75.95229485895078,59.526210998042494,-5.102524509406943
exog-both,3,1,42169,97.53254771719196,70.5752872594688,54.72207064781571,-29.946973244363864
exog-both,3,1,42193,91.28074504580682,71.40543168118612,57.94545941856589,-4.724293357521013
exog-both,3,1,42217,70.48841542409905,56.985827420558266,66.6693198248328,41.86021526286648
exog-both,3,1,42241,65.4095031179488,55.98727674439255,74.38588578909705,51.15643879591092
exog-both,3,1,42265,67.33856047201739,56.27207993508229,74.47869112365638,46.12823846923547
exog-both,3,1,42289,72.97229037766996,61.514990443658135,75.07678865206897,49.72252806749595
exog-both,3,1,42313,77.71671463015592,65.4518839800613,84.70025800612846,62.40666591287726
exog-both,3,1,42337,90.24039581767236,79.01621795433661,106.96709032682068,68.24277814545091
exog-both,3,1,42361,96.34963256844011,87.77863385700763,116.63893585555738,87.1053738690294
exog-both,3,1,42385,82.71201629527273,72.76845299127432,99.71963731436118,72.23004513648054
exog-both,3,1,42409,69.54013309428397,61.18137273861763,83.91366742133997,57.81031640704485
exog-both,3,1,42433,76.04909618731483,67.03701848009958,80.11701418662288,64.30215241704504
exog-both,3,1,42457,84.5355330277175,77.17443405925476,95.8694022979896,75.37331431547906
exog-both,3,1,42481,81.92144678135023,75.0377144884126,103.74502703546202,73.26292719969213
exog-both,3,1,42505,94.1989193206489,80.58796051033129,99.2723640285858,79.43801653082019
exog-both,3,1,42529,42.06867580438106,33.63369983985841,68.82476259889367,30.20930606028522
exog-both,3,1,42553,45.33879019069918,28.76838147653534,71.3523999889485,-4.089609698170444
exog-both,3,1,42577,71.96193494208755,46.73370358296378,90.51652564791388,-17.078189034810233
exog-both,3,1,42601,84.92980742180643,63.13947770999275,112.05557720099084,-1.5744011269564506
exog-both,3,1,42625,82.67422440270106,58.806179934194745,96.73411560172929,-10.156385565357052
exog-both,3,1,42649,94.55868658608216,74.15874155733708,75.92052713137514,-14.610763332265204
exog-both,3,1,42673,136.5634225733942,99.44515814694114,73.53381867368451,-78.46944991501526
exog-both,3,1,42697,149.44044783150076,115.2525072107934,86.62107455284698,-98.96651487798452
exog-both,3,1,42721,151.2369564650278,121.39784280876768,111.00689844592031,-83.87885844415054
exog-both,3,1,42745,135.0401801673417,105.28374735825184,87.38773761554638,-77.8553866765783
exog-both,3,1,42769,140.40308907410144,105.99577415947472,80.43091768576423,-75.60117927678769
exog-both,3,1,42793,138.8175430241654,106.99344568952256,71.24143075419566,-84.36411920396029
exog-both,3,1,42817,105.46725037474584,88.68030471736844,62.3135305347138,-41.94939791530948
exog-both,3,1,42841,106.52213098131314,89.62656904009474,73.76442696829974,7.906397318067896
exog-both,3,1,42865,98.6202125465467,77.827301441985,68.31848034914503,2.8231994155959823
exog-both,3,1,42889,116.7597633520056,94.533575665572,63.80048773970004,-8.46253802155442
exog-both,3,1,42913,119.74201944699468,99.26141363118651,72.56519385423145,-9.972480699906956
exog-both,3,1,42937,117.44234043888936,100.01553794558625,83.63392749352727,-3.526837187266252
exog-both,3,1,42961,103.47904902153766,85.5251632485107,81.44127852644361,-3.440273417331162
exog-both,3,1,42985,112.519982289046,96.6148780800178,100.8640728421726,39.20069114330232
exog-both,3,1,43009,94.0195260980424,79.80229596313742,103.8162244237927,16.618809674729523
exog-both,3,1,43033,84.91701565722478,73.30684847602859,107.56856273147794,35.997206003922464
exog-both,3,1,43057,71.84512460383381,61.145991452534,108.51335570927615,54.33126705789081
exog-both,3,1,43081,72.6773569222667,64.95199711024968,113.07787310304737,59.23001862372278
exog-both,3,1,43105,77.5487676964042,69.5310137074644,109.41926279922032,65.75737491388095
exog-both,3,1,43129,101.55295539964612,89.35656993030491,107.4501882008025,54.60266580644672
exog-both,3,1,43153,100.24465232033582,86.53964169095703,97.76291023455282,36.70194026394269
exog-both,3,1,43177,99.44257913344772,75.41417958142637,86.06493993827293,0.7622595721222968
exog-both,3,1,43201,110.39477802640188,79.94972595695032,85.49444719040909,-8.126560738385544
exog-both,3,1,43225,109.4530934303938,74.13371078065893,84.5653208554578,-21.83382354230044
exog-both,3,1,43249,102.5747549705418,64.00337630866082,63.2082866823397,-26.17539528620614
exog-both,3,1,43273,99.01717173436354,71.3305003513666,84.3108281720402,-15.662238960986826
exog-both,3,1,43297,80.32260138676985,63.0380399497306,97.7163935811164,27.36884153335611
exog-both,3,1,43321,94.72059342941712,83.60916011033193,114.00608709047238,46.71322112246045
exog-both,3,1,43345,98.54936834296711,87.78500916007452,105.21910938035153,37.961664282087376
exog-both,3,1,43369,86.76534252678118,74.83793157178646,91.77723376270164,59.93968989954365
exog-both,3,1,43393,60.43388766892742,44.10060911501351,78.40818131771789,5.897704765404484
exog-both,3,1,43417,59.50147770802449,43.65919406341102,94.56770634650252,-12.798088333738743
exog-both,3,1,43441,53.65291621904344,43.10354664882858,86.5193247506704,3.5940960944856744
exog-both,3,1,43465,42.50503492585394,31.55802472072103,79.05370451361752,-13.087156740797267
exog-both,3,1,43489,34.27501796241663,23.309281876617312,80.87911841151652,-10.935230137036989
exog-both,4,1,41641,85.37277344744805,52.46523454455807,49.41307036384897,-19.75397246144909
exog-both,4,1,41665,141.0341747559355,93.42566050376486,63.17722904081617,-62.49995939835772
exog-both,4,1,41689,154.20849321796047,110.87217880068296,70.17864085649492,-96.75734032363825
exog-both,4,1,41713,159.1316540812836,120.0430329722856,75.21726002545896,-110.72363678398396
exog-both,4,1,41737,176.49492084759223,144.92196031489516,104.2750969772227,-123.2364469085333
exog-both,4,1,41761,167.07269912555284,130.2140712840328,111.47720768827509,-118.8545530488905
exog-both,4,1,41785,159.85734610596018,122.71183956323868,116.11985886294144,-109.04136086141638
exog-both,4,1,41809,132.85593880731895,98.59456693946012,93.35181535693006,-62.65479138689143
exog-both,4,1,41833,92.35831601028762,67.82530119963833,96.00674494092785,-12.93253060510744
exog-both,4,1,41857,67.69171311337378,60.12038229571268,95.29029022724994,40.01271723154226
exog-both,4,1,41881,65.95512847132456,55.67543098378385,85.42374878018386,41.67389544571028
exog-both,4,1,41905,81.7440898469382,64.65561740061123,70.1467848963206,18.85377436311477
exog-both,4,1,41929,82.64832768078948,66.33691493280965,59.17974994690049,5.148588764355075
exog-both,4,1,41953,86.68631456633481,71.04463238851076,62.00740919614173,8.256945294386158
exog-both,4,1,41977,89.09801714197427,74.05821681671208,56.51373242034313,9.406036234724214
exog-both,4,1,42001,89.51871759605831,72.2382074090421,48.400912322966086,6.006445662077086
exog-both,4,1,42025,96.06225071339092,76.67334700788675,47.67091047002254,-11.649270165971714
exog-both,4,1,42049,107.91398979865082,91.42884983921768,51.08471382558548,-11.038592494054967
exog-both,4,1,42073,101.3694119093777,90.95112596050517,64.16712774316437,21.271717124395487
exog-both,4,1,42097,109.99498034989676,97.85707349931776,76.22949175836831,28.94315828499747
exog-both,4,1,42121,110.17631280074364,95.10905783052542,69.76527129440902,21.326469618022585
exog-both,4,1,42145,96.8774613277582,78.34751818089984,61.016979080818686,-1.388714760679553
exog-both,4,1,42169,97.21739924721314,69.5870804912721,53.71693408471905,-30.902793425613968
exog-both,4,1,42193,90.74957780387965,66.68317128207379,54.68882777679048,-10.33631751609739
exog-both,4,1,42217,69.68041113844157,56.16646259853978,66.1066013082393,41.15117079236701
exog-both,4,1,42241,64.3393484084173,54.45702238065076,73.52228284509557,50.99968844040632
exog-both,4,1,42265,67.56803320421933,56.948431236816745,75.07422534562654,46.4717322853343
exog-both,4,1,42289,67.10125895142197,56.75171293634526,73.29435187808589,44.65305644418911
exog-both,4,1,42313,73.468144498814,61.11950374171799,82.62980978107785,56.85838166174087
exog-both,4,1,42337,90.01126295510161,78.96537616444519,106.95302400543368,72.2589169516564
exog-both,4,1,42361,94.27138198764932,85.86493630938159,116.03620137817684,85.2310169869422
exog-both,4,1,42385,80.72628265148342,71.00040176249004,99.13547158147858,70.51387264924014
exog-both,4,1,42409,72.23303701856739,62.20405137150634,82.65557918997793,60.19791785865435
exog-both,4,1,42433,74.81123467031387,65.81637629057774,79.58167062027928,63.25115329128936
exog-both,4,1,42457,83.11378295514022,75.85607798964838,95.26736071322384,74.13837481674658
exog-both,4,1,42481,87.35171433992365,80.45699033063923,105.91882341724362,79.19273673496863
exog-both,4,1,42505,90.05113819166831,78.00800447802047,97.50926425115706,76.59726074214915
exog-both,4,1,42529,44.26368472591991,38.03411800048926,73.53610862291607,33.63408828122151
exog-both,4,1,42553,44.45293823997569,28.098074648049906,70.81470569508409,-4.508987544033538
exog-both,4,1,42577,72.56724177645864,47.37506285938381,88.28651406796007,-12.282030264612017
exog-both,4,1,42601,84.52394514812514,62.04436660808762,112.13100171140243,-3.18969867455966
exog-both,4,1,42625,82.38926220646529,57.367011135227415,98.32736791463438,-11.950555269206998
exog-both,4,1,42649,93.46482926771388,74.3085475059863,76.08253735402238,-12.261329292055844
exog-both,4,1,42673,134.70821940516612,98.47476810231926,73.42140176882054,-77.59808234228647
exog-both,4,1,42697,148.84692523197634,114.57959567616386,85.46688845429554,-96.35099592442567
exog-both,4,1,42721,149.72344334523365,119.54611196916812,109.26143563887564,-84.48959292136904
exog-both,4,1,42745,130.36313770466347,101.52206469841585,83.33994354258778,-73.09127554170594
exog-both,4,1,42769,138.86234219577696,103.11422400325216,78.42803128092824,-82.20889691991883
exog-both,4,1,42793,135.77048035219386,102.68603200968172,65.89214894672509,-80.93727868423291
exog-both,4,1,42817,103.85968199834238,85.34853767665948,59.23151190855668,-41.97808468325587
exog-both,4,1,42841,107.68383528200654,91.34681606733724,74.19700295474652,15.350779066389476
exog-both,4,1,42865,98.41381284733616,79.49205022622363,68.69286759067325,11.905369459015864
exog-both,4,1,42889,116.57193928221972,94.1254099711399,63.34406246485623,-8.336328209962964
exog-both,4,1,42913,118.81207176483252,98.12689688166871,71.77233346872168,-10.132388250522803
exog-both,4,1,42937,111.39966459589476,95.1652547544267,79.09854404185575,6.899607825830285
exog-both,4,1,42961,100.9867781102233,82.6922323079745,79.67826029857424,-5.597869952352826
exog-both,4,1,42985,109.03784992523028,92.10012328170062,98.43359157289788,37.010463113543885
exog-both,4,1,43009,92.86340447871666,78.10220790825882,102.59451272275189,14.804040866940992
exog-both,4,1,43033,84.32168189073799,73.19342760837655,108.25169704771804,33.03173460983012
exog-both,4,1,43057,75.10156422824815,63.94338729708561,110.04529832867284,54.894574572691646
exog-both,4,1,43081,72.80740187833845,64.6692152608235,112.48143209165852,58.765123345095446
exog-both,4,1,43105,79.41337355029174,71.3539822745428,110.59237829643006,68.32796249523969
exog-both,4,1,43129,112.02593569808188,101.26959137362417,111.74286590281868,65.83432255879616
exog-both,4,1,43153,114.59068417238936,102.0219665549232,104.63439118564838,44.30561777105338
exog-both,4,1,43177,105.37202129640562,78.61208642188191,87.83583475538484,-7.168069103823536
exog-both,4,1,43201,110.57405111086663,74.94390337928128,76.79031754134587,-22.523308114183717
exog-both,4,1,43225,112.33681367847817,78.75282185882182,90.37301107162293,-18.353444323387848
exog-both,4,1,43249,98.35573849541778,60.51798487286029,68.41892422452295,-32.21991559899995
exog-both,4,1,43273,103.56131823432956,69.06605504400898,79.23639829751681,-27.231471884670764
exog-both,4,1,43297,79.39424425737108,57.19461283372828,89.82323511313065,14.669079882857185
exog-both,4,1,43321,93.3790512325615,82.64829572849827,114.09880327250907,45.06261248616469
exog-both,4,1,43345,95.42872401925698,84.95670622453687,103.22340712477693,39.768271598509365
exog-both,4,1,43369,86.40464806092109,74.52578546964267,91.36460402520584,54.79634245374514
exog-both,4,1,43393,65.84529683329997,50.82631631680645,85.45483927452669,10.867253189376225
exog-both,4,1,43417,57.55899201746797,42.42589857301584,89.7668352524777,-10.234142597055683
exog-both,4,1,43441,56.50749945245019,42.06844641723394,90.1507749523699,-12.454327888406196
exog-both,4,1,43465,36.60474179139507,27.386393559589187,80.10810830136465,-5.484601997863156
exog-both,4,1,43489,35.09065097646392,26.851790179625738,76.88302141437786,3.556495119931292
exog-both,5,1,41641,87.3657791934616,53.73390600853601,48.78599487060978,-19.858909043883926
exog-both,5,1,41665,140.75014529702727,93.47058261397166,63.31035927607118,-61.61579646807392
exog-both,5,1,41689,153.90626595760082,110.56584522657224,69.74560250176643,-96.46100028163512
exog-both,5,1,41713,157.6353490166865,119.06770702623712,75.47514971718779,-109.74922154129602
exog-both,5,1,41737,175.28335420984982,143.81908901905595,103.2567432349177,-122.46259721457967
exog-both,5,1,41761,165.9235577153872,128.95934586360454,110.31835012695572,-117.79330179699492
exog-both,5,1,41785,158.88089518890663,121.67881502538418,114.72336599344888,-108.028556941595
exog-both,5,1,41809,132.42690114270107,98.14918739849388,92.87648185032177,-62.33573801054224
exog-both,5,1,41833,85.25030232204354,63.1746018794067,100.23022059436312,-11.577544621318648
exog-both,5,1,41857,63.22806165637163,56.13408235488863,92.75176048525088,37.21559586998802
exog-both,5,1,41881,71.42686932112083,59.764478025229934,88.89333493750787,45.52449787632787
exog-both,5,1,41905,82.01382359782606,65.12034597853496,70.50287460954026,19.77942655415001
exog-both,5,1,41929,84.12259497096103,68.0570993139502,60.31329308399008,3.327016606759289
exog-both,5,1,41953,86.05470359770331,69.12714020715237,60.55243754883942,8.470926573565206
exog-both,5,1,41977,89.26484293242724,74.34916841428847,56.68411133948281,10.21652263705868
exog-both,5,1,42001,89.72269228461295,72.58625272670848,48.58363938280519,6.843237320022294
exog-both,5,1,42025,95.87935460241265,76.74438815907364,47.70289498234976,-10.942512826053497
exog-both,5,1,42049,107.7392826740582,91.45730822605812,51.0986513229083,-10.20974184563937
exog-both,5,1,42073,100.929773034674,90.62697690762998,64.00284521271269,21.63964409319809
exog-both,5,1,42097,110.30952682263674,98.35335703626716,76.51480534972931,29.88287127627854
exog-both,5,1,42121,110.83131307476556,95.84802453929532,70.03627787951238,22.26822092284919
exog-both,5,1,42145,96.514683718296,78.52858239762278,61.15417407186443,-0.0668940692110243
exog-both,5,1,42169,96.91159428216534,69.25144788387408,53.45029503685335,-30.07976603126348
exog-both,5,1,42193,89.82420918323238,67.22768443999132,55.25018165069863,-7.257606842575745
exog-both,5,1,42217,70.13367319636973,56.668336422610345,66.45762622999287,42.110822610067245
exog-both,5,1,42241,64.52797898178196,54.848292953073454,73.84496639297555,51.78390527099456
exog-both,5,1,42265,67.93750597258447,57.54561862637091,75.62581656803599,47.59405466251557
exog-both,5,1,42289,66.63185405967418,56.13742553685859,72.76543600558925,47.69068876604138
exog-both,5,1,42313,73.52367780807519,61.32214295742196,82.82104239033065,57.573434074952296
exog-both,5,1,42337,88.17049996207813,77.09546917173513,106.39641071477082,67.6771700301653
exog-both,5,1,42361,94.46349982156146,85.80006363156534,115.66345662898074,85.54648680046314
exog-both,5,1,42385,81.30497229404507,71.99836670070388,100.09069101582308,71.58563194649761
exog-both,5,1,42409,73.14742090135199,63.223096282353374,83.34085747617263,61.577444985343696
exog-both,5,1,42433,76.47450008890188,67.63975885228315,80.84389411424847,65.38196976579461
exog-both,5,1,42457,84.50186439275596,77.34590970799727,96.10974634834405,75.77126165317954
exog-both,5,1,42481,79.79888585991736,73.25321039897423,103.00042132052458,71.3006923231865
exog-both,5,1,42505,91.7646575348724,79.55463681078687,98.318124221757,78.33397822432592
exog-both,5,1,42529,44.89682214409163,38.711518926636735,74.3535214585389,34.330868325556885
exog-both,5,1,42553,44.064304798582384,27.839459779293488,69.62563510691785,-3.2881525817362234
exog-both,5,1,42577,71.49452377041499,47.24551140939356,86.83707161752606,-10.10295146037802
exog-both,5,1,42601,84.43511942034067,62.11199396602433,111.95217283847845,-2.803315330392046
exog-both,5,1,42625,78.14043068740622,53.4395704516177,95.26900544725189,-12.826045595470584
exog-both,5,1,42649,92.49613898104396,74.36339788712628,76.42900087941626,-9.995784878696616
exog-both,5,1,42673,132.51666896580053,97.2334685624978,72.7391922905677,-75.14810733614009
exog-both,5,1,42697,147.042905989861,113.1889979753795,83.70916194961735,-94.39994402062264
exog-both,5,1,42721,147.99498968922484,118.41668933070748,108.02058708752244,-82.96538058832257
exog-both,5,1,42745,132.7402173406124,102.07002644675032,83.02727724138096,-77.24252903688527
exog-both,5,1,42769,139.026446080104,103.8202872906567,77.53701571907722,-80.07217891984303
exog-both,5,1,42793,137.05255798202597,104.61720222359835,67.21900471484497,-78.83555095585132
exog-both,5,1,42817,105.38391568199472,88.03084707135967,61.105242875203615,-39.14634056913037
exog-both,5,1,42841,103.85695192936112,87.28997472084625,72.573513182162,9.44873917086738
exog-both,5,1,42865,97.88774046360857,79.25203056465482,68.48363483654018,13.905934814947154
exog-both,5,1,42889,116.52419037654028,93.98891497323856,63.03255000696469,-6.540253910849708
exog-both,5,1,42913,116.48481503289428,97.31804691851188,70.95615412709817,0.8352803415066996
exog-both,5,1,42937,108.7687006060542,91.60270717867124,76.6630468717159,3.481754114051685
exog-both,5,1,42961,99.68015168627704,81.62013010611207,79.08041558895162,-4.285222287043959
exog-both,5,1,42985,111.25668995126694,97.39712455846092,103.47344040595642,42.30688180545014
exog-both,5,1,43009,91.21206217346366,75.74869252143601,100.38518225284176,14.23621073836246
exog-both,5,1,43033,84.33528262966314,73.51914325617746,108.59412164117208,33.97070926792419
exog-both,5,1,43057,75.71864769674123,64.60533815946594,110.5256540000217,55.84214345858039
exog-both,5,1,43081,73.43517599000893,65.43350166288167,113.05290559565546,59.65877938791066
exog-both,5,1,43105,72.73060351674614,65.30848396886483,107.41584776707538,61.94163924307767
exog-both,5,1,43129,113.19527823878502,102.36868736952346,112.03189222902594,67.6095177203152
exog-both,5,1,43153,111.45796443212676,99.09242703294832,103.82210562340173,40.98459243237589
exog-both,5,1,43177,104.8744350208067,79.08803877834332,82.10440981392586,1.9185309513725095
exog-both,5,1,43201,109.70493606286097,74.50077667925936,76.19626455087175,-21.625881118558087
exog-both,5,1,43225,111.8937574705339,79.12740309115212,91.0794141452784,-16.91726107703046
exog-both,5,1,43249,97.4481923963331,59.81955811191115,64.82439141561872,-30.831961031234528
exog-both,5,1,43273,102.64116550852924,68.80206746047553,79.38694533708176,-26.171643655082
exog-both,5,1,43297,84.19047624326255,61.69926368634728,94.41383908253653,12.879759707230722
exog-both,5,1,43321,94.4446055121416,83.6852306519953,114.50111826707293,46.2980688254827
exog-both,5,1,43345,96.56588726063218,86.11366116052875,103.51727285401272,41.91652102429824
exog-both,5,1,43369,89.6055944661149,76.52148543789305,91.4913121568094,53.30683527926948
exog-both,5,1,43393,66.39577711363879,51.782538865249045,85.8645433294102,12.950470532218064
exog-both,5,1,43417,61.22535986322029,48.996328112496094,91.293664946549,3.2060766264642613
exog-both,5,1,43441,53.930166406860025,41.29648478493159,85.52053818954946,-1.9268788877751688
exog-both,5,1,43465,42.44551767983109,31.74738880283452,78.73523084977194,-9.866809022661844
exog-both,5,1,43489,35.96479076422383,27.79735208326501,76.40932515155204,5.183542225676477
exog-both,6,1,41641,87.38769194791932,53.61601244865692,48.84509301564588,-20.336988938977036
exog-both,6,1,41665,140.963623497152,93.43713461144178,63.23794057434971,-62.06644952167364
exog-both,6,1,41689,154.173303339425,110.79882297032844,69.5208068291001,-96.53805502809332
exog-both,6,1,41713,162.05151751599013,123.0009052971522,77.16540351448673,-114.17177550236543
exog-both,6,1,41737,175.2619038687465,143.54690115311504,102.86012767532952,-122.9169822772357
exog-both,6,1,41761,166.00942846365302,128.92520260699956,110.41912568074466,-118.18809778552028
exog-both,6,1,41785,158.96693909263064,121.56746870854364,115.06156697722663,-108.32880423593632
exog-both,6,1,41809,131.10270636151503,95.8699258971516,94.9408509872263,-64.25910297812108
exog-both,6,1,41833,92.50585589458808,68.2231354637703,97.98302391532,-12.485787984953763
exog-both,6,1,41857,62.91173031745756,55.76749225289031,92.38381204956612,36.762667926294895
exog-both,6,1,41881,69.22099016353793,56.97303393058116,84.43774934450768,42.71513831879427
exog-both,6,1,41905,81.8517670458362,64.93997932903528,71.46499849141843,19.437339131939524
exog-both,6,1,41929,84.19770822729217,68.06961714683601,60.28086348737318,2.930553892346221
exog-both,6,1,41953,85.85798067238832,68.8376567286785,60.33656209194539,8.03771855470567
exog-both,6,1,41977,89.14355222942888,74.20629997457651,56.57947159431627,10.019995047229113
exog-both,6,1,42001,89.63477687045761,72.5033784441505,48.53518464765308,6.843006104402591
exog-both,6,1,42025,95.74227972426804,77.10834009042979,47.86297328748218,-7.530562106431871
exog-both,6,1,42049,107.58821099767128,91.3140931984635,51.01514088041581,-10.226225342155184
exog-both,6,1,42073,99.7617889081158,89.50948309281483,63.58386722529718,20.14794618546146
exog-both,6,1,42097,110.014782458807,97.91533333160535,76.10626034710636,29.337115376717644
exog-both,6,1,42121,110.83588373033082,95.65454397494088,69.47656900062442,21.90763570443472
exog-both,6,1,42145,103.17712690488908,86.52594579348113,64.65871234607295,9.69172532755648
exog-both,6,1,42169,96.8486574887578,68.91495485160252,53.059050050932,-30.639356985704232
exog-both,6,1,42193,89.5697738409732,66.94114456627786,55.0423170673597,-7.594146274604963
exog-both,6,1,42217,69.67176321004317,56.24548405536534,66.17579582566488,41.60438807312583
exog-both,6,1,42241,63.94453193663106,54.31838994426572,73.56736911368633,51.21118060704058
exog-both,6,1,42265,67.54344131825208,57.28812354195289,75.579550237921,47.23487622758599
exog-both,6,1,42289,66.23577178599434,55.87931056364722,72.68843795481077,47.31283271025477
exog-both,6,1,42313,72.90107551376214,60.75813300134204,82.59418764561553,57.03116936209243
exog-both,6,1,42337,87.43740905827833,76.45533708243582,106.21085188089634,67.12475132875007
exog-both,6,1,42361,93.68130591329158,85.01067792402803,115.35463153624978,84.7566269618632
exog-both,6,1,42385,80.5722328622245,71.23272520796151,99.67835810999247,70.84627464133567
exog-both,6,1,42409,72.65145880594372,62.74037143916883,83.08256369685095,61.0537238343572
exog-both,6,1,42433,75.92845052903421,67.06806466327956,80.53916992477409,64.79856185530323
exog-both,6,1,42457,83.92908412419695,76.7646716078414,95.82984073773775,75.17533748011502
exog-both,6,1,42481,78.86997885866225,72.29699840483673,102.56478966387031,70.29473657665416
exog-both,6,1,42505,80.38495161167974,71.04270655208468,94.6814112681166,68.63384666328186
exog-both,6,1,42529,44.53064875616969,38.41579948213772,74.11444225537468,34.03285806918667
exog-both,6,1,42553,43.99720068527064,27.8087353747424,69.71143204864725,-3.669516350637749
exog-both,6,1,42577,73.86316936241245,49.707665188324754,89.8706554133983,-13.278979239787915
exog-both,6,1,42601,84.36195744966781,61.67867600341309,111.95738768918258,-3.688677601882148
exog-both,6,1,42625,78.30139539995304,53.31635646251074,95.17828242159337,-13.441464695392057
exog-both,6,1,42649,92.24027426956717,73.99503556440132,75.99127946321428,-10.408493223035943
exog-both,6,1,42673,132.09194566227308,96.99240832014011,73.02724109017579,-75.29461070380637
exog-both,6,1,42697,149.7225718061241,114.53080853909742,84.57624323437649,-99.1569059940166
exog-both,6,1,42721,147.78276969453816,117.90725493163951,107.4426490803526,-83.52659667524279
exog-both,6,1,42745,132.28618884765612,101.62217678396011,82.80282067228633,-77.52049061054508
exog-both,6,1,42769,138.66952234310205,103.6111384957411,77.53008651396213,-79.99606041854497
exog-both,6,1,42793,136.48128128698923,104.1480069252328,66.76435792569347,-78.38063931766507
exog-both,6,1,42817,105.28303375542728,87.83550482310085,60.983797719712406,-39.38152596707911
exog-both,6,1,42841,99.15181987846536,83.36535249739019,71.78127372440012,-0.4047522060834039
exog-both,6,1,42865,97.493906863211,78.90133952656522,68.31452705823109,13.854141446731102
exog-both,6,1,42889,116.55971320396549,93.89335609456516,62.99770215582024,-6.674059885346217
exog-both,6,1,42913,116.22493415274768,96.96847183603832,70.75214708436927,0.4249275556138188
exog-both,6,1,42937,108.36554797548172,91.1812387616424,77.53722957396043,2.9008629754731223
exog-both,6,1,42961,103.09671635892296,80.5371914603679,76.4465180022315,-14.96399453129429
exog-both,6,1,42985,110.80050962826203,96.9451189567954,103.25836820073091,41.70656691493313
exog-both,6,1,43009,90.78612039910097,75.15816817458342,99.96009771639469,13.435844643364431
exog-both,6,1,43033,85.7571527143812,75.72947172625055,109.89136540279516,35.1686749777419
exog-both,6,1,43057,74.94822705386918,63.90739578559747,110.09167569438516,55.00635652643332
exog-both,6,1,43081,80.22626534229197,70.85985957207969,114.25981916098311,65.78229289405812
exog-both,6,1,43105,74.18268438582037,66.24520374248834,107.19336896645656,61.51781351640558
exog-both,6,1,43129,112.5157462236312,101.68595721474249,111.80816800886493,66.82467920890589
exog-both,6,1,43153,111.27177190405096,98.9029553409451,103.71052073110351,40.85755294509374
exog-both,6,1,43177,107.22129398875808,79.69958469243481,81.93944839740406,-1.289651214276221
exog-both,6,1,43201,109.49322537043273,74.00068430280493,75.62054984860828,-22.64867403676712
exog-both,6,1,43225,111.78465017256674,78.51060121762764,90.24089414929706,-17.843671289793146
exog-both,6,1,43249,101.60790151050782,62.86468568677903,70.70088456844252,-34.472035317945824
exog-both,6,1,43273,102.728935107448,68.25487892114444,78.569573235261,-27.42269703053265
exog-both,6,1,43297,84.01917924654589,61.56343915124272,95.42731394417956,11.929316757215926
exog-both,6,1,43321,94.18492611697604,83.49048337632192,114.58177577638264,45.87053944979981
exog-both,6,1,43345,96.29572991757682,85.7913566247388,103.42742822387945,41.25247523079234
exog-both,6,1,43369,92.50215136963772,78.14161099245942,91.6923048941062,50.78521364462623
exog-both,6,1,43393,73.1443602363287,58.416454659693045,86.85533761753955,16.510825427428685
exog-both,6,1,43417,61.214378072097865,48.889386577332246,91.14227123385412,2.9365640644445743
exog-both,6,1,43441,53.45509069869279,40.95832071250045,91.30592161456067,-2.0234473266199804
exog-both,6,1,43465,38.61841386589616,28.35069073216909,78.6330872838849,-10.020120630165296
exog-both,6,1,43489,34.61692293623271,26.779049221708483,73.98656242314982,3.369164134999757
exog-both,7,1,41641,87.39194864907354,53.508863151831534,49.01115896967402,-20.69096527192437
exog-both,7,1,41665,141.1511344555766,93.42077930610836,63.17565719706148,-62.40106418171399
exog-both,7,1,41689,154.39052528638194,110.91215616484033,69.9290390946908,-96.86949649769836
exog-both,7,1,41713,162.2678634345708,123.18923210897636,77.72777979383872,-114.46199953333527
exog-both,7,1,41737,175.2800241867777,143.4386669928644,102.66366025189124,-123.18206662512172
exog-both,7,1,41761,164.6457168682101,128.0696280258128,110.15170226476828,-115.8730244822691
exog-both,7,1,41785,159.0284269388837,121.5336017915524,115.22866093151212,-108.52639507688464
exog-both,7,1,41809,131.1616194301397,95.74711710957747,95.48832910750336,-64.6576181658259
exog-both,7,1,41833,85.19483697241851,62.85694736613603,100.4244191172783,-12.16246829174619
exog-both,7,1,41857,62.689930497450106,55.49469070478425,92.09137125560576,36.45662781250201
exog-both,7,1,41881,69.03897546624796,56.738592642184734,83.93740018734938,42.46845743306352
exog-both,7,1,41905,81.86563831322304,64.90744421210532,71.90321139031603,19.241539814993324
exog-both,7,1,41929,87.6663558812534,71.63379531900546,62.85505001586355,1.5504944177368565
exog-both,7,1,41953,85.7371915721965,68.6870064932393,60.22765835923934,7.813733541046612
exog-both,7,1,41977,89.93669257094163,74.99025268632364,57.068384110114266,11.82201908014786
exog-both,7,1,42001,89.58714585724704,72.41810219146198,48.48092190323441,6.614692130309027
exog-both,7,1,42025,95.69960971942469,77.05421765434563,47.83468044709908,-7.774763615556364
exog-both,7,1,42049,107.57900863389987,91.23879084630208,50.97210816998141,-10.499150151854533
exog-both,7,1,42073,99.58329857615546,89.29829673562736,63.47809916034146,19.771381145337028
exog-both,7,1,42097,109.86634564366447,97.69768723088696,75.93760139474558,29.04428750794864
exog-both,7,1,42121,110.77953694811544,95.48192530383974,69.24676418090377,21.604381712919263
exog-both,7,1,42145,103.2980213401447,86.09911486897154,64.59728459473094,8.043021172921586
exog-both,7,1,42169,96.84882449890186,68.75916076085456,52.86808919522333,-30.943747418458933
exog-both,7,1,42193,89.52093883733511,66.80046313679443,54.92174364951852,-7.8443152859209215
exog-both,7,1,42217,69.3782393679874,55.94037959945391,65.97921266279528,41.24062055248711
exog-both,7,1,42241,65.16164324964663,55.09925375849173,73.663363002906,52.19286543006939
exog-both,7,1,42265,67.33179236043031,57.1399784322722,75.54619776993076,47.04623503618455
exog-both,7,1,42289,65.97879345651813,55.67466113781527,72.59987777538865,47.08019110552311
exog-both,7,1,42313,72.605564226341,60.49761009967452,82.48867863705777,56.75415097387618
exog-both,7,1,42337,89.09828880992228,78.60539683806255,107.36163086144674,68.69400666099814
exog-both,7,1,42361,93.2962738737951,84.63423719899778,115.21741057790496,84.38886142319035
exog-both,7,1,42385,80.26296748734693,70.93691623178769,99.55490185735952,70.55576532331536
exog-both,7,1,42409,72.41845602887349,62.516930842972215,82.95972276314436,60.82846744785845
exog-both,7,1,42433,75.53038488698243,66.66959190993126,80.33137024094427,64.3883311363734
exog-both,7,1,42457,83.51582220523564,76.35190572048768,95.61498514822004,74.73894117792894
exog-both,7,1,42481,78.35451861381515,71.7663797409397,102.34588996645624,69.72220680042838
exog-both,7,1,42505,80.11333088828208,69.26183671789477,93.40456990471802,67.04851403862527
exog-both,7,1,42529,47.24614583614535,41.12490193362516,77.03339122762071,35.18140420473909
exog-both,7,1,42553,43.96796893862744,27.76976725693863,69.72157671237386,-3.877415445107312
exog-both,7,1,42577,71.56571114319588,47.12761125299659,87.80882358623646,-10.798136903882751
exog-both,7,1,42601,84.30622553928626,61.45901773187344,111.77321146813262,-4.021079949782683
exog-both,7,1,42625,78.36517989625348,53.25556633888906,95.23662055421904,-13.732449708824426
exog-both,7,1,42649,92.08197533161886,73.79060081024943,75.79971019194076,-10.59259087773422
exog-both,7,1,42673,131.99788048572623,96.96528725736312,73.3435005566113,-75.38983085808688
exog-both,7,1,42697,149.7465858816395,114.4712787591779,84.44650360640053,-99.48516295898418
exog-both,7,1,42721,147.7486974984471,117.70541433238718,107.23130854914656,-83.9006093891567
exog-both,7,1,42745,132.1718910252012,101.47403733589287,82.7140030118271,-77.74524402589707
exog-both,7,1,42769,138.61738060311708,103.52785036188408,77.54046117973328,-80.1692577542027
exog-both,7,1,42793,131.92963046599797,98.94405790987123,62.6738434132623,-77.3063485909181
exog-both,7,1,42817,105.25982600921938,87.72487850816768,60.90745596592823,-39.67030240929373
exog-both,7,1,42841,103.26387081897784,86.59797139768779,72.26840159072326,8.389884046147804
exog-both,7,1,42865,97.29642146270976,78.70761547954498,68.22454186471715,13.69673940749484
exog-both,7,1,42889,116.54694916553392,93.84796862405751,62.96545075954304,-6.882611540139704
exog-both,7,1,42913,116.14848023751456,96.86477418385086,70.69296003835652,0.1470029777253213
exog-both,7,1,42937,108.13921075226143,90.92329643229986,77.7196454590556,2.562535108385943
exog-both,7,1,42961,103.32914756764094,81.25808507294447,75.89567690958478,-13.332741455381711
exog-both,7,1,42985,110.5253270586104,96.70032807752374,103.17236040157132,41.35446725271364
exog-both,7,1,43009,90.61455454113997,74.92687550421071,99.80524892531648,13.17473349263372
exog-both,7,1,43033,85.44125187819563,75.41633976838543,109.71210088072512,34.76830140957407
exog-both,7,1,43057,74.54623645955968,63.61678285278184,109.97362745628524,54.66781905043362
exog-both,7,1,43081,79.98233033690698,70.65171216347201,114.16113573241977,65.56466036759946
exog-both,7,1,43105,72.87865093839387,65.15894032679782,107.20637629263496,61.6538724820909
exog-both,7,1,43129,112.0314066243947,101.21953475735452,111.65862166953988,66.3093155402085
exog-both,7,1,43153,110.85151018085216,98.46922300860072,103.51476763403778,40.657787873445486
exog-both,7,1,43177,103.5305972371002,78.22105872974532,81.51207734938896,3.562436139065675
exog-both,7,1,43201,109.30571343823438,73.74424025350065,75.43091557977803,-22.917976392559154
exog-both,7,1,43225,111.6835634051992,78.24755790137722,89.89420368919193,-18.101675551074564
exog-both,7,1,43249,97.2728010500848,59.62218452454168,65.19478254264351,-31.752864396371663
exog-both,7,1,43273,102.72274756461202,68.04896096886118,78.26717881194509,-27.84155128048414
exog-both,7,1,43297,78.82576975070266,55.88226603737173,89.42262745306545,10.708852295284006
exog-both,7,1,43321,93.82943145787044,83.2067554242285,114.54723359288744,45.46871008699922
exog-both,7,1,43345,96.06962094160842,85.57690848961656,103.38270600832318,40.87344485146424
exog-both,7,1,43369,86.66682016011146,74.78820711387581,91.4853585179948,55.24110083386953
exog-both,7,1,43393,59.99098569536467,44.64020448481634,81.45783083252337,7.719834257677416
exog-both,7,1,43417,57.81699240096366,42.240826184606725,92.71780495767314,-11.62020809604192
exog-both,7,1,43441,53.36459846924196,40.90200550603798,91.26332470868232,-2.091661413000644
exog-both,7,1,43465,42.657570589133854,31.775453277902823,78.48200710659002,-10.44902358497562
exog-both,7,1,43489,34.559454970252936,26.731592733605616,77.60547377356379,4.165129626967032
exog-both,8,1,41641,87.35868322089702,53.52672017598915,49.060892756986426,-20.60352992976284
exog-both,8,1,41665,141.10756773426846,93.42344497944114,63.1816466072174,-62.29473877427528
exog-both,8,1,41689,154.32474806365673,110.86745933772032,69.9204197954736,-96.81388171199092
exog-both,8,1,41713,162.17287937084728,123.10404791537093,77.72231610746258,-114.3742782034458
exog-both,8,1,41737,175.11333966649008,143.2815778145739,102.50405614934506,-123.06458512117986
exog-both,8,1,41761,164.5100887455353,127.93248731347472,110.05564223477222,-115.75359779525532
exog-both,8,1,41785,158.90870851423267,121.41304107641272,115.07253671023156,-108.42461315446788
exog-both,8,1,41809,131.1114124168371,95.67478019512184,95.37363379458225,-64.65857161558228
exog-both,8,1,41833,85.15975863486314,62.83845023184865,100.36202878506582,-12.12448637601432
exog-both,8,1,41857,62.71656416923484,55.53551990945349,92.12203408783316,36.526745105542965
exog-both,8,1,41881,69.06274445904073,56.74872169954189,83.86854389421138,42.51710404179047
exog-both,8,1,41905,81.86458576147231,64.92776535400188,71.9743367675915,19.31681283609944
exog-both,8,1,41929,87.68388317863787,71.67516020900608,62.884847828965086,1.658485153683771
exog-both,8,1,41953,85.6893645744915,68.66577072173683,60.21354192452082,7.922884479647456
exog-both,8,1,41977,88.53654761181076,72.89011619347204,55.67215914702627,8.500989110041878
exog-both,8,1,42001,90.662822779774,74.21475880204846,49.33373990063091,9.756932611386963
exog-both,8,1,42025,95.66729887724688,77.05441936995233,47.83325637819325,-7.637307636116209
exog-both,8,1,42049,107.52096353494196,91.22826571236048,50.96637250906024,-10.331138479953353
exog-both,8,1,42073,99.51311368076084,89.25175181747002,63.455066725638034,19.875290722151263
exog-both,8,1,42097,109.86831018132833,97.71319010689793,75.94216589266196,29.119321501626477
exog-both,8,1,42121,110.82607532961929,95.539221802976,69.2581036932953,21.705771764804176
exog-both,8,1,42145,103.27447011598024,86.13701334544422,64.6236550090355,8.184211039830053
exog-both,8,1,42169,96.79175463229096,68.696697416237,52.81191790287193,-30.87454965877241
exog-both,8,1,42193,89.48015919992316,66.79890904972076,54.92986329315794,-7.687625188680185
exog-both,8,1,42217,69.38079984992414,55.9545130972252,65.98698568653477,41.31825460030568
exog-both,8,1,42241,65.17231438073044,55.13242050324535,73.69111616118485,52.26444467823872
exog-both,8,1,42265,67.33865789146303,57.17053070582464,75.58672933087036,47.13834549035486
exog-both,8,1,42289,65.97358889341251,55.69041184295638,72.61995159651498,47.15270898721701
exog-both,8,1,42313,72.5565942203514,60.46607066198519,82.48439500425852,56.77542142941117
exog-both,8,1,42337,86.81709299143691,75.83990479804734,105.93039833461376,66.4675517605504
exog-both,8,1,42361,93.23117717800264,84.58182202870869,115.2095171589907,84.34296437827179
exog-both,8,1,42385,80.23151848617368,70.92631184674991,99.57374149100802,70.55570542483198
exog-both,8,1,42409,72.42523016136732,62.53032672711751,82.97398947551386,60.86513647883961
exog-both,8,1,42433,75.57429612750735,66.7231784479961,80.38081480086034,64.46284059990298
exog-both,8,1,42457,83.58143424321948,76.42273738056397,95.65626278387968,74.82260045581293
exog-both,8,1,42481,78.30465116475756,71.7196077794238,102.3351954600708,69.67368378524691
exog-both,8,1,42505,80.03289372908382,69.1872873545093,93.37725527613368,66.96861136407432
exog-both,8,1,42529,47.28107115644863,41.14897880425025,77.0349531916724,35.26967105230373
exog-both,8,1,42553,43.943000499171816,27.75087906510409,69.6719194972169,-3.8175163435507735
exog-both,8,1,42577,75.247594423089,50.48233662610359,85.57376136049528,-9.523064470230413
exog-both,8,1,42601,84.28800847180682,61.41619853953402,111.73632725918212,-4.063022295431578
exog-both,8,1,42625,78.36176754103012,53.24030250223281,95.23605174407368,-13.724565005936432
exog-both,8,1,42649,91.99489603755146,73.75489420799906,75.7724934657013,-10.484526044894611
exog-both,8,1,42673,131.8145770275735,96.87290961349892,73.38512742230566,-75.2401426299781
exog-both,8,1,42697,149.63039176178142,114.364399033356,84.31101514574432,-99.41522344720208
exog-both,8,1,42721,147.62718176574444,117.5895698982826,107.10757674503128,-83.870754453692
exog-both,8,1,42745,132.00325371645377,101.32596197357122,82.57148898837848,-77.65873961341933
exog-both,8,1,42769,138.4634134464344,103.4344930917492,77.45557828288726,-80.03997887745592
exog-both,8,1,42793,139.67042888403202,104.00664557525708,65.895305849898,-82.07654343907014
exog-both,8,1,42817,105.17163499695714,87.63333581346188,60.84456397840696,-39.54980131634194
exog-both,8,1,42841,103.18955149159518,86.51604953858362,72.22634940020222,8.388194573585437
exog-both,8,1,42865,97.22495565756586,78.67071837953266,68.20657015135804,13.836411905127468
exog-both,8,1,42889,116.55952034832409,93.84486578959282,62.94852923871049,-6.727681916452793
exog-both,8,1,42913,116.10062454810152,96.81197922648651,70.65161670870597,0.226694731456972
exog-both,8,1,42937,108.042490870302,90.83496203681426,77.92745263614013,2.6768903533699597
exog-both,8,1,42961,103.19477814875832,81.1309683658933,75.94888137856472,-13.334035259839675
exog-both,8,1,42985,110.47093736382226,96.6427998936617,103.12934457290864,41.38312705103696
exog-both,8,1,43009,90.53066463973754,74.84128919030478,99.74283213711328,13.124805266267728
exog-both,8,1,43033,85.33742798048989,75.30564861544109,109.62406556869033,34.71637245380417
exog-both,8,1,43057,74.45313448159528,63.52748447875365,109.91512475366687,54.56749741543347
exog-both,8,1,43081,79.94614662506001,70.605871115108,114.1201143137339,65.50474833183468
exog-both,8,1,43105,73.76743101598454,66.3009240651472,107.92912289089666,61.83757999360129
exog-both,8,1,43129,116.63023843807753,105.36784339913596,113.55761415032345,68.19619492238928
exog-both,8,1,43153,110.88115697939426,98.5138369669422,103.51662494308448,40.79145456518405
exog-both,8,1,43177,104.7750989733907,78.53395476822885,81.40048867299964,0.5262505919901059
exog-both,8,1,43201,109.2520259825531,73.68519638795198,75.3796690554007,-22.961701635429197
exog-both,8,1,43225,111.6595552144657,78.22324585158375,89.87759763634354,-18.10364720385357
exog-both,8,1,43249,97.23797162951816,59.59082005546258,65.12000554728255,-31.798687835368703
exog-both,8,1,43273,102.69020120942945,67.96822181260616,78.16493646676169,-27.95767716232408
exog-both,8,1,43297,78.82734987814422,55.88013435472321,89.4920699509413,10.631412411657182
exog-both,8,1,43321,93.8191664216674,83.21614226435948,114.5647082025096,45.47992714045599
exog-both,8,1,43345,96.09060367350271,85.59489095094621,103.38089613877332,40.93036979872194
exog-both,8,1,43369,88.61109663641668,75.47788356810887,91.03586011000708,51.690129642237785
exog-both,8,1,43393,66.24302941732064,51.44689876383977,85.70465257208181,12.067717746053388
exog-both,8,1,43417,57.76970439671484,42.21433461437984,92.65479445520856,-11.560733682564162
exog-both,8,1,43441,53.33535579091034,40.88642063187756,91.33417101284822,-2.0790766788320667
exog-both,8,1,43465,42.6420669720323,31.765267927282853,78.43655812327927,-10.4218156897919
exog-both,8,1,43489,34.60114112605267,26.77166059503796,77.64269590493748,4.243114822538199
exog-both,9,1,41641,87.34326563430987,53.51941966519199,49.07150001066085,-20.59658599522953
exog-both,9,1,41665,141.0978082605669,93.41934192537934,63.18029247217931,-62.274826170089895
exog-both,9,1,41689,154.31996878623082,110.85931336263312,69.94764269291255,-96.81968820744076
exog-both,9,1,41713,162.1489548098123,123.0756674408854,77.72841063735024,-114.36566223278392
exog-both,9,1,41737,175.0559847860044,143.22158671356638,102.4359421776172,-123.03547322089533
exog-both,9,1,41761,164.46874003237278,127.88444564683088,110.0258647025848,-115.71695955631655
exog-both,9,1,41785,158.88545716045232,121.37489010161438,115.01555816077658,-108.40856055771071
exog-both,9,1,41809,131.10596169747387,95.65233458715882,95.34636437056912,-64.68975282917332
exog-both,9,1,41833,85.1484028994798,62.82525717445535,100.32133323177656,-12.12524608731868
exog-both,9,1,41857,62.7291145462783,55.55054858880647,92.13436498689708,36.54259470460273
exog-both,9,1,41881,69.06260208761641,56.74513377064304,83.84157825282826,42.521771193904215
exog-both,9,1,41905,81.86696770361696,64.93269027592126,72.00310871583062,19.329481601872992
exog-both,9,1,41929,87.699557140805,71.69552794347084,62.897684926235655,1.6801455536328722
exog-both,9,1,41953,85.67378708583763,68.65692133801141,60.20530971537309,7.939545051775285
exog-both,9,1,41977,89.94312475993138,75.02214764876364,57.08760533896561,11.948580727249109
exog-both,9,1,42001,90.66912627423716,74.22881907554384,49.34028506018043,9.802971415784468
exog-both,9,1,42025,95.66710396395838,77.0630080340696,47.83769572697836,-7.59992788162265
exog-both,9,1,42049,107.49687794567645,91.21419939216746,50.95792206865271,-10.289174326835782
exog-both,9,1,42073,99.46628060880876,89.21481586911501,63.43725406993986,19.895368048159785
exog-both,9,1,42097,109.8614634867385,97.71098418732204,75.9452768392166,29.13482266619539
exog-both,9,1,42121,110.84895904944167,95.5650673048298,69.2674230934475,21.73898608009288
exog-both,9,1,42145,103.26931926547934,86.15477179869053,64.63747031030793,8.23639322740077
exog-both,9,1,42169,96.7818247947896,68.67774145050291,52.78478375277344,-30.86218062990742
exog-both,9,1,42193,89.47455003171703,66.81945516176563,54.94691713762217,-7.60279901542992
exog-both,9,1,42217,69.37476637180511,55.95043872025305,65.98437973938312,41.34630861374512
exog-both,9,1,42241,65.15596120956504,55.12413405076992,73.68994205406378,52.26788091592287
exog-both,9,1,42265,67.33180847002366,57.17519906648282,75.60014836459385,47.16692440962494
exog-both,9,1,42289,65.97337385837477,55.69920839460544,72.63152826019147,47.174506805426255
exog-both,9,1,42313,72.5328708732498,60.45543726194239,82.4856843185598,56.79145341730543
exog-both,9,1,42337,86.78030880509128,75.80838898263109,105.92216172266488,66.4622582107144
exog-both,9,1,42361,93.1994972464816,84.55835162873692,115.20773080392688,84.31925163333777
exog-both,9,1,42385,80.23008807049335,70.93651315439158,99.59065995220512,70.56867786124674
exog-both,9,1,42409,72.44113458313133,62.54867775871939,82.98488861700662,60.89603159736488
exog-both,9,1,42433,75.6437026229717,66.79625831477692,80.4303690657706,64.54686272337506
exog-both,9,1,42457,83.65066637594546,76.49412632884702,95.69629521411592,74.9056444494153
exog-both,9,1,42481,78.28785279103552,71.707062839761,102.338474898944,69.6634460841184
exog-both,9,1,42505,80.03051572830786,69.17707148470234,93.37089954412922,66.95736059858866
exog-both,9,1,42529,44.40806717143355,38.32401542639976,74.04226045456927,33.97824325858464
exog-both,9,1,42553,43.93218824424238,27.74605640830624,69.6547151206471,-3.79856459380804
exog-both,9,1,42577,75.24608950021909,50.48209388359384,85.56563684195046,-9.50719667939658
exog-both,9,1,42601,92.72339939288273,73.09437922288309,119.06559014720987,4.561722478150725
exog-both,9,1,42625,78.3720421403366,53.24008443549701,95.24680020486916,-13.726005833402372
exog-both,9,1,42649,91.94967774044837,73.75273700389512,75.77468229177333,-10.389763662596692
exog-both,9,1,42673,131.7024864054492,96.806377914754,73.37910313182911,-75.13486122006833
exog-both,9,1,42697,149.5482413282367,114.29558965174644,84.23581197714095,-99.3472304135029
exog-both,9,1,42721,147.53820291373938,117.52274200676514,107.0312845885393,-83.80299018671987
exog-both,9,1,42745,131.8940218959858,101.23025707768504,82.47114068189593,-77.58181129989191
exog-both,9,1,42769,138.37476561260772,103.38428337590535,77.39366342372706,-79.9322851631681
exog-both,9,1,42793,139.54079107200295,103.9288838431292,65.8290602422329,-81.89054368054202
exog-both,9,1,42817,105.10500924020396,87.57921444280505,60.81190242464264,-39.46960696714593
exog-both,9,1,42841,103.17167371866458,86.4965333707632,72.21397202216701,8.429670844471998
exog-both,9,1,42865,97.20200860179705,78.67023636510291,68.20465152737479,13.947920550919056
exog-both,9,1,42889,116.57327956602316,93.85463961837216,62.94399503583384,-6.59945271656503
exog-both,9,1,42913,116.0846642984148,96.79260703248468,70.6312696964187,0.3311763016166962
exog-both,9,1,42937,107.9917954337052,90.79887224448198,77.99429209076114,2.786296461815731
exog-both,9,1,42961,103.1523258413075,81.09305461365754,76.00238009570779,-13.32081539383003
exog-both,9,1,42985,110.4978385375932,96.68311640714754,103.14903166511368,41.51212665029389
exog-both,9,1,43009,90.52851923515648,74.84295948418136,99.74272336622788,13.150561309993057
exog-both,9,1,43033,85.34630184711598,75.32545463117575,109.62959112927382,34.78443760460946
exog-both,9,1,43057,74.49177977371318,63.55941571144074,109.92946378013784,54.60446783314536
exog-both,9,1,43081,80.01241469380811,70.65556552589358,114.1322658169123,65.56157297984328
exog-both,9,1,43105,73.761246640105,66.29432184655182,107.92316976297028,61.826334913045045
exog-both,9,1,43129,116.73594603787087,105.46262117447348,113.5806200027721,68.32612640878953
exog-both,9,1,43153,110.95533908945536,98.60645172205568,103.54838122164334,40.93438850681154
exog-both,9,1,43177,104.79527961303457,78.56352339792761,81.42497536816096,0.5619570213073075
exog-both,9,1,43201,109.2181827645618,73.66636461009689,75.36789076426923,-22.95119970236028
exog-both,9,1,43225,111.64534155617488,78.21999872725021,89.8836556267671,-18.087040272811297
exog-both,9,1,43249,97.19417307366936,59.55789434773989,64.9961077875277,-31.780298150222382
exog-both,9,1,43273,102.6507202282966,67.93420755559873,78.14593331948593,-27.96566806605397
exog-both,9,1,43297,77.15373861516473,53.51386756766717,91.97684529663172,6.677705361280753
exog-both,9,1,43321,93.90195028954544,83.30127815345774,114.59681682814669,45.59236338037472
exog-both,9,1,43345,96.14947427764967,85.65273595632107,103.38449817190192,41.06806818871968
exog-both,9,1,43369,88.67083467666264,75.54065563619646,91.06428081167492,51.796811699486646
exog-both,9,1,43393,66.31868241661617,51.530269952957255,85.70937627034334,12.220491559040372
exog-both,9,1,43417,57.75804775635275,42.22504332744685,92.65208926554683,-11.49665346017735
exog-both,9,1,43441,53.36469935301392,40.91029569546001,91.2256682207988,-2.016816077481537
exog-both,9,1,43465,42.62398136032678,31.76601939543959,78.40056861687322,-10.346300816682444
exog-both,9,1,43489,34.64434358863307,26.82003909971173,77.68217564302651,4.329292124609665
exog-both,10,1,41641,87.34212729158867,53.50482445474842,49.08722848926389,-20.638907653878253
exog-both,10,1,41665,141.10278937971694,93.40538611743096,63.16920682843984,-62.31672354516444
exog-both,10,1,41689,154.32635162859123,110.86186955336932,70.0388368032722,-96.85637701641056
exog-both,10,1,41713,162.15411322278078,123.08242292100311,77.83052851735651,-114.39564580965362
exog-both,10,1,41737,175.04730211218552,143.1990554539923,102.40287745433665,-123.06140935563052
exog-both,10,1,41761,164.48759612396404,127.89033623749329,110.0394396562712,-115.7555418622126
exog-both,10,1,41785,158.9061854797711,121.37895736844932,115.02489171452036,-108.4404892739221
exog-both,10,1,41809,131.11211643844038,95.6361785151118,95.36160045071756,-64.73834401616575
exog-both,10,1,41833,85.14625119763282,62.80376562883575,100.27841833412768,-12.166708829663468
exog-both,10,1,41857,62.7009733754269,55.51309875066232,92.093023926053,36.49375064595385
exog-both,10,1,41881,69.04442546516813,56.72157759581038,83.80532889544341,42.49572679903102
exog-both,10,1,41905,81.86226128946117,64.92224221849094,72.04620763054456,19.29934622844361
exog-both,10,1,41929,87.70440328570669,71.69457822234621,62.895243561163305,1.6494673569065657
exog-both,10,1,41953,85.66844832688439,68.64138864394945,60.19207537179015,7.899571947779753
exog-both,10,1,41977,89.9427304646398,75.02075639547222,57.08548722125513,11.932231319533027
exog-both,10,1,42001,90.6608129214626,74.21875547835972,49.33463995054026,9.79348047783794
exog-both,10,1,42025,95.66166423320207,77.05716449911826,47.83466562440004,-7.60960097583838
exog-both,10,1,42049,107.49365857829524,91.2093933250272,50.95465456009849,-10.297346444647268
exog-both,10,1,42073,99.44506484564116,89.19219770565513,63.425461837355854,19.870500783513496
exog-both,10,1,42097,109.84742538101564,97.6886386857976,75.92603902872864,29.097830623886686
exog-both,10,1,42121,110.8482559401866,95.55284282225182,69.24257613875474,21.711680998457062
exog-both,10,1,42145,103.25045137496322,86.13803928238977,64.63209884696313,8.215137550694479
exog-both,10,1,42169,96.78381366443682,68.6608881413789,52.757955205004535,-30.898950433219213
exog-both,10,1,42193,89.46333500630698,66.80191280739494,54.93135412276091,-7.622033395611861
exog-both,10,1,42217,69.34469622922268,55.921171189063074,65.96443609890333,41.31672285372414
exog-both,10,1,42241,65.11507775896813,55.08685329355736,73.67030872943262,52.23157500881307
exog-both,10,1,42265,67.30340385639698,57.15414712492458,75.59404465655966,47.143879626005386
exog-both,10,1,42289,65.94679019309031,55.68034766336517,72.62423322133506,47.15126630916741
exog-both,10,1,42313,72.4879255725921,60.41549394816953,82.46773687837951,56.75062430407212
exog-both,10,1,42337,86.72893032965176,75.7638004474529,105.90866260284064,66.41885560746499
exog-both,10,1,42361,93.13754793596893,84.49484355907849,115.18058613997272,84.25483995409043
exog-both,10,1,42385,80.17630087365208,70.8788327356737,99.55629686533084,70.51179902552474
exog-both,10,1,42409,72.40779032940567,62.51599200272295,82.9659355694637,60.86038633868309
exog-both,10,1,42433,75.60671808561963,66.75996047589383,80.41144607996102,64.50878527101327
exog-both,10,1,42457,83.61111696128457,76.45556985757595,95.67720187824878,74.86656009865823
exog-both,10,1,42481,78.23246972185711,71.6518522545214,102.3178653496934,69.60533295680075
exog-both,10,1,42505,79.96811792712305,69.11140121575549,93.33633275245042,66.88435659579923
exog-both,10,1,42529,44.391075657668175,38.30781542896446,74.02890156746318,33.96003443767812
exog-both,10,1,42553,43.9252199863171,27.743407553220884,69.66504595523276,-3.823175364776181
exog-both,10,1,42577,75.24847590874705,50.47375068518679,85.5719809971363,-9.537600282106606
exog-both,10,1,42601,92.71559143586413,73.07502830761175,119.09040210962073,4.522827570708704
exog-both,10,1,42625,78.381953174138,53.23571869993008,95.30959501658144,-13.762773710596472
exog-both,10,1,42649,91.92826964879156,73.72984234216639,75.75163958281027,-10.404287913791288
exog-both,10,1,42673,131.67504893026862,96.79213328058847,73.4093449817843,-75.13040098547046
exog-both,10,1,42697,149.53136757307814,114.27943750909266,84.22618683168788,-99.36000345400063
exog-both,10,1,42721,147.51464057178333,117.49401132770852,107.00342394308176,-83.81659432612841
exog-both,10,1,42745,131.86815865103264,101.21098577925358,82.47171263503706,-77.5935819422322
exog-both,10,1,42769,138.35183455360442,103.36621696085632,77.39470783250061,-79.93594720820197
exog-both,10,1,42793,139.51056240515595,103.9068568169152,65.80889019840293,-81.86595712419273
exog-both,10,1,42817,105.10044878390336,87.56867704054727,60.80454595809773,-39.48313447529638
exog-both,10,1,42841,103.15086825238342,86.47117759973632,72.20206531442506,8.397959656319566
exog-both,10,1,42865,97.17698392612856,78.64835623269394,68.19536071980606,13.93226429511543
exog-both,10,1,42889,116.57075748826436,93.84802984041087,62.94132590388644,-6.6051984925958624
exog-both,10,1,42913,116.07221684976322,96.775569366666,70.62012284364174,0.3183525280934154
exog-both,10,1,42937,107.96625674786438,90.77151718714865,78.06935199785498,2.752659644959551
exog-both,10,1,42961,103.13110209036216,81.06236767883695,76.04307458348903,-13.367936537226104
exog-both,10,1,42985,110.46378817946724,96.64583709700794,103.12980270892992,41.46805516938301
exog-both,10,1,43009,90.50895498416382,74.8047964497793,99.70986680174572,13.086482026182248
exog-both,10,1,43033,85.29573851697664,75.26478814167244,109.58218426774192,34.719498576602014
exog-both,10,1,43057,74.43235709922769,63.50248533964727,109.89054392292547,54.53290351487278
exog-both,10,1,43081,79.97488247303075,70.61354380988425,114.09915949692947,65.51189588225178
exog-both,10,1,43105,73.70311453202326,66.22979742879377,107.88175874847674,61.75268464907198
exog-both,10,1,43129,123.05002871176082,110.83105497699452,114.63836004267174,76.70803488555298
exog-both,10,1,43153,110.93324958143832,98.58311381473038,103.53853091074964,40.91505059531924
exog-both,10,1,43177,104.79612527033125,78.54439653248208,81.40017437871056,0.5053635292862769
exog-both,10,1,43201,109.2172195149014,73.65117824749943,75.35996855933264,-22.9987536676572
exog-both,10,1,43225,110.22619560548424,76.57299988048891,88.62396500230746,-19.290310057535358
exog-both,10,1,43249,97.19602534914766,59.558336364914645,65.01628243294019,-31.820848163238377
exog-both,10,1,43273,102.65210859915275,67.90750515201299,78.10605383393695,-28.02704962823946
exog-both,10,1,43297,77.14040566072995,53.498345130330975,91.99940532346146,6.626657498008783
exog-both,10,1,43321,93.88700142809512,83.29097475362772,114.60812844703968,45.55528877341134
exog-both,10,1,43345,96.13756864855908,85.64209985295517,103.3842352673194,41.044198694777855
exog-both,10,1,43369,88.64771987192508,75.51568615015887,91.0526570486472,51.76447336821035
exog-both,10,1,43393,67.63681163075974,52.14908233859207,83.02432502258361,11.41457728575377
exog-both,10,1,43417,57.761484272367966,42.21695913160661,92.67668369134395,-11.528820258017792
exog-both,10,1,43441,53.36427454596722,40.91150241117264,91.31507240388544,-2.046232525993371
exog-both,10,1,43465,42.62771754256775,31.762618169764647,78.40322126803798,-10.371695642776734
exog-both,10,1,43489,34.65447690173222,26.823989602867425,77.69276355516894,4.316164952765245
exog-both,1,2,41641,86.77176486167454,58.24029413821847,52.294291945880914,-14.832924688064235
exog-both,1,2,41665,122.29890190690404,84.69827277849807,54.68923043275796,-53.022065125312025
exog-both,1,2,41689,136.97848392453696,102.37361668398307,60.93655530267227,-82.88569495840666
exog-both,1,2,41713,163.1249254795712,124.67475956042465,73.20964655135741,-118.79835320351845
exog-both,1,2,41737,160.51773077542313,122.295058587524,90.3876335671084,-117.7624169175128
exog-both,1,2,41761,143.10624215207335,109.2826021565716,101.68333249649412,-104.4659080092482
exog-both,1,2,41785,137.5656567320663,101.7218858682856,98.9925443723704,-95.06231612792014
exog-both,1,2,41809,101.01039540819755,66.82241305706967,85.75141238319345,-52.11798901103269
exog-both,1,2,41833,63.935287124722095,50.03223591945192,79.01900424728467,7.91492695081932
exog-both,1,2,41857,50.000051055293184,42.617212647463056,81.85986287887329,32.81445001607736
exog-both,1,2,41881,65.26823271564113,59.02048993489223,92.91352558735878,41.85939260986567
exog-both,1,2,41905,86.89527390075837,66.70936750520448,74.40063413209863,10.319072217321724
exog-both,1,2,41929,78.29974668902526,59.9011976041856,54.07769244956248,0.6944080637014546
exog-both,1,2,41953,65.51747197313392,50.17268995845687,43.195045881705255,2.523889420294153
exog-both,1,2,41977,73.34520943599705,59.93902725422283,46.607767018337285,11.653928296292142
exog-both,1,2,42001,79.47629136532906,66.28814473348056,44.54825732311464,12.475110055769786
exog-both,1,2,42025,83.79640637722652,71.34844526213162,44.74390170465632,2.232858322536669
exog-both,1,2,42049,111.89771163818568,96.67669585397896,53.84514330303464,-4.697786523589113
exog-both,1,2,42073,108.96912839171384,90.73632569132926,67.64954352297435,4.141099974558707
exog-both,1,2,42097,107.44294167992486,91.50630611121667,78.81521908173006,18.087496393476385
exog-both,1,2,42121,110.17422993928132,91.58773650061686,76.8030281158537,10.626201374137818
exog-both,1,2,42145,82.1624999071061,65.80804322782288,55.56929430690687,0.2116261896958267
exog-both,1,2,42169,90.16202507458786,60.20614594319251,58.02940583884472,-28.92735613999648
exog-both,1,2,42193,81.68477788304455,52.51091894385792,56.09912728235796,-22.481244071619628
exog-both,1,2,42217,53.72743940699515,40.71781222101575,65.74652943737269,8.276937987112646
exog-both,1,2,42241,52.499112387476885,40.90972059577026,62.35771716452534,37.54339442359617
exog-both,1,2,42265,63.25965987750477,51.94343585912884,68.35384179387945,49.53011008622845
exog-both,1,2,42289,57.30316592722495,46.24939067262248,65.41562426880009,43.28768061761692
exog-both,1,2,42313,70.82648396808656,61.15827480475272,79.94478975466525,50.93670168681489
exog-both,1,2,42337,83.58290485104921,70.69274894893326,99.68881182763708,70.1934582618285
exog-both,1,2,42361,103.5933714574429,87.64244344771299,115.56162831892922,86.84961689015456
exog-both,1,2,42385,89.8221317408253,75.83399942086932,101.49844719567464,70.20830233486588
exog-both,1,2,42409,75.05576771897071,63.469117058401935,87.8474830623726,53.49065782854485
exog-both,1,2,42433,61.36979688171315,49.06054636908201,76.98432789184716,35.23508981103457
exog-both,1,2,42457,61.33160876129738,49.383019702127726,80.70184010046857,40.39101178124546
exog-both,1,2,42481,63.35125072039401,54.27755259242324,93.52850979200124,52.3071389860798
exog-both,1,2,42505,53.67403909067782,46.66327570563361,81.12926205754233,44.571805292520885
exog-both,1,2,42529,42.87532886147151,32.414108539827815,76.53178066192307,26.6827180268196
exog-both,1,2,42553,49.14484467165366,32.56744431706242,88.99900351990867,-7.370911872090939
exog-both,1,2,42577,65.06060176996516,41.94958228941442,100.95200128541904,-23.094629443741866
exog-both,1,2,42601,61.999827678570696,37.38859305244687,83.83702849092177,-18.728174759309525
exog-both,1,2,42625,60.65622720212373,36.09180586060816,75.09367821143962,-16.639276989110964
exog-both,1,2,42649,86.75332474575592,55.14492614293427,57.715097568655175,-43.74630726020935
exog-both,1,2,42673,119.47690637168832,88.86632226604712,80.88959191444788,-86.99034431620962
exog-both,1,2,42697,129.59361267407004,99.7376869010956,84.75469288787914,-98.78851826986008
exog-both,1,2,42721,116.90272752850376,84.48736237882397,74.271304900693,-81.61220805666996
exog-both,1,2,42745,104.73473579267905,74.80355906944904,67.65833843451065,-65.85914916380506
exog-both,1,2,42769,107.18054103441132,78.5592393169656,51.03592179750203,-62.65687820556048
exog-both,1,2,42793,113.07934759268838,82.85888661357785,49.11973863514329,-69.24351182539503
exog-both,1,2,42817,110.04008944262888,77.20648295810327,44.22442754462231,-63.60795974188394
exog-both,1,2,42841,89.84686361975886,59.7557301319625,54.87341553410958,-24.191556657562074
exog-both,1,2,42865,80.60809035498197,54.30284437049239,49.34968017340539,-2.006104511798304
exog-both,1,2,42889,90.99181586839788,64.02924796073096,42.38930937331438,-24.074633003414892
exog-both,1,2,42913,84.63870182140727,62.78385721472216,56.56219408221699,-28.19810749935892
exog-both,1,2,42937,84.16371178099921,56.9392954889693,73.56877995739056,-36.104719065693885
exog-both,1,2,42961,79.3233000212892,52.13030810669157,72.11309128464063,-29.351552757285717
exog-both,1,2,42985,57.09034413578561,39.58628865755588,59.13453726462935,2.4470619885307263
exog-both,1,2,43009,57.07398292357046,43.43107855395052,77.60663295495046,6.474787171730353
exog-both,1,2,43033,38.68211223561841,27.231825468122224,79.77722765263692,10.72200408934556
exog-both,1,2,43057,48.92338500648698,40.54634577446476,93.38928767658632,28.395649466568564
exog-both,1,2,43081,53.19565486603535,44.15361732216476,92.50381033995193,42.12573392213752
exog-both,1,2,43105,52.84988312242027,44.922000502234674,90.48816318984714,42.46719645492354
exog-both,1,2,43129,76.49890908199934,66.17256247207716,94.48173227119416,29.3332818893196
exog-both,1,2,43153,96.95540857158234,77.17666216565178,91.59586733214076,10.907808111958962
exog-both,1,2,43177,83.9655675301301,57.34274176907638,80.96795384242024,-15.380670237237265
exog-both,1,2,43201,86.8082187319874,58.94757402124632,85.15206184059349,-14.332339274919487
exog-both,1,2,43225,88.53730466911577,67.34959949800606,84.35211794647427,6.530230378276331
exog-both,1,2,43249,90.06522898909726,68.29781141684505,79.56962057381816,5.634294510833475
exog-both,1,2,43273,87.58437806099134,61.841297061776814,74.43589601883546,-14.19133764209165
exog-both,1,2,43297,66.80646633476094,52.41250260449087,90.90877291345647,20.91762548001114
exog-both,1,2,43321,57.01512419923166,43.49211308328118,83.03827697116533,20.51831910061315
exog-both,1,2,43345,62.9693060540221,47.42503141458546,74.60855473374912,3.96476886788042
exog-both,1,2,43369,62.4218654926052,44.75468190369784,65.52332559997505,-0.2440517545178463
exog-both,1,2,43393,58.77089679463714,43.05476336920614,71.5660504644297,-11.128415919400137
exog-both,1,2,43417,58.06258792158333,37.76138180240384,72.86815839993152,-10.386463972952132
exog-both,1,2,43441,53.28513768811128,39.10987011684168,73.11050007506621,-7.92659514797176
exog-both,1,2,43465,57.42361335731269,41.12141611752536,64.22037095556922,-24.492822447441736
exog-both,1,2,43489,49.75678698645547,37.24707975722016,68.55409718888885,-11.389534764719768
exog-both,2,2,41641,86.60500784212817,61.306968254815935,55.4126452315719,-4.777664878296773
exog-both,2,2,41665,122.73747400240802,87.32009924045781,58.0744698227411,-44.56375512721474
exog-both,2,2,41689,137.55073772991418,104.30103136383386,60.74898511636093,-79.63601163430559
exog-both,2,2,41713,154.73067676842362,118.55846332293824,70.03392396734857,-109.9245535097384
exog-both,2,2,41737,154.1160899946598,117.6293875013974,89.09173151704324,-111.99643087630668
exog-both,2,2,41761,137.1427847886376,104.03698990349068,98.95022802547456,-97.7484121528378
exog-both,2,2,41785,132.3993398276565,97.84489753172514,95.2742007412784,-88.08760456287679
exog-both,2,2,41809,91.3779508439475,63.52553014748035,88.97029512626405,-45.96313484151048
exog-both,2,2,41833,65.92972591859656,50.779866610973535,80.630369235745,4.481717801643234
exog-both,2,2,41857,55.93967953026562,48.35398935461848,87.35396685972204,41.32464906087775
exog-both,2,2,41881,69.86175005191642,62.701721506568205,94.43954896491616,48.20358120873392
exog-both,2,2,41905,89.17624911627577,71.22950597103707,77.60143333781923,17.847262472923962
exog-both,2,2,41929,82.94930739497313,66.841812789756,59.46549912568771,8.355206373826238
exog-both,2,2,41953,70.73557430022584,52.54302042498904,46.88707967314249,-1.2469039385293177
exog-both,2,2,41977,72.54914385278296,59.79650556278522,47.245911925904856,12.323031311553368
exog-both,2,2,42001,77.76728021047197,66.06360515085814,43.90804089801699,17.895492240913647
exog-both,2,2,42025,85.16016810109814,73.30495893593476,45.62584436479205,11.049338288843307
exog-both,2,2,42049,111.9515678106813,98.47197365180948,54.65480255534179,4.252909823398508
exog-both,2,2,42073,103.34515054625358,87.74887058499895,66.93987462673883,13.854824396224547
exog-both,2,2,42097,105.40304562215016,91.3751770534111,76.12633365289226,29.040526428567297
exog-both,2,2,42121,102.03793440163642,86.53363892116519,71.28678218064675,19.584613384656
exog-both,2,2,42145,85.21648757705208,68.07243764313911,57.57527422297382,1.3128503036151775
exog-both,2,2,42169,83.33172099821645,56.542383201689766,55.72087082383162,-23.16391091924816
exog-both,2,2,42193,78.68173926909589,50.812319368564125,55.26938075918698,-20.21858260757331
exog-both,2,2,42217,51.52774727370953,37.64993793432642,62.093697932756754,14.534849827824944
exog-both,2,2,42241,50.11836689357449,39.233789706057664,56.59510021775874,35.80580353460648
exog-both,2,2,42265,71.32335910514402,58.453239373501134,67.74085743313583,57.39399240243345
exog-both,2,2,42289,60.1682460998216,50.64420764780834,64.5409082028303,48.597086812820216
exog-both,2,2,42313,74.73312161372031,64.91191683977037,82.99014155951302,54.53252087698287
exog-both,2,2,42337,89.16616140859331,74.9741187266152,103.87046423378298,73.92659545605053
exog-both,2,2,42361,107.300371588311,89.59748792208343,113.15590203329184,89.49926243512672
exog-both,2,2,42385,93.56901638340202,77.85706679415547,105.03665368031665,73.01939053015316
exog-both,2,2,42409,72.43949123119236,61.26824869994923,93.97099111093456,48.91896133283165
exog-both,2,2,42433,66.20573229039627,54.32457848823928,82.6433767484516,40.74970922507461
exog-both,2,2,42457,70.97738572034194,58.62681365602924,95.46799998303096,48.887548066410304
exog-both,2,2,42481,80.4708067952331,68.86068975679079,102.00348135109672,67.2837011051571
exog-both,2,2,42505,63.21837666599029,53.06792007385076,82.80133971445875,51.16803742233705
exog-both,2,2,42529,42.16739612645487,31.576726847262663,73.37185238423545,24.971759485229523
exog-both,2,2,42553,57.920453095666346,41.46453645337304,100.08094422273705,-3.04274465147534
exog-both,2,2,42577,65.74069216833477,45.128604811007214,97.58612707362938,-15.648261188979106
exog-both,2,2,42601,61.31092714538727,42.1301219650388,83.88965458603957,-3.893271113189007
exog-both,2,2,42625,59.68486774242618,40.71731527696771,78.62923940931896,-5.21716622255456
exog-both,2,2,42649,89.95526323601715,60.23660214562248,56.72680772323656,-32.28838079840256
exog-both,2,2,42673,111.10497357160916,81.4277259129122,62.55489149074468,-73.8636032748498
exog-both,2,2,42697,119.1294428251598,88.8199473250653,65.45960235168647,-85.91330107884735
exog-both,2,2,42721,112.36012085904412,77.93720313157388,55.602257941768144,-72.05362020383969
exog-both,2,2,42745,101.8605884687076,73.11584249510757,64.01517241179934,-60.23425386120407
exog-both,2,2,42769,104.52664120515402,77.29911860737928,49.664136880689455,-55.39474436710218
exog-both,2,2,42793,108.49119570671586,82.94620699074372,51.89925703920021,-55.65712609754715
exog-both,2,2,42817,100.6227482567978,70.55490548859446,42.16395434127909,-51.13065466605782
exog-both,2,2,42841,86.5079388556768,58.142160787222586,56.4364246584455,-22.181133862114592
exog-both,2,2,42865,83.01214616608004,62.46842219001864,55.6110693665825,9.621408885833876
exog-both,2,2,42889,89.68118277662794,65.44715359234252,44.33150074095729,-15.029856406024832
exog-both,2,2,42913,83.28542698405924,61.28765736791006,56.80775249066375,-22.570085006376672
exog-both,2,2,42937,82.19069793639757,55.24113773788802,76.0064876335709,-28.28595201308472
exog-both,2,2,42961,74.77618467411703,48.07977414013747,70.60006403840585,-25.239747385633347
exog-both,2,2,42985,57.43669050300426,41.74589097979548,66.96801811998542,11.462743855811013
exog-both,2,2,43009,53.54242522574774,41.72468153386043,72.23346279525299,12.104161103284182
exog-both,2,2,43033,42.39341675178926,27.3436032903952,73.54197992246974,12.338482119228956
exog-both,2,2,43057,42.59935350011403,33.68518003482956,85.60114591421323,22.6217663301908
exog-both,2,2,43081,55.72466840765941,44.49382909335013,90.23087585063378,40.91618318183269
exog-both,2,2,43105,54.92222677411006,45.44511318216436,87.51692284777813,43.37851612000196
exog-both,2,2,43129,63.67221989036674,54.65403595359199,87.4016108099327,26.31859303411616
exog-both,2,2,43153,93.45313766756595,75.95987090852263,91.05992090812956,13.818961542187443
exog-both,2,2,43177,79.36446806272114,54.89611776535828,69.79379269777472,-8.905533688553165
exog-both,2,2,43201,82.94122857512015,59.65527904930501,89.27157063447615,-6.073296250723948
exog-both,2,2,43225,89.94702977868712,76.60093340222129,91.70540373765938,25.61586690121017
exog-both,2,2,43249,91.20175414389745,70.31204410975322,80.87482133231279,6.108367384435225
exog-both,2,2,43273,84.97044795001376,61.90785248479985,74.19982528029978,-10.21195005981506
exog-both,2,2,43297,64.23117902537011,51.85859028857092,89.66601775213832,23.781889659917876
exog-both,2,2,43321,64.08489564929211,50.66582800444943,87.71144525210468,25.3105592482505
exog-both,2,2,43345,61.19451454284214,43.87791671747999,67.96297348347343,13.123042233870557
exog-both,2,2,43369,64.34438646985483,49.35050139878,72.973209803364,14.13673160009616
exog-both,2,2,43393,54.25830583170959,37.494304129557406,65.75176663473437,-10.00807140343001
exog-both,2,2,43417,55.32399037511205,34.33485329787124,73.84484176115176,-6.934602028696584
exog-both,2,2,43441,41.851679246086285,29.5540284348776,58.43368944223174,-5.633195329945997
exog-both,2,2,43465,42.7248299245162,32.91924681317765,60.6446055024335,-1.1652207061499915
exog-both,2,2,43489,49.791453571475145,39.35351927567254,72.20070285947236,-2.7488845044848347
exog-both,3,2,41641,86.94964819647498,61.66670165929465,55.1361122876086,-3.4801860079608806
exog-both,3,2,41665,125.3377911245296,88.52664871347471,58.11508040634637,-45.06842392111008
exog-both,3,2,41689,140.38970667812447,106.2946774417889,61.81579794664272,-82.70236724679403
exog-both,3,2,41713,155.58192170049543,119.95932431601604,70.65116994529126,-110.02555471570032
exog-both,3,2,41737,155.8941008103677,119.56028426199649,90.17188936392353,-114.22371698389912
exog-both,3,2,41761,137.97854425023468,104.94179012406627,99.21310806077638,-98.017514089658
exog-both,3,2,41785,128.77725449976583,93.53642869495565,96.55846877384552,-86.84566645165421
exog-both,3,2,41809,90.7662644263243,63.830120570368926,87.07309626214271,-45.61498735141847
exog-both,3,2,41833,67.55511963785469,51.57426440624143,89.75155033452134,2.5033423257808147
exog-both,3,2,41857,58.19310213755924,50.52645224636922,89.17459116908168,43.120741098560906
exog-both,3,2,41881,68.43775410906446,61.22500547889165,93.10087899258755,47.93975207139356
exog-both,3,2,41905,89.49122286871902,71.32975514448005,77.59638714303068,17.68528907064655
exog-both,3,2,41929,78.08290780056608,59.56963098936519,53.55341598028905,-1.4830823609565518
exog-both,3,2,41953,66.38191975401546,52.3537379344835,49.10632708349926,6.900964440143135
exog-both,3,2,41977,72.62158987440118,61.85635835725058,49.18926988744991,18.908633880011816
exog-both,3,2,42001,78.08145356325451,67.43180597818699,45.29959792270491,23.26016008252708
exog-both,3,2,42025,87.64155147478446,75.3921298491454,46.703994983987634,14.712369449129326
exog-both,3,2,42049,113.7556158716729,99.23283866956648,54.68932553792778,3.065232661035842
exog-both,3,2,42073,102.78776894864792,88.27302690335075,66.52105938442544,19.07307510455377
exog-both,3,2,42097,102.00433392610525,88.55483749844045,77.27796246545466,31.57885531029991
exog-both,3,2,42121,95.36979068880794,82.17291026333935,68.09119202852179,24.762600870743128
exog-both,3,2,42145,83.71995759520904,67.61360394972,57.78831864894561,2.37194603502052
exog-both,3,2,42169,81.1885717041019,55.48382700767508,53.77376702919439,-20.41255628256314
exog-both,3,2,42193,74.51411907692027,47.46668969139331,51.64406680348218,-20.361426166410464
exog-both,3,2,42217,51.58361430153646,38.76861297353549,61.96834795123309,15.107489049608049
exog-both,3,2,42241,50.62550149363377,40.1824824295869,57.22518565697955,37.05176567016134
exog-both,3,2,42265,70.41979784135195,57.70858551729026,70.85058588951519,55.50186508303023
exog-both,3,2,42289,56.15414776257708,46.54307602170646,57.38811920754653,45.14649867330348
exog-both,3,2,42313,76.3520697588876,67.86103033960659,86.54120812731678,59.82506770063095
exog-both,3,2,42337,92.35992469953302,77.3838205662881,100.91043475928105,76.8134138282551
exog-both,3,2,42361,109.93410882652049,90.86630677036604,113.84719376842196,90.50944762094596
exog-both,3,2,42385,105.33693813113489,89.93701962041594,109.285169607276,89.68624145759743
exog-both,3,2,42409,75.01631001057957,64.20909005359103,92.48707723153596,52.38614293268882
exog-both,3,2,42433,63.75467648924292,52.02807072511956,84.40862415581304,37.448409309845
exog-both,3,2,42457,72.41886326584137,58.029803853006776,82.28854340867474,50.67288152378563
exog-both,3,2,42481,73.89768497023185,63.88092540036024,99.5850783889271,62.65345649560643
exog-both,3,2,42505,67.00777210461682,56.16103707255242,92.23895894085796,51.76625921345449
exog-both,3,2,42529,43.14740556373312,32.96648383462038,84.20905621608145,25.54118958531003
exog-both,3,2,42553,53.64689887836006,38.13439055321048,94.57304042751528,3.688918098853297
exog-both,3,2,42577,68.69032779794303,48.0440436333223,100.36350338588232,-14.207087915242669
exog-both,3,2,42601,61.8545735335255,42.64751629303682,82.46742570171192,-1.774695416370306
exog-both,3,2,42625,59.70069126312354,41.68204308356746,76.94553007212296,-3.75018162303212
exog-both,3,2,42649,91.14814347057413,61.58231365520129,58.615209271566094,-31.065203881734583
exog-both,3,2,42673,111.23227893400748,80.70672039546491,59.906908631297554,-73.54454345389159
exog-both,3,2,42697,116.05929991006022,87.06643684489298,69.5684450411358,-85.06689489176176
exog-both,3,2,42721,110.391020122675,76.93632843609528,51.70081899355606,-70.37549895033891
exog-both,3,2,42745,102.52054890611,71.0482281506586,47.80032646336692,-57.36547747293463
exog-both,3,2,42769,99.693847283089,73.34816951599126,45.61223337208679,-50.10802028667066
exog-both,3,2,42793,107.83713644467473,83.351627333992,52.86072311533342,-51.50229086030715
exog-both,3,2,42817,99.85200492839576,69.65136549339684,42.43957334249031,-47.557329584649125
exog-both,3,2,42841,85.2154230185154,59.93957867976585,57.6258262649219,-17.00911771852788
exog-both,3,2,42865,82.52376252127586,63.27147244773551,57.0739868048707,16.600667690007693
exog-both,3,2,42889,90.50329205947456,65.86815963602098,44.0698007756258,-10.454646794553266
exog-both,3,2,42913,84.28620533218987,61.17738826893585,60.28216171271391,-20.056192633544924
exog-both,3,2,42937,82.16291108129552,55.21500164327986,76.98225950818285,-26.11722327317138
exog-both,3,2,42961,76.30757683390286,48.592822493671,74.63753265592888,-27.69477844729256
exog-both,3,2,42985,57.99213855711709,43.59759529594442,74.84008241286794,12.72792930001798
exog-both,3,2,43009,53.7811912528249,41.3044954078647,71.45965962419366,10.75216745686238
exog-both,3,2,43033,39.590335504000166,26.994635996934427,72.86276729554527,12.950955335546686
exog-both,3,2,43057,49.036165171891,40.72697550157398,90.913844225839,30.572583736005544
exog-both,3,2,43081,58.25443382867178,47.05709520049763,94.28732674426384,42.908196045403045
exog-both,3,2,43105,51.95934248489944,46.57598410327263,93.609827302109,42.34461263243063
exog-both,3,2,43129,64.39792118865842,55.76922120127388,90.83168529628442,26.379415600772003
exog-both,3,2,43153,97.87159009764724,78.95210161593877,92.14942809898436,12.147088483637097
exog-both,3,2,43177,80.4601431140642,54.06973882030787,69.2970215372752,-14.855366089272527
exog-both,3,2,43201,84.60062680376019,56.28622210275697,84.65155890111097,-16.51232546961476
exog-both,3,2,43225,88.98417743222367,76.57296389559207,92.70240129478027,26.69218205119268
exog-both,3,2,43249,89.95176781817085,69.61840667229836,81.7650171175904,5.029586766046112
exog-both,3,2,43273,88.37932525361424,63.860824660782384,76.84601882092052,-11.909320708503364
exog-both,3,2,43297,63.49443916625562,49.035499656146406,86.76867196971342,19.400322538230935
exog-both,3,2,43321,55.918881260679015,43.03942623443393,79.37089120798733,21.402087679668668
exog-both,3,2,43345,58.80376856716583,46.5118299213787,77.15893380187771,24.27859176370867
exog-both,3,2,43369,59.57345487439545,43.35102551448156,66.47686105125476,10.52557438295557
exog-both,3,2,43393,56.50123949648828,38.83060772434173,64.9098378626772,-11.89304582503823
exog-both,3,2,43417,51.507133036599285,33.17153862904282,68.56593491989264,-5.648404704494544
exog-both,3,2,43441,40.81003481711276,31.976533906445844,69.35993361283481,3.665349618261229
exog-both,3,2,43465,41.63326604923973,33.74143070486449,61.311632837290496,5.39436794740287
exog-both,3,2,43489,50.001550329134176,39.028492282690486,73.08783546150558,-9.290367282058956
exog-both,4,2,41641,86.8631654490437,61.93112658086663,54.991229675108265,-2.06010165674372
exog-both,4,2,41665,125.14644795411073,88.60861865469141,57.60552034778754,-43.72672931179826
exog-both,4,2,41689,140.1971868890891,105.4705156555913,61.048364469659546,-83.23515387640609
exog-both,4,2,41713,155.23716575359938,120.92392865430624,71.11582150451949,-108.08336325638828
exog-both,4,2,41737,154.94048349243917,118.25118373138382,88.076913429223,-113.35927511507089
exog-both,4,2,41761,136.54402187012823,104.10499315217082,97.65309786371202,-96.59871875768674
exog-both,4,2,41785,125.56299730689288,90.9307210544171,96.35767250671864,-84.80046813063498
exog-both,4,2,41809,91.0757749158858,63.65560689961587,90.47181361764105,-44.884504003849074
exog-both,4,2,41833,66.20025601433152,50.9891259287869,90.5418459991281,4.98135907705048
exog-both,4,2,41857,60.27763431069604,52.34095636702542,90.56154469915263,45.37985879266088
exog-both,4,2,41881,69.28113668229204,61.799834753401726,93.19458070203194,48.90163716391383
exog-both,4,2,41905,89.75800170329883,71.67975718149049,77.6487269858316,18.90571427277409
exog-both,4,2,41929,76.77429932553414,57.711750578483326,49.38826910646994,-1.2030801282209067
exog-both,4,2,41953,73.17412121783866,58.17723128062233,49.07011685148463,9.14046369878121
exog-both,4,2,41977,71.59963515063323,62.29520517897301,49.7140424214459,22.41153891806085
exog-both,4,2,42001,79.67704899834544,68.82027502601532,46.3979174328989,29.600833753157
exog-both,4,2,42025,88.93282686224249,77.12427766411844,47.46559280908528,19.09313004594096
exog-both,4,2,42049,115.10664173089796,101.97604293154238,55.924615584606464,9.327264222625434
exog-both,4,2,42073,103.53221317789372,89.21695598894563,67.46922551882727,23.024344349839883
exog-both,4,2,42097,102.08798991640596,88.81264036414093,76.64017865615811,34.466860427586234
exog-both,4,2,42121,95.83407997312638,83.15317951972304,68.46052475341209,28.78307554477112
exog-both,4,2,42145,85.80389043183676,69.4032453903372,61.08479672070748,3.657003424969024
exog-both,4,2,42169,78.15198714641329,53.68618643677209,53.38731639325447,-19.371580108734104
exog-both,4,2,42193,73.13476149516849,46.9766922444465,50.967153046528445,-18.52921889732983
exog-both,4,2,42217,51.70485713771805,38.858542414481455,62.34450140160297,14.592281720444536
exog-both,4,2,42241,55.56243301552982,44.84183936409285,61.39852471590304,41.84110617708968
exog-both,4,2,42265,72.30697946504299,58.54144119005446,68.46605134161244,55.7664218356767
exog-both,4,2,42289,59.94368511410631,50.77064498308835,61.33756887037238,49.79942337265359
exog-both,4,2,42313,79.65885779257209,71.02741923862024,87.43392025230268,63.53484707294462
exog-both,4,2,42337,96.48050097665808,82.54601037364758,104.7353162891245,81.9061064609379
exog-both,4,2,42361,111.88132083840532,92.37522069566089,114.82978495923908,91.87594399895174
exog-both,4,2,42385,104.03475404553892,88.53542827202112,107.91685707929344,88.28366492381099
exog-both,4,2,42409,74.5418620924914,63.45913547150377,85.6382497250466,55.38719888412915
exog-both,4,2,42433,64.36193526811391,53.34205955834057,75.9710576676944,45.577035137501404
exog-both,4,2,42457,65.08834990019817,54.33715691403553,80.10253657345953,46.15187454674909
exog-both,4,2,42481,75.4222320131778,64.44999522979396,101.22963977021816,63.1969994474837
exog-both,4,2,42505,72.23648994006824,61.28560915569361,90.7151805118018,59.60300690880898
exog-both,4,2,42529,46.39940645520984,35.6813705814486,84.4471419658826,29.490080170663877
exog-both,4,2,42553,55.080173636151805,39.56508078250816,91.69091600071025,7.93402752447248
exog-both,4,2,42577,68.92651507909201,46.509050402564526,93.52764211881518,-12.51486630823428
exog-both,4,2,42601,63.18870434990375,48.822607574558994,89.01364520554024,11.630891809442698
exog-both,4,2,42625,59.50897157752302,48.192857191103,85.2098289134676,12.372218993149644
exog-both,4,2,42649,89.61750598938836,65.56625439745514,67.643106926259,-20.240891504310238
exog-both,4,2,42673,105.68031370848034,77.67743814278356,55.908437553560354,-62.489372463276496
exog-both,4,2,42697,108.58043612480662,81.32003264924849,58.55358079033126,-73.67155022710094
exog-both,4,2,42721,104.37273627348983,72.65783010118363,49.24500724522448,-63.22067448319874
exog-both,4,2,42745,99.4708226734754,71.17512641661837,51.07381403343798,-48.80943968590967
exog-both,4,2,42769,94.0468468381833,71.58539079585444,46.31875273535771,-39.58919367483994
exog-both,4,2,42793,102.46743544728348,82.54653681298032,53.63856495348565,-36.77925459638056
exog-both,4,2,42817,99.34492219463948,72.25161557760268,45.36974083259776,-35.81954710231329
exog-both,4,2,42841,83.78734356517644,58.579175288111934,54.385796462386494,-10.59306645480311
exog-both,4,2,42865,88.53803118756012,71.34001225269246,62.74039953680505,29.02327447025463
exog-both,4,2,42889,90.05728651787311,67.55109047175108,44.90161893209497,1.1338033342662956
exog-both,4,2,42913,79.26364744962122,56.6028064068419,58.47999927620654,-14.390540480117105
exog-both,4,2,42937,80.02597946003654,54.10864883186884,75.88487194392009,-18.676474533909623
exog-both,4,2,42961,72.32663087637883,45.79463482906823,70.12864177610771,-20.427260338824738
exog-both,4,2,42985,57.17210484375332,42.88016541144215,79.09152235532326,13.518376845560976
exog-both,4,2,43009,54.85708315416569,43.05691257201844,73.63847924235459,14.704137861031686
exog-both,4,2,43033,42.08926198551582,33.59130039692367,77.4047178415787,22.780219690556585
exog-both,4,2,43057,55.96429566580295,46.65949087846107,95.44019461602754,36.900111007405705
exog-both,4,2,43081,43.98751554678035,35.520918136392645,87.23112508438477,29.99269600741091
exog-both,4,2,43105,55.28380199753229,49.96985922807151,96.4964453805635,45.017899679835246
exog-both,4,2,43129,62.66440612839317,53.90044719948072,88.9725902417833,26.74515711972005
exog-both,4,2,43153,96.0048198592864,80.78423116205386,94.5844463578496,20.962100334816693
exog-both,4,2,43177,79.98677161336693,55.12840360189347,70.39154233962529,-10.41525286855901
exog-both,4,2,43201,84.35714091974964,57.01068480515652,85.02730588363218,-14.355588066202674
exog-both,4,2,43225,85.23020510190408,71.93201224311649,88.04888865249025,26.086807899501608
exog-both,4,2,43249,90.45427453265724,71.19994009839394,82.89028157463844,7.564248171713638
exog-both,4,2,43273,88.4628581687751,65.47498283505344,78.93319253293791,-9.095210529780756
exog-both,4,2,43297,66.46734572166852,53.29812605832777,89.57264584903956,25.62409912533353
exog-both,4,2,43321,58.74961173005768,44.09363684633192,86.64246199216802,20.17058558648673
exog-both,4,2,43345,61.95006402824762,50.81281942000434,81.3619018713802,32.06154551105574
exog-both,4,2,43369,60.49821099109968,46.66921921288903,71.57866655193679,19.132668067323795
exog-both,4,2,43393,55.1323476839467,38.696172024762376,63.14901939367468,-5.9167167463342185
exog-both,4,2,43417,51.47897984601505,34.59544480558754,70.93913574674046,-2.3521258750432192
exog-both,4,2,43441,39.54254825062797,32.71333487184139,71.73065779431002,9.75194992372222
exog-both,4,2,43465,45.06867288602394,39.87626013062999,69.71666907264506,17.6844000710936
exog-both,4,2,43489,43.56975598765944,33.66354169606431,63.78633608987725,-3.03087413089316
exog-both,5,2,41641,87.39160043740084,62.58629516064721,55.29892518227302,-2.116323672420213
exog-both,5,2,41665,125.88003001015652,88.90112765707161,57.592386574635725,-43.99226786765344
exog-both,5,2,41689,141.09633858432937,106.15466209748452,61.85862464672263,-84.46413228141297
exog-both,5,2,41713,155.69034682792292,120.98729533902468,70.70204151857345,-108.00177821046736
exog-both,5,2,41737,156.0568151704655,119.36748692948797,88.57460295690827,-113.918004931911
exog-both,5,2,41761,136.4438717509512,103.94738929866874,98.4488018696544,-96.5556402637238
exog-both,5,2,41785,125.07025283241283,90.3998462523426,96.29007708799313,-83.9117699048079
exog-both,5,2,41809,92.40264469615737,65.10338268562676,91.12506243741493,-44.57355515789527
exog-both,5,2,41833,64.49256758803602,50.32060068333003,84.84311767321886,7.816933731318278
exog-both,5,2,41857,60.59008351937101,52.55042598684841,90.67948454030706,45.588159050335314
exog-both,5,2,41881,69.28549215419544,61.63183139024351,92.9185022914681,48.52620190610784
exog-both,5,2,41905,89.57239854067168,71.10912764658445,77.14031692651793,17.968780422836176
exog-both,5,2,41929,80.00730718347488,62.55051240948792,55.570982453051045,8.409153952613487
exog-both,5,2,41953,72.52691138772461,56.808751276367005,48.03222434411715,7.413428744622583
exog-both,5,2,41977,71.43761200025861,62.38007157346837,49.7922823469403,23.665859859738003
exog-both,5,2,42001,80.95140698725498,68.68505593022576,45.49719473302806,25.416293272991823
exog-both,5,2,42025,85.77395633260998,73.8569319017289,45.89053415369576,18.115101479290395
exog-both,5,2,42049,116.19642882965218,103.7158736176768,56.65871380656869,13.701122742681116
exog-both,5,2,42073,106.28176227484578,92.4171808237517,69.08742458431144,27.842279929121407
exog-both,5,2,42097,101.78852659285256,88.59773179707938,76.24785444698026,35.63542733440223
exog-both,5,2,42121,96.26836268635417,83.82507984714256,69.03409060366448,30.97929401160076
exog-both,5,2,42145,83.36450741056404,68.59371891726293,58.436570754033504,7.592050383786454
exog-both,5,2,42169,77.07847754651577,52.96203528120088,52.838137619816806,-18.310954290508075
exog-both,5,2,42193,72.54592838535666,46.58546793275722,50.3538457071784,-18.42135538453716
exog-both,5,2,42217,51.05033897057655,37.9039933477212,61.02700343683352,17.553742021165153
exog-both,5,2,42241,65.85906023500675,54.66300318178603,69.94407899781156,52.54942302542332
exog-both,5,2,42265,71.7495811022345,59.28890657000189,73.06364078685094,57.433670283672384
exog-both,5,2,42289,60.08310646280124,50.7594316549268,61.4846385448576,49.83209835908799
exog-both,5,2,42313,80.44310663367273,71.71375109234688,87.74033260276903,64.45697099404708
exog-both,5,2,42337,95.60055249938011,81.4774860476437,104.0162463154726,80.75366769159703
exog-both,5,2,42361,111.82106557631025,91.92556802649986,114.7665965609137,91.35640747678842
exog-both,5,2,42385,104.80966293644065,89.18248502072761,108.1622049132948,89.02462181306163
exog-both,5,2,42409,76.04932245470208,65.36981856897812,88.72324198163723,59.55098128299636
exog-both,5,2,42433,64.03812886923541,52.88277612750687,85.74273780251671,40.69837826640119
exog-both,5,2,42457,59.574844147445816,50.3966010162516,90.79527402158716,40.115356272599854
exog-both,5,2,42481,74.3778545670565,63.67689077811333,100.83775160615996,62.10619173283091
exog-both,5,2,42505,73.18806848437671,62.09725090388211,90.77760460958096,60.51066559862021
exog-both,5,2,42529,48.89724583228981,38.03565276287735,88.1945304776818,32.6109430766663
exog-both,5,2,42553,54.700548965050096,38.86805877052752,85.59598417630221,6.744030861054204
exog-both,5,2,42577,67.11691478159874,47.142837199618775,90.84970076976374,-8.079951760655716
exog-both,5,2,42601,63.35061055368757,50.50960118607672,91.11835760867709,15.662826283412707
exog-both,5,2,42625,61.84294173108566,52.6137279462482,89.99537342086174,19.805412681882125
exog-both,5,2,42649,88.85717828294828,68.61175729192534,72.79064416876095,-12.938923540490515
exog-both,5,2,42673,109.83571000981613,80.1553671072752,55.951498845508205,-64.50792872047109
exog-both,5,2,42697,104.93614951848834,80.22861882932308,55.99509156694792,-64.14373407960237
exog-both,5,2,42721,98.9008531138022,69.78882665720911,49.47597387496346,-56.33170742091889
exog-both,5,2,42745,98.69683929385084,72.37234110628201,53.55781403210761,-44.81936109696829
exog-both,5,2,42769,91.71887375945448,71.79085154589336,47.964253521479975,-33.530594902571565
exog-both,5,2,42793,100.31257527427564,82.56676748391152,54.57990918281581,-32.16127463326896
exog-both,5,2,42817,102.20731352748848,77.91912345480632,50.817463956250194,-30.98472215833631
exog-both,5,2,42841,87.81220205146234,64.3418484144784,56.647763010845786,-3.152114863312646
exog-both,5,2,42865,88.7956821374961,71.33993600782262,61.88225161755666,30.576272013585832
exog-both,5,2,42889,90.75255007507964,68.0209275853438,49.47411680307246,2.5428029990818084
exog-both,5,2,42913,78.96247812878647,56.571500890654704,57.61607726792543,-15.785861890377864
exog-both,5,2,42937,77.50316987486704,52.54934181952071,73.4588340075442,-16.18711458338269
exog-both,5,2,42961,71.59540018306234,46.2994134950285,63.03077186927434,-14.739990135429114
exog-both,5,2,42985,56.22791134643628,43.92032197836117,83.54065692816276,18.152102952488235
exog-both,5,2,43009,54.05865722305785,42.28310476443345,77.03008459737252,13.18631519021719
exog-both,5,2,43033,43.87641976397564,34.47138557996172,80.76350468066119,22.89857932715741
exog-both,5,2,43057,54.57991005515947,44.92317285608456,93.5715277336096,34.578675467101455
exog-both,5,2,43081,43.10231100282863,34.94084189887941,86.99350235761837,29.65764728313375
exog-both,5,2,43105,61.12177986964412,56.526049551366896,101.70501438355242,50.92901139486571
exog-both,5,2,43129,66.88581098233499,60.171278418253536,93.02945208907263,38.86594860108736
exog-both,5,2,43153,98.74191980794404,83.61967761889314,96.07606050465712,23.167026081650345
exog-both,5,2,43177,79.34685711532946,57.32698836415127,73.1693882599358,-3.850721975917211
exog-both,5,2,43201,86.18577268197129,61.48021677674278,84.71690326092597,-7.274824077473933
exog-both,5,2,43225,87.58795497782378,73.9270661489632,89.31148269075516,25.492406283707925
exog-both,5,2,43249,91.92872238911907,72.55334980868338,83.65281751731865,8.074111651342402
exog-both,5,2,43273,87.719672405485,65.70596711589603,78.507941450884,-6.716668651228561
exog-both,5,2,43297,67.96387722251534,55.26447987091826,91.3009323895722,28.36141653832782
exog-both,5,2,43321,57.59184002341968,41.57603590332937,82.69055061368469,16.59207683041678
exog-both,5,2,43345,62.697056138461846,51.85458143394784,81.92962515932062,33.83771621838567
exog-both,5,2,43369,61.11396050781834,48.11279094643225,73.1456918214899,21.733937021813464
exog-both,5,2,43393,55.91469019759184,40.71450118986055,73.1738182305518,-2.6767031954988534
exog-both,5,2,43417,51.987258268958406,37.24985065053794,75.57511359315214,4.240689513182569
exog-both,5,2,43441,38.96115969540684,31.436260402606017,66.43586433600373,7.926986876686765
exog-both,5,2,43465,47.533005391005865,42.52160737999487,72.46910244503576,21.64772901190311
exog-both,5,2,43489,44.17839913363906,35.15063531740069,67.63133116738481,-1.6964609640121602
exog-both,6,2,41641,87.41908316253556,62.7387273726745,55.34779132429289,-1.884501089105976
exog-both,6,2,41665,125.99345000647374,88.99039832876328,57.51590165671042,-43.93797335710495
exog-both,6,2,41689,141.2451591242613,106.19991821829478,62.08282728602489,-84.88371680825118
exog-both,6,2,41713,155.84060019813435,121.31098672478228,70.71142286689846,-107.63639772826625
exog-both,6,2,41737,155.9272890519457,119.22792055318772,88.19719413564894,-113.72575986896676
exog-both,6,2,41761,136.22954732689846,103.72240987715698,98.32037210132157,-96.24640235925564
exog-both,6,2,41785,124.86876958886404,90.1797411751182,95.96285126129536,-83.68631434303104
exog-both,6,2,41809,92.4380342980493,65.19074342465252,90.82562886001394,-44.291311150409946
exog-both,6,2,41833,64.14780428673481,50.10154037691471,84.41598445241225,8.145319531495236
exog-both,6,2,41857,61.11682930197786,53.02419808793032,91.00862819209968,46.03121907966757
exog-both,6,2,41881,69.38723483653455,61.63355996657284,92.79417830432266,48.5982199354152
exog-both,6,2,41905,89.61888019805134,71.0627241678803,77.0677913700469,17.92933157666884
exog-both,6,2,41929,79.87311713059471,62.4505591532218,55.354287542011726,9.358673663767174
exog-both,6,2,41953,73.01870795130894,58.28965106903455,49.55097821279387,7.518924472395132
exog-both,6,2,41977,71.46709720836343,62.53788900554396,49.92678386204778,24.662043948100383
exog-both,6,2,42001,84.64235382206402,71.48888584281887,47.01594343488896,25.584787814049918
exog-both,6,2,42025,85.80401810526871,74.00873164983193,45.982312576408994,19.581879351924226
exog-both,6,2,42049,119.35836343551638,108.27766679619828,58.39376911262863,21.33485050034828
exog-both,6,2,42073,105.75756286246668,92.02377780267982,69.10906033208096,33.934705736778675
exog-both,6,2,42097,101.40160077572092,88.51275088795526,75.78997047764288,37.943584254786415
exog-both,6,2,42121,96.07774930785536,83.86055856919684,69.12497131726995,32.35622241792126
exog-both,6,2,42145,83.03362374342412,68.54074155842002,58.367164811335904,8.664394044080195
exog-both,6,2,42169,75.8016301487099,52.48546374259248,52.761637643319816,-17.000044770497123
exog-both,6,2,42193,74.96165546217614,48.76326278005397,51.50689680650892,-19.46942775521978
exog-both,6,2,42217,51.95860739956194,39.28885889423887,61.41341059643365,19.65017480269513
exog-both,6,2,42241,68.81733371013766,58.14021767641372,71.5574550828994,56.60702724370067
exog-both,6,2,42265,74.31345612562099,61.5655420693052,69.97098400319129,60.573489753354025
exog-both,6,2,42289,60.51052563994084,51.198795291994806,61.76616754744744,50.31524751665663
exog-both,6,2,42313,87.93949081179709,78.63456199245691,90.74831052319196,73.28793293634607
exog-both,6,2,42337,96.58756718163131,82.47274951101983,104.84242837861376,81.73693631246675
exog-both,6,2,42361,112.09789974689237,92.0438110718224,114.92736661622278,91.4601968786019
exog-both,6,2,42385,105.23307411652534,89.4781243275995,108.19701398302098,89.32383281398086
exog-both,6,2,42409,76.16162915829702,65.56635119772238,89.02585000978674,59.79425840669906
exog-both,6,2,42433,64.39078790839453,53.18512041467623,85.81780816356238,41.20557241724782
exog-both,6,2,42457,59.3893322992279,50.2559724437766,90.9436454803175,39.93620655185861
exog-both,6,2,42481,74.87021513437232,64.65747333378982,101.31128573030335,63.709650371599245
exog-both,6,2,42505,73.98867177448575,62.83626945809834,91.26606388126064,61.286779029471866
exog-both,6,2,42529,50.518199771271625,39.9061933829406,87.13585252191187,35.27656457232733
exog-both,6,2,42553,57.4259694852292,40.07217677630109,82.45143840545249,5.3332564061029215
exog-both,6,2,42577,65.1232522814755,45.60444142551912,84.31684496111008,-4.453229517978592
exog-both,6,2,42601,65.43900094028857,53.97943878182917,94.83451755872248,21.97430721021804
exog-both,6,2,42625,63.1188338226037,54.60520382054377,91.05792379730995,23.14040417070646
exog-both,6,2,42649,88.2297683761901,68.84262338388085,73.52864178858567,-11.023112228776965
exog-both,6,2,42673,110.99922240173306,82.05979967318383,57.3736439409708,-62.279107344922274
exog-both,6,2,42697,110.0975530519938,84.70351994230693,59.91444628768715,-66.5355314937507
exog-both,6,2,42721,97.83539247777853,69.41768370399949,52.140811188909474,-54.46372285245417
exog-both,6,2,42745,95.9151498739692,71.22425606446879,51.53043504992518,-39.65357423699694
exog-both,6,2,42769,90.20613525706572,71.86703333599411,49.057888764963245,-29.316741014233724
exog-both,6,2,42793,99.32379864276844,83.60924322319563,55.86788621208603,-26.058698984470716
exog-both,6,2,42817,103.1316251955071,79.79470232797829,52.27369289034767,-27.581271362276706
exog-both,6,2,42841,88.26867240527206,65.2778704335449,57.23644842838799,-1.0571046343534525
exog-both,6,2,42865,90.68986352948738,71.25732487599234,58.27827478823798,31.11915424693206
exog-both,6,2,42889,91.1604753672984,68.66008237891285,51.17581200695129,5.600647508244471
exog-both,6,2,42913,78.70669774264618,56.53538070482554,57.24448383189228,-13.920445943232224
exog-both,6,2,42937,77.50484839368414,52.7359307792954,73.0924846684394,-14.519972737388011
exog-both,6,2,42961,72.26851607113493,46.027471574377245,57.45905818679711,-14.711952318243585
exog-both,6,2,42985,56.886607064668496,44.83519533402574,84.70493246960906,19.958346679544416
exog-both,6,2,43009,52.44511018891434,39.15713285184584,69.8068827055307,10.13691720928268
exog-both,6,2,43033,44.63859119017261,35.325404472281335,81.38112033126367,23.92588236955913
exog-both,6,2,43057,55.251706833912856,45.78799341751559,94.70310176124336,35.593393999585054
exog-both,6,2,43081,41.916072416027966,36.04026850474203,87.89903450890354,31.660284142060007
exog-both,6,2,43105,66.02554096831359,61.47546953303512,105.00359352143911,56.00897777352115
exog-both,6,2,43129,62.07578694704896,54.654030668483365,88.58897443070953,31.929613768862488
exog-both,6,2,43153,96.95802519610788,81.51338772666648,94.321378586935,21.69128792146215
exog-both,6,2,43177,73.52034375853124,53.90453393015444,70.02823565248545,-2.2603751894999795
exog-both,6,2,43201,86.88025050430024,61.97820629302481,84.65467635901175,-7.319011986136407
exog-both,6,2,43225,88.1440951672704,75.21122166165885,90.79469898937045,27.939883490896428
exog-both,6,2,43249,92.47362565337772,72.85533995094576,83.6525232250067,7.824221298966016
exog-both,6,2,43273,88.21031152093728,66.53216735879099,79.57914590345938,-5.8512007166157485
exog-both,6,2,43297,73.22788533565355,62.04366913162702,97.64529887535072,37.358762716260735
exog-both,6,2,43321,57.51471247933004,40.82751369131243,80.55047236507863,15.82702459203585
exog-both,6,2,43345,61.74496664505512,50.92844221589915,79.20464004423992,35.73937290864097
exog-both,6,2,43369,61.613615144369184,49.05858611651136,73.88991173239997,23.67844439215873
exog-both,6,2,43393,55.92476780813452,41.05712553916754,74.58394829248233,-1.378339639563298
exog-both,6,2,43417,51.79873931792778,37.46108005659397,75.60401380336044,5.939360939312167
exog-both,6,2,43441,38.71808316591871,31.282742357544645,66.22745579085144,8.330355734766814
exog-both,6,2,43465,48.985753790284335,43.797823147444674,73.47162311241023,23.19119855790888
exog-both,6,2,43489,43.750432234691445,34.87955870210104,67.2244954887651,-1.0903171066723214
exog-both,7,2,41641,87.37585075280946,62.77295690504015,55.34619082699459,-1.7058339989931277
exog-both,7,2,41665,126.01967423492472,89.04365811182905,57.52287572494774,-43.76802856670493
exog-both,7,2,41689,141.32632221799014,106.262206777174,62.24125085916338,-84.97372798496525
exog-both,7,2,41713,155.9447923083621,121.4915401579539,70.91510625128718,-107.53547539102712
exog-both,7,2,41737,154.98190664069546,119.023330134367,88.48820602272582,-113.68976266544962
exog-both,7,2,41761,135.39550368433726,103.04122689144936,98.03352010678576,-95.6300200152671
exog-both,7,2,41785,124.68824245498172,90.00159888313428,95.70145362966495,-83.46519237871651
exog-both,7,2,41809,92.41989313964795,65.19654897990247,90.1986608986249,-44.11891224556021
exog-both,7,2,41833,67.22431403170755,53.34686547778965,86.19318425820923,9.237720388174855
exog-both,7,2,41857,61.30832435886986,53.183481345837954,91.10093025559785,46.18962671533102
exog-both,7,2,41881,69.45489791357686,61.64373267464661,92.73243768836524,48.61546917999431
exog-both,7,2,41905,89.59731753165221,71.01212649933538,77.01254224382559,17.9484257040769
exog-both,7,2,41929,79.00806999410555,61.918184697605135,55.18911739207738,10.767087681831832
exog-both,7,2,41953,73.058418660233,58.306210823113794,49.553595287125,7.541274855803039
exog-both,7,2,41977,71.55128467045867,62.69477343792187,50.05633073824695,25.24162035730778
exog-both,7,2,42001,84.81697608717971,71.65575377848398,47.112637939469295,25.8624651531663
exog-both,7,2,42025,85.8144015939126,74.11452935162936,46.03594954537946,20.324941605083477
exog-both,7,2,42049,119.676584371243,108.8186704068584,58.58188502663948,22.480451743086345
exog-both,7,2,42073,106.12721613602008,92.355471774586,69.20097133448246,35.27902646145826
exog-both,7,2,42097,100.74532497341956,87.75069401186109,74.0007094122444,40.99369662571301
exog-both,7,2,42121,96.1399092147117,83.96476211649299,69.22444606960913,32.95731576410774
exog-both,7,2,42145,84.33019182901617,68.77718482960816,57.81667294038291,7.567248149961898
exog-both,7,2,42169,75.44962690578235,52.35007012037127,52.65438281044601,-16.527839006605614
exog-both,7,2,42193,74.73549408994687,48.68335534130555,51.36409450303636,-19.21555612119558
exog-both,7,2,42217,51.74344302567384,39.51565102610865,62.16590170689928,21.17977087519351
exog-both,7,2,42241,66.9675007487439,57.16322885430399,72.10880900432596,55.56750564542658
exog-both,7,2,42265,77.8793452083575,65.61711204235077,73.79446223017993,64.64771673444382
exog-both,7,2,42289,61.6699397096005,52.096806153853485,61.47588985505427,51.07492195643625
exog-both,7,2,42313,88.63516267008315,79.21982933471357,90.96701989414672,74.0565450909324
exog-both,7,2,42337,97.07137121094743,82.96649548829716,104.86620804507642,82.23747316451045
exog-both,7,2,42361,112.25148304833746,92.11079160965735,114.93351342916878,91.52121668447948
exog-both,7,2,42385,105.48148829143304,89.68229528313776,108.33965816121535,89.53245286682349
exog-both,7,2,42409,77.51165913870562,65.88011968162594,89.28765008764876,58.60073678923091
exog-both,7,2,42433,64.77124585259585,53.503426902616,85.95700255058651,41.67810714375311
exog-both,7,2,42457,61.849346651645554,52.92512828686056,94.90215337145428,42.78245226058221
exog-both,7,2,42481,75.55163453379399,65.29397296092326,101.64641577633782,64.35415845020968
exog-both,7,2,42505,72.13864453101095,62.69856634144923,92.91400341186008,61.50440875755993
exog-both,7,2,42529,50.93723605262922,40.29120882413368,87.04894372268015,35.78884909244069
exog-both,7,2,42553,57.87036204512872,40.63792866651367,81.73706901734317,7.342587474299042
exog-both,7,2,42577,65.19171372817723,45.8519659549593,83.69098984062104,-3.455879259046396
exog-both,7,2,42601,66.12949323077515,54.96599206522817,95.27300126246293,23.740575826755407
exog-both,7,2,42625,63.74815347013215,55.58713003447104,92.30756066388412,24.660214547268435
exog-both,7,2,42649,88.45011282680099,69.67674319350351,74.51250339690104,-9.611648409085475
exog-both,7,2,42673,110.98614695797484,82.42820214080955,58.08204396590203,-61.4720005476414
exog-both,7,2,42697,109.66582613695006,84.61997834942122,59.37305882620903,-65.30977390301925
exog-both,7,2,42721,98.72028133481378,71.88328181951125,54.230146872831575,-51.085312762340855
exog-both,7,2,42745,101.46732600646538,80.02313903731589,62.331911548771714,-34.389937807733
exog-both,7,2,42769,97.63429932077143,81.01952212553739,56.731939194672464,-23.17171090902257
exog-both,7,2,42793,98.9125651982176,84.28614491603912,56.61907942710833,-22.774138400961704
exog-both,7,2,42817,101.64592517329427,77.4819549756604,49.07325912401648,-27.977932122932955
exog-both,7,2,42841,88.56693133695545,65.8079343990926,57.52113108490787,0.0917086173465691
exog-both,7,2,42865,94.07318456800584,74.92082954080803,60.133003175999086,35.3642704008473
exog-both,7,2,42889,91.18938152453346,68.84311036085847,51.59198890441756,7.587958682592795
exog-both,7,2,42913,78.57334889908697,56.55648168188143,57.24780018357164,-12.930631231876212
exog-both,7,2,42937,77.53040047533248,52.91161441350884,72.88113845515583,-13.469052602334871
exog-both,7,2,42961,71.9415841611026,45.96356800758805,57.33315802911976,-13.539931661775588
exog-both,7,2,42985,57.21699324418947,45.94160589064692,82.81148273765166,19.285275339995916
exog-both,7,2,43009,52.327072996822686,37.788232023827405,67.70844831607936,8.690458632469445
exog-both,7,2,43033,45.06215623500511,35.76103094797844,81.7379137548039,24.515645102842512
exog-both,7,2,43057,55.58737597496485,46.17720775872501,95.1844821324242,36.07664457947453
exog-both,7,2,43081,44.4291565133667,38.61222222631598,90.26167025787092,34.23911489489675
exog-both,7,2,43105,63.204667714449485,58.42159028340612,103.0464609612265,53.57943621644296
exog-both,7,2,43129,69.89529499288938,63.76181224884902,95.9125527997028,44.07368172056282
exog-both,7,2,43153,97.21844402274216,82.04035930560632,94.6862237147197,22.72334351676988
exog-both,7,2,43177,73.34754950943022,54.19487066300317,70.08672361288106,-1.104210620067117
exog-both,7,2,43201,87.19897412102544,62.2413210454402,84.7301023577906,-7.216983246347944
exog-both,7,2,43225,88.13123806640188,75.65179522511156,91.3635339584901,28.59664824150676
exog-both,7,2,43249,92.89640496011612,73.29070387790436,83.91476114893237,8.127993060334301
exog-both,7,2,43273,88.39786701438092,66.98585039917342,80.18789721079756,-5.171236914074528
exog-both,7,2,43297,73.84622614950979,62.76829061478488,98.12333788672638,38.39270240053287
exog-both,7,2,43321,57.63584729004575,40.944776705622296,80.53779421856602,16.1719191354802
exog-both,7,2,43345,62.36914117430125,51.67950655969331,79.83758137992884,36.861047559676045
exog-both,7,2,43369,62.37644702516668,48.504260235019856,71.51933621327838,24.9548975451579
exog-both,7,2,43393,55.998598553843706,41.35960638896376,75.39716401069079,-0.5067474266506358
exog-both,7,2,43417,51.9197092985526,37.81652342524494,76.08479967076279,6.840600413573402
exog-both,7,2,43441,38.28877701297855,31.369321422899816,66.19349333806372,10.887815689089244
exog-both,7,2,43465,48.60612809276354,43.31276973649069,72.99421460377532,23.00237435153561
exog-both,7,2,43489,43.54391690884192,34.765607397191246,67.04527911421619,-0.6389708633931372
exog-both,8,2,41641,87.41085244359715,62.80331720289988,55.33591329960406,-1.6445217333141446
exog-both,8,2,41665,126.61788347749123,88.45748841591612,56.65436953317513,-46.52367734860125
exog-both,8,2,41689,141.3662777746405,106.26192243131727,62.26504400230554,-85.0395270791828
exog-both,8,2,41713,155.95849354921904,121.55453865717688,70.92496129726482,-107.43132616859826
exog-both,8,2,41737,154.9198197050683,118.95437348326996,88.38538247631628,-113.61484973492732
exog-both,8,2,41761,135.34519313192612,102.97950539831425,97.96669046164264,-95.55032799120316
exog-both,8,2,41785,124.674472935047,89.97610679306612,95.70933406452548,-83.43664203516146
exog-both,8,2,41809,92.4519662424879,65.22731672221774,90.01428525396898,-44.028574569039165
exog-both,8,2,41833,67.1708025609864,53.33376857322493,86.09190081962494,9.343973893183128
exog-both,8,2,41857,61.42551553446369,53.2857406592069,91.16825961409228,46.29747557849795
exog-both,8,2,41881,69.45883587443424,61.62934733052758,92.69925009046032,48.62240446786926
exog-both,8,2,41905,89.58504364889656,70.99490424823222,76.99598634465892,17.952150135877673
exog-both,8,2,41929,78.98813851938179,61.900668317001006,55.16923981722736,10.810764517329286
exog-both,8,2,41953,73.36309870141089,58.552853591989255,49.43829059273576,10.82792643187816
exog-both,8,2,41977,71.59658520440483,62.7718111247203,50.10975971015655,25.47922570248547
exog-both,8,2,42001,84.84364023204166,71.696786962793,47.14542254556494,25.955159477413968
exog-both,8,2,42025,90.50588952984243,78.11138197750597,48.138669615017406,20.75630696340465
exog-both,8,2,42049,119.83401069365684,109.070493776359,58.66982688673297,22.96948083505638
exog-both,8,2,42073,106.26748192571252,92.48489440537764,69.23255846907169,35.88680759039076
exog-both,8,2,42097,101.70769241827192,88.39666528793586,73.36770572379741,43.13075151116061
exog-both,8,2,42121,96.1581335019569,84.01296187386747,69.24647377336028,33.26423982280194
exog-both,8,2,42145,84.30622825628622,68.8006896830349,57.80926542610232,7.784779993538114
exog-both,8,2,42169,75.25805677341012,52.27917462686459,52.647409056402985,-16.3227933988391
exog-both,8,2,42193,74.5955140508179,48.63485887832227,51.341978818623225,-19.11419504654869
exog-both,8,2,42217,51.785119120837095,39.59660552589902,62.13868289470348,21.333268159053823
exog-both,8,2,42241,67.39049459829414,57.58795599176336,72.15061362025888,56.02184214603037
exog-both,8,2,42265,78.06103203948477,65.83877774395762,74.01502914660581,64.85907431534396
exog-both,8,2,42289,61.83027896709179,52.23915355388434,61.5074971382658,51.225491911131215
exog-both,8,2,42313,88.88758417822874,79.43420564492713,91.0477530193103,74.33901990618737
exog-both,8,2,42337,97.13638001225316,83.05253852913013,103.44346586824317,82.401960351495
exog-both,8,2,42361,112.27148699507518,92.09863061053272,114.887365834505,91.50647434269624
exog-both,8,2,42385,105.48736633166943,89.66574671604548,108.27560290556168,89.51587262314558
exog-both,8,2,42409,77.49726912172363,65.87734134232984,89.23656503000237,58.61781961247128
exog-both,8,2,42433,64.8131770065511,53.54530444603299,85.9957143567674,41.7333391667422
exog-both,8,2,42457,61.78607210480431,52.87693074512824,95.10492173627476,42.72853568851302
exog-both,8,2,42481,75.72120550381185,65.44134755197054,101.75249538055311,64.50109662950209
exog-both,8,2,42505,72.27720370822517,62.8254288127515,92.9886614052477,61.63814574762473
exog-both,8,2,42529,51.00781272674297,40.36968011098433,87.20895757804347,35.879250811877895
exog-both,8,2,42553,57.99139039459836,40.73637278400976,81.6322414960227,7.591260884053094
exog-both,8,2,42577,64.98445302406826,46.069347884498086,83.13085620482158,-2.3630985717568582
exog-both,8,2,42601,66.40883102005066,55.331188848675765,95.24202808420507,24.386023552636537
exog-both,8,2,42625,64.43900803234526,56.55768112927345,93.0073542356927,26.120930926280703
exog-both,8,2,42649,88.5390185020005,69.9473580414681,74.82355917913385,-9.210934214259913
exog-both,8,2,42673,111.04722608080208,82.63000541270229,58.387866481823146,-61.196752349040125
exog-both,8,2,42697,109.5323454044994,84.61513504003021,59.25707342438768,-64.86494067264962
exog-both,8,2,42721,98.65977436361464,72.02580120380273,54.48083886000384,-50.61857156726106
exog-both,8,2,42745,101.55896967994956,80.26284411712943,62.50643993391163,-33.881866436501184
exog-both,8,2,42769,97.68663717026192,81.25254377774483,56.97447065648661,-22.589643467115916
exog-both,8,2,42793,98.91116106190434,84.46380910836317,56.778591210477046,-22.154212163787108
exog-both,8,2,42817,100.04601054019084,76.46351548071945,52.06772902244939,-25.94913725223835
exog-both,8,2,42841,88.67811192750156,66.01406977999612,57.63671712846863,0.5184835263706304
exog-both,8,2,42865,94.4459169122928,75.32868033361679,60.2966826227812,36.0392846017197
exog-both,8,2,42889,91.35582942359162,69.06180832259557,51.317502975492246,8.196613636854734
exog-both,8,2,42913,77.79598907108195,55.71690610402787,56.1410524083679,-11.01029085780046
exog-both,8,2,42937,77.55321212366754,52.974576440056914,72.8277264749923,-13.09913427829865
exog-both,8,2,42961,71.85653428421612,45.96263831410046,57.29728081751672,-13.146617010807455
exog-both,8,2,42985,60.41063716931348,48.16847874555241,72.3130072689755,18.626317092104998
exog-both,8,2,43009,52.85753097590527,38.61282155077811,69.20880259010175,11.971206015794111
exog-both,8,2,43033,45.13105073667539,35.83045806872553,81.83485028664725,24.5430932896556
exog-both,8,2,43057,55.59427356425816,46.20676508217257,95.23681334561992,36.09382316395917
exog-both,8,2,43081,44.4996448858896,38.7466979431398,90.56407169134928,34.352285754411795
exog-both,8,2,43105,63.51118891662381,58.744972860706056,103.27246393033506,53.8777639502794
exog-both,8,2,43129,66.44752059535978,59.032659578902894,92.53035100598966,34.361673236827095
exog-both,8,2,43153,97.26256597402934,82.13454580853184,94.7495100395435,22.942979118162764
exog-both,8,2,43177,79.0720292663692,58.93230363984405,75.35615037461373,-1.0457428592329516
exog-both,8,2,43201,83.58045021490034,56.96996514698657,80.99267967259658,-15.9227759686939
exog-both,8,2,43225,88.09143493003715,75.65214700297695,91.38651986318509,28.64554007741541
exog-both,8,2,43249,93.04539203167236,73.32522502329522,83.86723116866948,7.958001784703908
exog-both,8,2,43273,88.50505797567432,67.06952897798904,80.29386870875967,-5.163422978618831
exog-both,8,2,43297,74.52473564920705,64.0232398411475,99.00473152116916,40.33256260944094
exog-both,8,2,43321,57.63322355526047,40.880660475547806,80.3669343602452,16.09772238977925
exog-both,8,2,43345,63.58656250829963,53.79866868387754,82.66081882572914,38.51721707017094
exog-both,8,2,43369,62.493724851748816,48.59492721803328,71.5330889550554,25.1717911262064
exog-both,8,2,43393,56.00059306938219,41.38914465398369,75.44918707680652,-0.3662901463799088
exog-both,8,2,43417,51.8745089527857,37.77982569923426,76.04787055396017,6.890742421113032
exog-both,8,2,43441,38.13299997668117,31.204979577520515,65.90384178424276,10.842381709498367
exog-both,8,2,43465,48.734279350376,43.42648539908926,73.0886355223362,23.19350417047388
exog-both,8,2,43489,43.42301179766595,34.597596564115314,66.7475236631011,-0.688740102558824
exog-both,9,2,41641,87.42860112449544,62.85580445054033,55.36930251519715,-1.5417061237631655
exog-both,9,2,41665,126.60293884904812,88.47245982457477,56.66941652010971,-46.45079438312679
exog-both,9,2,41689,141.3366728858022,106.24768938367394,62.25887919297809,-85.0142917372232
exog-both,9,2,41713,155.95083847258297,121.58211941407478,70.93769604272025,-107.35710293530056
exog-both,9,2,41737,154.86380018741426,118.90290071724355,88.33028453464047,-113.5532503047798
exog-both,9,2,41761,135.2515044766627,102.896219799188,97.91692524279657,-95.44709201093936
exog-both,9,2,41785,124.56058456827216,89.87970499639447,95.62399391005768,-83.31104277504852
exog-both,9,2,41809,92.41277411457256,65.21233240922294,89.90034902601131,-43.921365054698526
exog-both,9,2,41833,67.17175114380737,53.367959960906965,86.10973863015506,9.47311085305581
exog-both,9,2,41857,61.54798115320195,53.39474376579057,91.2419726008698,46.42594719093104
exog-both,9,2,41881,69.52251544207402,61.68045948915839,92.72947573634008,48.69923343427386
exog-both,9,2,41905,89.60688426759145,71.02618618843591,77.01144353247267,18.029336346425943
exog-both,9,2,41929,78.98807347170327,61.91895033435513,55.18091257909248,10.92023307253797
exog-both,9,2,41953,73.38693153393132,58.58322871042018,49.46782827790637,10.931840970085322
exog-both,9,2,41977,71.63395918690622,62.838714184520974,50.15795019884729,25.72075541803327
exog-both,9,2,42001,84.92846089870228,71.78686480424906,47.19417683851295,26.118200580990624
exog-both,9,2,42025,90.59183867676902,78.19878428446327,48.17726836445734,20.98345657053412
exog-both,9,2,42049,120.54186854632016,109.76781782271964,58.94568857081613,22.98263891025651
exog-both,9,2,42073,106.40589670932296,92.61952034245851,69.27264158840323,36.32003764530879
exog-both,9,2,42097,101.79622039592472,88.46081629292911,73.27848309213077,43.49864785724238
exog-both,9,2,42121,96.17255691890313,84.05529481112488,69.29042337371722,33.54908623953312
exog-both,9,2,42145,84.2690413093863,68.81661709009339,57.78287615968234,8.029779316908087
exog-both,9,2,42169,75.1112332756207,52.25306798002676,52.64763372827064,-16.078151005550257
exog-both,9,2,42193,74.49282061686928,48.614653752715626,51.26097525370452,-18.949109845110232
exog-both,9,2,42217,51.84335056421098,39.684050927006446,62.09995226193142,21.513949073785568
exog-both,9,2,42241,67.71842259773912,57.91892338596242,72.15447498825372,56.38141782235863
exog-both,9,2,42265,78.26884292944148,66.06101549257887,74.11983954092344,65.08398065728446
exog-both,9,2,42289,62.0040059167589,52.41100918024525,61.57812859125448,51.40819969401567
exog-both,9,2,42313,89.1430822336013,79.66070786183805,91.13589595807018,74.62506810904205
exog-both,9,2,42337,97.37921756584436,83.28977417897613,103.3677637016083,82.65112185418026
exog-both,9,2,42361,112.41720973762854,92.21722060406309,114.88664349179444,91.62900681795271
exog-both,9,2,42385,105.64390885506393,89.80320702080255,108.3398033457804,89.655873924373
exog-both,9,2,42409,77.60123106092695,65.97272680084059,89.28935124961941,58.73827123659864
exog-both,9,2,42433,64.92504040244827,53.64025934468822,86.05075730157222,41.8781800443895
exog-both,9,2,42457,61.87570811798271,52.9625227717919,95.20006253893864,42.824032182043375
exog-both,9,2,42481,79.90381684887706,68.61027311006141,101.46486580671964,67.44221735116425
exog-both,9,2,42505,72.48793028272475,63.03532726707379,93.16571711103796,61.85863900211433
exog-both,9,2,42529,51.16541120847396,40.51660971716469,87.19519112518839,36.07482700293235
exog-both,9,2,42553,58.09022882177738,40.83024681455282,81.51858471759371,7.887246510463076
exog-both,9,2,42577,65.01665777941787,46.1566940527935,83.00048892698504,-2.0150351358627123
exog-both,9,2,42601,66.63984528836578,55.63558857211578,95.27619961862936,24.92503509645297
exog-both,9,2,42625,64.70531026948308,56.90286990707188,92.94008656721756,26.67821124514367
exog-both,9,2,42649,88.58763070504516,70.18871371866686,75.10691604979687,-8.765633356704928
exog-both,9,2,42673,110.97909769750883,82.71096244884578,58.59197279957108,-60.88229235986415
exog-both,9,2,42697,109.35634571734796,84.55076032673811,59.04520004053133,-64.45011913867896
exog-both,9,2,42721,98.51334854239688,72.06425140664884,54.63603941612361,-50.18966885277144
exog-both,9,2,42745,101.55864943472584,80.42686203461778,62.63807141616911,-33.38054482567225
exog-both,9,2,42769,97.676928888118,81.41558505226692,57.15849085200979,-22.060962465685776
exog-both,9,2,42793,98.87843422505968,84.59659693386985,56.90772667466391,-21.607170959334024
exog-both,9,2,42817,100.05263608763484,76.57387862381518,51.93179172380417,-25.524739796589863
exog-both,9,2,42841,88.75715739609062,66.16474268274149,57.707954430808975,0.8934957320058418
exog-both,9,2,42865,94.73092007939395,75.64743046847286,60.44376788580348,36.542571663586486
exog-both,9,2,42889,91.47142338609088,69.22693495246007,51.1614352081108,8.70323125635104
exog-both,9,2,42913,77.74114719728831,55.69463232802519,56.06619607897269,-10.61566139397618
exog-both,9,2,42937,77.5454379057273,53.00907453961858,72.7787704710411,-12.771109017934217
exog-both,9,2,42961,71.76626014587275,45.958335041700494,57.2731248673984,-12.770646799157506
exog-both,9,2,42985,60.57148361264922,48.365552857858496,72.47043256909032,19.03307617572037
exog-both,9,2,43009,52.90860108178624,38.683206868362745,69.3443322626221,12.259613114506594
exog-both,9,2,43033,48.98280805324647,39.91497518410305,83.61355542201724,30.4747470711528
exog-both,9,2,43057,56.474852210672594,49.58971301674607,101.5387523198829,39.56244036930018
exog-both,9,2,43081,44.092145076102376,38.52401546606977,90.65533080687904,34.178500412558726
exog-both,9,2,43105,63.82951431096181,59.07152298922989,103.49452991349813,54.21905684198683
exog-both,9,2,43129,66.5726042600052,59.17734455431859,92.64287760933912,34.543439360850435
exog-both,9,2,43153,97.32887616834668,82.28384330206255,94.85142629639556,23.267502159882763
exog-both,9,2,43177,78.80771824323328,60.22633985076081,78.696716871273,2.757333649816858
exog-both,9,2,43201,83.58612375102174,56.99090981233691,80.97746830809992,-15.88545547064448
exog-both,9,2,43225,88.16093549292935,75.77069015257563,91.48550815108484,28.861887515645268
exog-both,9,2,43249,95.19224638661208,76.43797986873982,86.1985417742462,11.86867368533134
exog-both,9,2,43273,88.53832802453609,67.18746527131331,80.46813588555032,-4.939666582606497
exog-both,9,2,43297,74.77908507725994,64.30912111380262,99.19464106391592,40.70924767710967
exog-both,9,2,43321,57.69911962581715,40.96082742720941,80.46351494588934,16.240097848713383
exog-both,9,2,43345,63.81859665557982,54.06123242749278,82.8721406854517,38.89804152973166
exog-both,9,2,43369,62.64594688071933,48.767856023898126,71.7128634241728,25.49166808980616
exog-both,9,2,43393,56.020101620176895,41.50507084306861,75.6823029653991,-0.0518601004824047
exog-both,9,2,43417,51.9178244683951,37.90371127917332,76.2228948617638,7.170455068315781
exog-both,9,2,43441,39.39808365015925,32.63512640040799,69.21282780512692,12.501452060568004
exog-both,9,2,43465,48.96867069934635,43.66593598886412,73.30060768687694,23.572006972452076
exog-both,9,2,43489,43.36460888109328,34.56793820794349,66.68335130435055,-0.491745507705744
exog-both,10,2,41641,87.43581155653514,62.86587453967528,55.373233168677146,-1.5298523979687118
exog-both,10,2,41665,126.61190703221337,88.47366498985213,56.66007630668295,-46.45318621182035
exog-both,10,2,41689,141.3450180883871,106.25019655282664,62.27557667884896,-85.03512878845024
exog-both,10,2,41713,155.95921962263685,121.59893788014726,70.93783112256912,-107.34923751744228
exog-both,10,2,41737,154.84987602467126,118.89027054140682,88.31411350646202,-113.5420437624792
exog-both,10,2,41761,135.23356932997805,102.87835284528744,97.89108632242994,-95.4275628552418
exog-both,10,2,41785,124.53970752283377,89.86229009376783,95.60968929769332,-83.28962037089191
exog-both,10,2,41809,92.40163910511976,65.20846137780228,89.90081367203526,-43.89615375243687
exog-both,10,2,41833,67.17211606749996,53.37716814318682,86.08844623524351,9.50927943532915
exog-both,10,2,41857,61.57587434533654,53.418554373007446,91.25762747717437,46.45319750642185
exog-both,10,2,41881,69.53627873712199,61.68963544623706,92.73027249346002,48.71623000958189
exog-both,10,2,41905,89.62076302387631,71.04033005118237,77.01772499653656,18.05642031213656
exog-both,10,2,41929,78.9870604660173,61.9220839071933,55.1823545148367,10.958554251339608
exog-both,10,2,41953,73.38941621398159,58.58742206143573,49.46273919404928,10.963802736408942
exog-both,10,2,41977,71.64424006173705,62.85868745644417,50.17353239375173,25.804642498591598
exog-both,10,2,42001,84.95778141385031,71.81748340065263,47.2125916206087,26.17234820170956
exog-both,10,2,42025,90.62270932631743,78.22912362361826,48.19177877349117,21.06494857046026
exog-both,10,2,42049,120.60491099232956,109.86203092157363,58.97874779124079,23.15598552662821
exog-both,10,2,42073,106.4584306513828,92.67302848812984,69.290321003957,36.51325931551579
exog-both,10,2,42097,101.8353933471279,88.48685118641681,73.24502558158093,43.65670023252424
exog-both,10,2,42121,96.17482534199128,84.06597515556545,69.30086343949539,33.650433113782945
exog-both,10,2,42145,84.24797958309617,68.8088707575918,57.7674122257117,8.101036837828318
exog-both,10,2,42169,75.05459503095337,52.23387520120404,52.6417810273892,-16.007411866706025
exog-both,10,2,42193,74.45823611602096,48.6064914304748,51.24094347961447,-18.90781242289758
exog-both,10,2,42217,53.12628738421935,41.83038039857473,62.11676183993424,24.319695450305307
exog-both,10,2,42241,67.86174739037135,58.06484754877138,72.15152782714759,56.53854398350014
exog-both,10,2,42265,78.3506721990443,66.15443203343747,74.19714755093692,65.17561109668898
exog-both,10,2,42289,62.07012691854963,52.477361752033005,61.59400308351948,51.47802244211854
exog-both,10,2,42313,89.24620339986113,79.7557973303255,91.17471312178192,74.74185789919959
exog-both,10,2,42337,97.45905075363768,83.37282223153859,103.43635179767897,82.73365824719511
exog-both,10,2,42361,112.45725575905152,92.24547738570158,114.91569120616047,91.65512363008038
exog-both,10,2,42385,105.69210059533066,89.84489281910439,108.36009359147177,89.69784443029978
exog-both,10,2,42409,77.6304938867607,66.00606502274847,89.31621435358777,58.77853244725032
exog-both,10,2,42433,61.55657577867867,50.8413894522612,84.91259953063451,38.19085199677206
exog-both,10,2,42457,61.90080096573504,52.98894924560173,95.2859022325331,42.8480644736784
exog-both,10,2,42481,80.00043345079777,68.70117030488707,101.50387593101128,67.53743725498983
exog-both,10,2,42505,72.58020494100556,63.12746329149997,93.22584899590252,61.955403624496704
exog-both,10,2,42529,51.225885328756654,40.574903446340784,87.21491810221225,36.150791114667086
exog-both,10,2,42553,58.13326614407936,40.872341502395386,81.48739340913743,7.99964358747963
exog-both,10,2,42577,65.3511390849125,46.80517589953053,80.46231279666556,1.3240822472195375
exog-both,10,2,42601,66.73993310680042,55.76904353402584,95.31104213478716,25.16079114204887
exog-both,10,2,42625,64.82822376311326,57.0614796797424,92.93534739571604,26.92834777682804
exog-both,10,2,42649,88.61403676386583,70.29849069918495,75.23296108444721,-8.572734685899057
exog-both,10,2,42673,110.96197837047896,82.75574402315628,58.68552081265198,-60.753212366561954
exog-both,10,2,42697,109.28676973521316,84.52904225854715,58.97558015311358,-64.27423497654928
exog-both,10,2,42721,98.4695150385759,72.09657408250416,54.71549570528873,-50.01064138186507
exog-both,10,2,42745,101.55651714033615,80.49720873443728,62.69800849448816,-33.172955963365524
exog-both,10,2,42769,97.68228534530893,81.49492282174448,57.24438472996539,-21.83306678909476
exog-both,10,2,42793,98.87499231855948,84.6650380374046,56.970842118486416,-21.36738315783453
exog-both,10,2,42817,100.07285214937195,76.63749813666313,51.91179138911382,-25.34593001872463
exog-both,10,2,42841,88.80093101380432,66.23884696187315,57.74581150057383,1.0568740115278454
exog-both,10,2,42865,94.86363617950998,75.79737390816905,60.52002551593682,36.7669840209417
exog-both,10,2,42889,91.52729470991342,69.29870912612462,51.084716975225874,8.917214718065921
exog-both,10,2,42913,77.71645127333251,55.68491019433633,56.03714042887421,-10.451526587505375
exog-both,10,2,42937,77.54902374545975,53.027078392979774,72.75773906421948,-12.63385930999523
exog-both,10,2,42961,71.736482272376,45.96065770110274,57.24933001451776,-12.60708844253978
exog-both,10,2,42985,60.64309786067699,48.4528426747723,72.54885815463516,19.21595213312809
exog-both,10,2,43009,52.92360745897727,38.70457899468573,69.3848252392811,12.376935940341363
exog-both,10,2,43033,49.08388308126136,40.01874113296503,83.66854021779773,30.612360501272136
exog-both,10,2,43057,56.56700440679775,49.69116905158746,101.63293996094144,39.670808954278215
exog-both,10,2,43081,44.16037202182427,38.61246321166574,90.79516255330417,34.26648623975158
exog-both,10,2,43105,63.97804027344812,59.22593620267646,103.60201744223474,54.37254150371369
exog-both,10,2,43129,66.65701023279439,59.27617076665321,92.72139653563862,34.664116740282445
exog-both,10,2,43153,97.366937545219,82.36011214390258,94.90300157530972,23.415073405756925
exog-both,10,2,43177,78.81240953247816,60.28969652438865,78.75090708930654,2.934162046915503
exog-both,10,2,43201,83.59094507162918,56.993310216130254,81.00632233036713,-15.895391276181416
exog-both,10,2,43225,88.1804331833327,75.81773638609434,91.53230990359675,28.961484353951143
exog-both,10,2,43249,95.2652781425075,76.52971918050551,86.2592655476508,11.96338963408006
exog-both,10,2,43273,88.56553621533541,67.25244413755675,80.55769229189103,-4.842939079235161
exog-both,10,2,43297,74.88916145046522,64.4313457560955,99.27251791096712,40.87287043642405
exog-both,10,2,43321,57.72792266025349,40.99074245396802,80.50128064205202,16.30072958262562
exog-both,10,2,43345,63.92018322060847,54.17422891471886,82.95409784930841,39.07009277729594
exog-both,10,2,43369,62.72043608858351,48.84742721339634,71.78702703288535,25.63951191810621
exog-both,10,2,43393,56.31338795158229,42.72848495467395,79.10870408042722,1.963339659107626
exog-both,10,2,43417,51.94644016556087,37.96573796953202,76.29595128946107,7.299766778147544
exog-both,10,2,43441,39.40540384666883,32.668237913886024,69.26213207818641,12.610053894621252
exog-both,10,2,43465,49.074300348932425,43.77146353236392,73.39311657160056,23.738519973724564
exog-both,10,2,43489,43.34674225438005,34.565478645105145,66.68373054674275,-0.4116214131057394
